Date,Time,Location,City,State,Weather (2&3),Road Surface (6),Traffic Control Device (4),Intersection Type (7),Traffic Way Desc (8),Collision Manner (11),# of Involved Vehicles,Vehicle1 Configuration (21),Driver1 Contrib Code1 (25),Driver1 Contrib Code2 (25),Vehicle2 Configuration (21),Driver2 Contrib Code1 (25),Driver2 Contrib Code2 (25),Vehicle3 Configuration (21),Driver3 Contrib Code1 (25),Driver3 Contrib Code2 (25),Vehicle4 Configuration (21),Driver4 Contrib Code1 (25),Driver4 Contrib Code2 (25),Vehicle5 Configuration (21),Driver5 Contrib Code1 (25),Driver5 Contrib Code2 (25),Vehicle6 Configuration (21),Driver6 Contrib Code1 (25),Driver6 Contrib Code2 (25),Vehicle7 Configuration (21),Driver7 Contrib Code1 (25),Driver7 Contrib Code2 (25),Bicycle,Pedestrian,Non-MV,Non-Motorist Location (16),Non-Motorist Action (15),Non-Motorist Type,Manner of Non-Motorist (Person) Collision,Injury,Multiple,Gender1,Age1,Severity1,Hospital1,Gender2,Age2,Severity2,Hospital2,Gender3,Age3,Severity3,Hospital3,Gender4,Age4,Severity4,Hospital4,Gender5,Age5,Severity5,Hospital5,City Vehicle?,Notes,column 65,column 66,column 67,column 68,column 69,column 70,column 71,column 72,column 73,column 74,column 75,column 76,column 77,column 78,column 79,column 80,column 81,column 82,column 83,column 84,column 85,column 86,column 87,column 88,column 89
07/31/2010,21:23,231 HIGHLAND AVENUE,Somerville,MA,,,,,,,,,,,,,,,,,,,,,,,,,,,,,0,0,0,,,,,0,,,,,,,,,,,,,,,,,,,,,,0,,,,,,,,,,,,,,,,,,,,,,,,,,
08/01/2010,6:02,WILLOW AVENUE & HIGHLAND AVENUE,Somerville,MA,,,,,,,,,,,,,,,,,,,,,,,,,,,,,0,0,0,,,,,0,,,,,,,,,,,,,,,,,,,,,,0,,,,,,,,,,,,,,,,,,,,,,,,,,
08/01/2010,7:40,7 HINCKLEY STREET,Somerville,MA,,,,,,,,,,,,,,,,,,,,,,,,,,,,,0,0,0,,,,,0,,,,,,,,,,,,,,,,,,,,,,0,,,,,,,,,,,,,,,,,,,,,,,,,,
08/03/2010,11:24,1087 BROADWAY,Somerville,MA,,,,,,,,,,,,,,,,,,,,,,,,,,,,,0,0,0,,,,,1,,,,,,,,,,,,,,,,,,,,,,0,,,,,,,,,,,,,,,,,,,,,,,,,,
08/04/2010,17:26,WASHINGTON STREET & HAWKINS STREET,Somerville,MA,,,,,,,,,,,,,,,,,,,,,,,,,,,,,0,0,0,,,,,1,,,,,,,,,,,,,,,,,,,,,,0,,,,,,,,,,,,,,,,,,,,,,,,,,
08/04/2010,18:05,WASHINGTON STREET & HAWKINS STREET,Somerville,MA,,,,,,,,,,,,,,,,,,,,,,,,,,,,,0,0,0,,,,,1,,,,,,,,,,,,,,,,,,,,,,0,,,,,,,,,,,,,,,,,,,,,,,,,,
08/06/2010,2:00,PARK STREET & BEACON STREET,Somerville,MA,,,,,,,,,,,,,,,,,,,,,,,,,,,,,0,0,0,,,,,0,,,,,,,,,,,,,,,,,,,,,,0,,,,,,,,,,,,,,,,,,,,,,,,,,
08/06/2010,8:50,WILLOW AVENUE & MORRISON AVENUE,Somerville,MA,,,,,,,,,,,,,,,,,,,,,,,,,,,,,0,0,0,,,,,0,,,,,,,,,,,,,,,,,,,,,,0,,,,,,,,,,,,,,,,,,,,,,,,,,
08/07/2010,13:37,10 WARREN AVENUE,Somerville,MA,,,,,,,,,,,,,,,,,,,,,,,,,,,,,0,0,0,,,,,0,,,,,,,,,,,,,,,,,,,,,,0,,,,,,,,,,,,,,,,,,,,,,,,,,
08/07/2010,14:59,52 UNION SQUARE,Somerville,MA,,,,,,,,,,,,,,,,,,,,,,,,,,,,,0,0,0,,,,,0,,,,,,,,,,,,,,,,,,,,,,0,,,,,,,,,,,,,,,,,,,,,,,,,,
08/07/2010,15:15,BROADWAY & MEDFORD STREET,Somerville,MA,,,,,,,,,,,,,,,,,,,,,,,,,,,,,0,0,0,,,,,0,,,,,,,,,,,,,,,,,,,,,,0,,,,,,,,,,,,,,,,,,,,,,,,,,
08/08/2010,12:48,114 BROADWAY,Somerville,MA,,,,,,,,,,,,,,,,,,,,,,,,,,,,,0,0,0,,,,,1,,,,,,,,,,,,,,,,,,,,,,0,,,,,,,,,,,,,,,,,,,,,,,,,,
08/09/2010,12:38,MEDFORD STREET & SOMERVILLE AVENUE,Somerville,MA,,,,,,,,,,,,,,,,,,,,,,,,,,,,,0,0,0,,,,,0,,,,,,,,,,,,,,,,,,,,,,0,,,,,,,,,,,,,,,,,,,,,,,,,,
08/09/2010,18:32,ARLINGTON STREET & LINCOLN STREET,Somerville,MA,,,,,,,,,,,,,,,,,,,,,,,,,,,,,0,0,0,,,,,0,,,,,,,,,,,,,,,,,,,,,,0,,,,,,,,,,,,,,,,,,,,,,,,,,
08/09/2010,18:46,75 UNION SQUARE,Somerville,MA,,,,,,,,,,,,,,,,,,,,,,,,,,,,,0,0,0,,,,,0,,,,,,,,,,,,,,,,,,,,,,0,,,,,,,,,,,,,,,,,,,,,,,,,,
08/10/2010,20:15,SYCAMORE STREET & WILLOUGHBY STREET,Somerville,MA,,,,,,,,,,,,,,,,,,,,,,,,,,,,,0,1,0,,,,,1,,,,,,,,,,,,,,,,,,,,,,0,,,,,,,,,,,,,,,,,,,,,,,,,,
08/11/2010,8:30,SUMMER STREET & CUTLER STREET,Somerville,MA,,,,,,,,,,,,,,,,,,,,,,,,,,,,,0,0,0,,,,,0,,,,,,,,,,,,,,,,,,,,,,0,,,,,,,,,,,,,,,,,,,,,,,,,,
08/12/2010,10:31,GLEN STREET & TUFTS STREET,Somerville,MA,,,,,,,,,,,,,,,,,,,,,,,,,,,,,0,0,0,,,,,0,,,,,,,,,,,,,,,,,,,,,,0,,,,,,,,,,,,,,,,,,,,,,,,,,
08/12/2010,14:50,LOWELL STREET & ALBION STREET,Somerville,MA,,,,,,,,,,,,,,,,,,,,,,,,,,,,,0,0,0,,,,,1,,,,,,,,,,,,,,,,,,,,,,0,,,,,,,,,,,,,,,,,,,,,,,,,,
08/13/2010,8:27,22 COLLEGE AVENUE,Somerville,MA,,,,,,,,,,,,,,,,,,,,,,,,,,,,,0,0,0,,,,,0,,,,,,,,,,,,,,,,,,,,,,0,,,,,,,,,,,,,,,,,,,,,,,,,,
08/13/2010,7:14,ELM STREET & PORTER STREET,Somerville,MA,,,,,,,,,,,,,,,,,,,,,,,,,,,,,0,1,0,,,,,1,,,,,,,,,,,,,,,,,,,,,,0,,,,,,,,,,,,,,,,,,,,,,,,,,
08/13/2010,18:20,312 BEACON STREET,Somerville,MA,,,,,,,,,,,,,,,,,,,,,,,,,,,,,1,0,0,,,,,1,,,,,,,,,,,,,,,,,,,,,,0,,,,,,,,,,,,,,,,,,,,,,,,,,
08/14/2010,14:27,483 MEDFORD STREET,Somerville,MA,,,,,,,,,,,,,,,,,,,,,,,,,,,,,0,0,0,,,,,0,,,,,,,,,,,,,,,,,,,,,,0,,,,,,,,,,,,,,,,,,,,,,,,,,
08/15/2010,8:12,741 SOMERVILLE AVENUE,Somerville,MA,,,,,,,,,,,,,,,,,,,,,,,,,,,,,0,0,0,,,,,0,,,,,,,,,,,,,,,,,,,,,,0,,,,,,,,,,,,,,,,,,,,,,,,,,
08/15/2010,11:45,68 HOLLAND STREET,Somerville,MA,,,,,,,,,,,,,,,,,,,,,,,,,,,,,0,0,0,,,,,0,,,,,,,,,,,,,,,,,,,,,,0,,,,,,,,,,,,,,,,,,,,,,,,,,
08/15/2010,15:07,165 MIDDLESEX AVENUE,Somerville,MA,,,,,,,,,,,,,,,,,,,,,,,,,,,,,0,0,0,,,,,0,,,,,,,,,,,,,,,,,,,,,,0,,,,,,,,,,,,,,,,,,,,,,,,,,
08/16/2010,8:51,COLLEGE AVENUE & PARK AVENUE,Somerville,MA,,,,,,,,,,,,,,,,,,,,,,,,,,,,,0,0,0,,,,,0,,,,,,,,,,,,,,,,,,,,,,0,,,,,,,,,,,,,,,,,,,,,,,,,,
08/16/2010,17:57,MEDFORD STREET & WARD STREET,Somerville,MA,,,,,,,,,,,,,,,,,,,,,,,,,,,,,0,0,0,,,,,1,,,,,,,,,,,,,,,,,,,,,,0,,,,,,,,,,,,,,,,,,,,,,,,,,
08/17/2010,13:07,91 HIGHLAND AVENUE,Somerville,MA,,,,,,,,,,,,,,,,,,,,,,,,,,,,,0,0,0,,,,,1,,,,,,,,,,,,,,,,,,,,,,0,,,,,,,,,,,,,,,,,,,,,,,,,,
08/18/2010,13:18,53 CEDAR STREET,Somerville,MA,,,,,,,,,,,,,,,,,,,,,,,,,,,,,0,0,0,,,,,0,,,,,,,,,,,,,,,,,,,,,,0,,,,,,,,,,,,,,,,,,,,,,,,,,
08/19/2010,1:00,143 BOSTON AVENUE,Somerville,MA,,,,,,,,,,,,,,,,,,,,,,,,,,,,,0,0,0,,,,,0,,,,,,,,,,,,,,,,,,,,,,0,,,,,,,,,,,,,,,,,,,,,,,,,,
08/20/2010,20:42,MIDDLESEX AVENUE,Somerville,MA,,,,,,,,,,,,,,,,,,,,,,,,,,,,,0,0,0,,,,,1,,,,,,,,,,,,,,,,,,,,,,0,,,,,,,,,,,,,,,,,,,,,,,,,,
08/22/2010,11:04,55 DANE AVENUE,Somerville,MA,,,,,,,,,,,,,,,,,,,,,,,,,,,,,0,0,0,,,,,1,,,,,,,,,,,,,,,,,,,,,,0,,,,,,,,,,,,,,,,,,,,,,,,,,
08/22/2010,23:05,307 SOMERVILLE AVENUE,Somerville,MA,,,,,,,,,,,,,,,,,,,,,,,,,,,,,0,0,0,,,,,0,,,,,,,,,,,,,,,,,,,,,,0,,,,,,,,,,,,,,,,,,,,,,,,,,
08/22/2010,9:45,379 BROADWAY,Somerville,MA,,,,,,,,,,,,,,,,,,,,,,,,,,,,,0,1,0,,,,,1,,,,,,,,,,,,,,,,,,,,,,0,,,,,,,,,,,,,,,,,,,,,,,,,,
08/24/2010,9:25,62 BROADWAY,Somerville,MA,,,,,,,,,,,,,,,,,,,,,,,,,,,,,0,0,0,,,,,0,,,,,,,,,,,,,,,,,,,,,,0,,,,,,,,,,,,,,,,,,,,,,,,,,
08/24/2010,13:37,HOLLAND STREET & PAULINA STREET,Somerville,MA,,,,,,,,,,,,,,,,,,,,,,,,,,,,,0,0,0,,,,,1,,,,,,,,,,,,,,,,,,,,,,0,,,,,,,,,,,,,,,,,,,,,,,,,,
08/24/2010,14:50,HIGHLAND AVENUE & PRESCOTT STREET,Somerville,MA,,,,,,,,,,,,,,,,,,,,,,,,,,,,,0,0,0,,,,,0,,,,,,,,,,,,,,,,,,,,,,0,,,,,,,,,,,,,,,,,,,,,,,,,,
08/24/2010,20:20,CENTRAL STREET & SUMMER STREET,Somerville,MA,,,,,,,,,,,,,,,,,,,,,,,,,,,,,0,0,0,,,,,1,,,,,,,,,,,,,,,,,,,,,,0,,,,,,,,,,,,,,,,,,,,,,,,,,
08/26/2010,0:00,NEW WASHINGTON STREET,Somerville,MA,,,,,,,,,,,,,,,,,,,,,,,,,,,,,0,0,0,,,,,0,,,,,,,,,,,,,,,,,,,,,,0,,,,,,,,,,,,,,,,,,,,,,,,,,
08/26/2010,7:57,19 WALNUT STREET,Somerville,MA,,,,,,,,,,,,,,,,,,,,,,,,,,,,,0,0,0,,,,,0,,,,,,,,,,,,,,,,,,,,,,0,,,,,,,,,,,,,,,,,,,,,,,,,,
08/28/2010,12:00,BROADWAY & MARSHALL STREET,Somerville,MA,,,,,,,,,,,,,,,,,,,,,,,,,,,,,0,0,0,,,,,0,,,,,,,,,,,,,,,,,,,,,,0,,,,,,,,,,,,,,,,,,,,,,,,,,
08/28/2010,21:12,133 SUMMER STREET,Somerville,MA,,,,,,,,,,,,,,,,,,,,,,,,,,,,,0,0,0,,,,,0,,,,,,,,,,,,,,,,,,,,,,0,,,,,,,,,,,,,,,,,,,,,,,,,,
08/29/2010,10:44,HOLLAND STREET & PAULINA STREET,Somerville,MA,,,,,,,,,,,,,,,,,,,,,,,,,,,,,0,0,0,,,,,1,,,,,,,,,,,,,,,,,,,,,,0,,,,,,,,,,,,,,,,,,,,,,,,,,
08/30/2010,23:35,216 SOMERVILLE AVENUE,Somerville,MA,,,,,,,,,,,,,,,,,,,,,,,,,,,,,0,0,0,,,,,0,,,,,,,,,,,,,,,,,,,,,,0,,,,,,,,,,,,,,,,,,,,,,,,,,
08/31/2010,15:03,35 PEARL STREET,Somerville,MA,,,,,,,,,,,,,,,,,,,,,,,,,,,,,1,0,0,,,,,1,,,,,,,,,,,,,,,,,,,,,,0,,,,,,,,,,,,,,,,,,,,,,,,,,
09/01/2010,1:40,MEAD STREET & MOORE STREET,Somerville,MA,,,,,,,,,,,,,,,,,,,,,,,,,,,,,0,0,0,,,,,0,,,,,,,,,,,,,,,,,,,,,,0,,,,,,,,,,,,,,,,,,,,,,,,,,
09/01/2010,17:16,277 HIGHLAND AVENUE,Somerville,MA,,,,,,,,,,,,,,,,,,,,,,,,,,,,,0,0,0,,,,,1,,,,,,,,,,,,,,,,,,,,,,0,,,,,,,,,,,,,,,,,,,,,,,,,,
09/02/2010,8:12,196 CEDAR STREET,Somerville,MA,,,,,,,,,,,,,,,,,,,,,,,,,,,,,0,0,0,,,,,0,,,,,,,,,,,,,,,,,,,,,,0,,,,,,,,,,,,,,,,,,,,,,,,,,
09/03/2010,12:15,28 GRANT STREET,Somerville,MA,,,,,,,,,,,,,,,,,,,,,,,,,,,,,0,0,0,,,,,1,,,,,,,,,,,,,,,,,,,,,,0,,,,,,,,,,,,,,,,,,,,,,,,,,
09/03/2010,13:22,7 WASHINGTON STREET,Somerville,MA,,,,,,,,,,,,,,,,,,,,,,,,,,,,,0,0,0,,,,,0,,,,,,,,,,,,,,,,,,,,,,0,,,,,,,,,,,,,,,,,,,,,,,,,,
09/03/2010,13:25,400 SOMERVILLE AVENUE,Somerville,MA,,,,,,,,,,,,,,,,,,,,,,,,,,,,,0,1,0,,,,,1,,,,,,,,,,,,,,,,,,,,,,0,,,,,,,,,,,,,,,,,,,,,,,,,,
09/04/2010,22:01,642 SOMERVILLE AVENUE,Somerville,MA,,,,,,,,,,,,,,,,,,,,,,,,,,,,,0,0,0,,,,,1,,,,,,,,,,,,,,,,,,,,,,0,,,,,,,,,,,,,,,,,,,,,,,,,,
09/06/2010,22:17,PEARL STREET & WALNUT STREET,Somerville,MA,,,,,,,,,,,,,,,,,,,,,,,,,,,,,0,0,0,,,,,0,,,,,,,,,,,,,,,,,,,,,,0,,,,,,,,,,,,,,,,,,,,,,,,,,
09/06/2010,23:28,HINCKLEY STREET & FISKE AVENUE,Somerville,MA,,,,,,,,,,,,,,,,,,,,,,,,,,,,,0,1,0,,,,,1,,,,,,,,,,,,,,,,,,,,,,0,,,,,,,,,,,,,,,,,,,,,,,,,,
09/07/2010,17:48,BROADWAY & ADAMS STREET,Somerville,MA,,,,,,,,,,,,,,,,,,,,,,,,,,,,,0,0,0,,,,,0,,,,,,,,,,,,,,,,,,,,,,0,,,,,,,,,,,,,,,,,,,,,,,,,,
09/07/2010,20:07,153 HIGHLAND AVENUE,Somerville,MA,,,,,,,,,,,,,,,,,,,,,,,,,,,,,0,1,0,,,,,1,,,,,,,,,,,,,,,,,,,,,,0,,,,,,,,,,,,,,,,,,,,,,,,,,
09/08/2010,12:52,WASHINGTON STREET & CALVIN STREET,Somerville,MA,,,,,,,,,,,,,,,,,,,,,,,,,,,,,0,0,0,,,,,0,,,,,,,,,,,,,,,,,,,,,,0,,,,,,,,,,,,,,,,,,,,,,,,,,
09/08/2010,12:00,WASHINGTON STREET & JOY STREET,Somerville,MA,,,,,,,,,,,,,,,,,,,,,,,,,,,,,1,0,0,,,,,1,,,,,,,,,,,,,,,,,,,,,,0,,,,,,,,,,,,,,,,,,,,,,,,,,
09/09/2010,13:30,MEDFORD STREET,Somerville,MA,,,,,,,,,,,,,,,,,,,,,,,,,,,,,0,0,0,,,,,0,,,,,,,,,,,,,,,,,,,,,,0,,,,,,,,,,,,,,,,,,,,,,,,,,
09/10/2010,17:31,SOMERVILLE AVENUE & UNION SQUARE,Somerville,MA,,,,,,,,,,,,,,,,,,,,,,,,,,,,,0,0,0,,,,,0,,,,,,,,,,,,,,,,,,,,,,0,,,,,,,,,,,,,,,,,,,,,,,,,,
09/11/2010,12:25,981 BROADWAY,Somerville,MA,,,,,,,,,,,,,,,,,,,,,,,,,,,,,0,0,0,,,,,1,,,,,,,,,,,,,,,,,,,,,,0,,,,,,,,,,,,,,,,,,,,,,,,,,
09/11/2010,16:47,SUMMER STREET & CHERRY STREET,Somerville,MA,,,,,,,,,,,,,,,,,,,,,,,,,,,,,0,0,0,,,,,1,,,,,,,,,,,,,,,,,,,,,,0,,,,,,,,,,,,,,,,,,,,,,,,,,
09/11/2010,14:30,CENTRAL STREET & HIGHLAND AVENUE,Somerville,MA,,,,,,,,,,,,,,,,,,,,,,,,,,,,,1,0,0,,,,,1,,,,,,,,,,,,,,,,,,,,,,0,,,,,,,,,,,,,,,,,,,,,,,,,,
09/11/2010,21:43,SACRAMENTO STREET & BEACON STREET,Somerville,MA,,,,,,,,,,,,,,,,,,,,,,,,,,,,,1,0,0,,,,,1,,,,,,,,,,,,,,,,,,,,,,0,,,,,,,,,,,,,,,,,,,,,,,,,,
09/12/2010,16:00,40 VINAL AVENUE,Somerville,MA,,,,,,,,,,,,,,,,,,,,,,,,,,,,,0,0,0,,,,,0,,,,,,,,,,,,,,,,,,,,,,0,,,,,,,,,,,,,,,,,,,,,,,,,,
09/12/2010,22:09,MYSTIC AVENUE & STURTEVANT STREET & NEW RD,Somerville,MA,,,,,,,,,,,,,,,,,,,,,,,,,,,,,0,0,0,,,,,0,,,,,,,,,,,,,,,,,,,,,,0,,,,,,,,,,,,,,,,,,,,,,,,,,
09/13/2010,17:28,GILMAN STREET & WALNUT STREET,Somerville,MA,,,,,,,,,,,,,,,,,,,,,,,,,,,,,0,0,0,,,,,0,,,,,,,,,,,,,,,,,,,,,,0,,,,,,,,,,,,,,,,,,,,,,,,,,
09/14/2010,12:00,326 BROADWAY,Somerville,MA,,,,,,,,,,,,,,,,,,,,,,,,,,,,,0,0,0,,,,,0,,,,,,,,,,,,,,,,,,,,,,0,,,,,,,,,,,,,,,,,,,,,,,,,,
09/14/2010,13:04,120 SAWYER AVENUE & PACKARD AVENUE,Somerville,MA,,,,,,,,,,,,,,,,,,,,,,,,,,,,,0,0,0,,,,,0,,,,,,,,,,,,,,,,,,,,,,0,,,,,,,,,,,,,,,,,,,,,,,,,,
09/15/2010,19:41,BROADWAY & MEDFORD STREET,Somerville,MA,,,,,,,,,,,,,,,,,,,,,,,,,,,,,0,0,0,,,,,1,,,,,,,,,,,,,,,,,,,,,,0,,,,,,,,,,,,,,,,,,,,,,,,,,
09/17/2010,13:21,COLLEGE AVENUE & CHAPEL STREET,Somerville,MA,,,,,,,,,,,,,,,,,,,,,,,,,,,,,0,0,0,,,,,1,,,,,,,,,,,,,,,,,,,,,,0,,,,,,,,,,,,,,,,,,,,,,,,,,
09/17/2010,16:35,SOMERVILLE AVENUE & PROSPECT STREET,Somerville,MA,,,,,,,,,,,,,,,,,,,,,,,,,,,,,0,0,0,,,,,0,,,,,,,,,,,,,,,,,,,,,,0,,,,,,,,,,,,,,,,,,,,,,,,,,
09/18/2010,6:00,180 SOMERVILLE AVENUE,Somerville,MA,,,,,,,,,,,,,,,,,,,,,,,,,,,,,0,0,0,,,,,0,,,,,,,,,,,,,,,,,,,,,,0,,,,,,,,,,,,,,,,,,,,,,,,,,
09/18/2010,6:00,35 PARTRIDGE AVENUE,Somerville,MA,,,,,,,,,,,,,,,,,,,,,,,,,,,,,0,0,0,,,,,0,,,,,,,,,,,,,,,,,,,,,,0,,,,,,,,,,,,,,,,,,,,,,,,,,
09/18/2010,15:59,SUMMER STREET & SCHOOL STREET,Somerville,MA,,,,,,,,,,,,,,,,,,,,,,,,,,,,,0,0,0,,,,,0,,,,,,,,,,,,,,,,,,,,,,0,,,,,,,,,,,,,,,,,,,,,,,,,,
09/18/2010,21:43,CUTTER AVENUE & HIGHLAND AVENUE,Somerville,MA,,,,,,,,,,,,,,,,,,,,,,,,,,,,,0,0,0,,,,,0,,,,,,,,,,,,,,,,,,,,,,0,,,,,,,,,,,,,,,,,,,,,,,,,,
09/19/2010,18:22,SUMMER STREET & SCHOOL STREET,Somerville,MA,,,,,,,,,,,,,,,,,,,,,,,,,,,,,0,0,0,,,,,0,,,,,,,,,,,,,,,,,,,,,,0,,,,,,,,,,,,,,,,,,,,,,,,,,
09/20/2010,10:36,STONE AVENUE Rte 28,Somerville,MA,,,,,,,,,,,,,,,,,,,,,,,,,,,,,0,0,0,,,,,0,,,,,,,,,,,,,,,,,,,,,,0,,,,,,,,,,,,,,,,,,,,,,,,,,
09/20/2010,21:37,182 BROADWAY,Somerville,MA,,,,,,,,,,,,,,,,,,,,,,,,,,,,,0,0,0,,,,,0,,,,,,,,,,,,,,,,,,,,,,0,,,,,,,,,,,,,,,,,,,,,,,,,,
09/20/2010,20:20,BROADWAY & WILLIAMS STREET,Somerville,MA,,,,,,,,,,,,,,,,,,,,,,,,,,,,,1,0,0,,,,,1,,,,,,,,,,,,,,,,,,,,,,0,,,,,,,,,,,,,,,,,,,,,,,,,,
09/21/2010,22:14,290 BEACON STREET,Somerville,MA,,,,,,,,,,,,,,,,,,,,,,,,,,,,,0,0,0,,,,,0,,,,,,,,,,,,,,,,,,,,,,0,,,,,,,,,,,,,,,,,,,,,,,,,,
09/23/2010,7:13,BROADWAY & SCHOOL STREET,Somerville,MA,,,,,,,,,,,,,,,,,,,,,,,,,,,,,0,0,0,,,,,1,,,,,,,,,,,,,,,,,,,,,,0,,,,,,,,,,,,,,,,,,,,,,,,,,
09/23/2010,19:26,HEATH STREET & TEMPLE STREET,Somerville,MA,,,,,,,,,,,,,,,,,,,,,,,,,,,,,0,0,0,,,,,0,,,,,,,,,,,,,,,,,,,,,,0,,,,,,,,,,,,,,,,,,,,,,,,,,
09/24/2010,6:30,645 BROADWAY,Somerville,MA,,,,,,,,,,,,,,,,,,,,,,,,,,,,,0,0,0,,,,,0,,,,,,,,,,,,,,,,,,,,,,0,,,,,,,,,,,,,,,,,,,,,,,,,,
09/24/2010,18:21,RANDOLPH PLACE,Somerville,MA,,,,,,,,,,,,,,,,,,,,,,,,,,,,,0,0,0,,,,,0,,,,,,,,,,,,,,,,,,,,,,0,,,,,,,,,,,,,,,,,,,,,,,,,,
09/25/2010,2:20,57 BONAIR AVENUE,Somerville,MA,,,,,,,,,,,,,,,,,,,,,,,,,,,,,0,0,0,,,,,0,,,,,,,,,,,,,,,,,,,,,,0,,,,,,,,,,,,,,,,,,,,,,,,,,
09/25/2010,2:30,205 COLLEGE AVENUE,Somerville,MA,,,,,,,,,,,,,,,,,,,,,,,,,,,,,0,0,0,,,,,0,,,,,,,,,,,,,,,,,,,,,,0,,,,,,,,,,,,,,,,,,,,,,,,,,
09/25/2010,11:54,939 BROADWAY,Somerville,MA,,,,,,,,,,,,,,,,,,,,,,,,,,,,,0,0,0,,,,,0,,,,,,,,,,,,,,,,,,,,,,0,,,,,,,,,,,,,,,,,,,,,,,,,,
09/25/2010,23:16,WASHINGTON STREET & PINCKNEY STREET,Somerville,MA,,,,,,,,,,,,,,,,,,,,,,,,,,,,,0,0,0,,,,,1,,,,,,,,,,,,,,,,,,,,,,0,,,,,,,,,,,,,,,,,,,,,,,,,,
09/27/2010,10:50,93 MYRTLE STREET,Somerville,MA,,,,,,,,,,,,,,,,,,,,,,,,,,,,,0,0,0,,,,,0,,,,,,,,,,,,,,,,,,,,,,0,,,,,,,,,,,,,,,,,,,,,,,,,,
09/27/2010,16:00,49 HOLLAND STREET,Somerville,MA,,,,,,,,,,,,,,,,,,,,,,,,,,,,,0,0,0,,,,,0,,,,,,,,,,,,,,,,,,,,,,0,,,,,,,,,,,,,,,,,,,,,,,,,,
09/29/2010,20:36,BOSTON AVENUE & ALEWFE BROOK PARKWAY Rte 16,Somerville,MA,,,,,,,,,,,,,,,,,,,,,,,,,,,,,0,0,0,,,,,1,,,,,,,,,,,,,,,,,,,,,,0,,,,,,,,,,,,,,,,,,,,,,,,,,
09/29/2010,22:10,SOMERVILLE AVENUE & QUINCY STREET,Somerville,MA,,,,,,,,,,,,,,,,,,,,,,,,,,,,,1,0,0,,,,,1,,,,,,,,,,,,,,,,,,,,,,0,,,,,,,,,,,,,,,,,,,,,,,,,,
09/30/2010,9:40,INNER BELT ROAD & WASHINGTON STREET,Somerville,MA,,,,,,,,,,,,,,,,,,,,,,,,,,,,,0,0,0,,,,,0,,,,,,,,,,,,,,,,,,,,,,0,,,,,,,,,,,,,,,,,,,,,,,,,,
09/30/2010,10:30,BEACON STREET & WASHINGTON STREET,Somerville,MA,,,,,,,,,,,,,,,,,,,,,,,,,,,,,0,0,0,,,,,0,,,,,,,,,,,,,,,,,,,,,,0,,,,,,,,,,,,,,,,,,,,,,,,,,
09/30/2010,20:04,84 FLINT STREET,Somerville,MA,,,,,,,,,,,,,,,,,,,,,,,,,,,,,1,0,0,,,,,1,,,,,,,,,,,,,,,,,,,,,,0,,,,,,,,,,,,,,,,,,,,,,,,,,
10/01/2010,6:30,BROADWAY & MEDFORD STREET,Somerville,MA,,,,,,,,,,,,,,,,,,,,,,,,,,,,,0,0,0,,,,,0,,,,,,,,,,,,,,,,,,,,,,0,,,,,,,,,,,,,,,,,,,,,,,,,,
10/01/2010,23:20,25 HIGHLAND AVENUE,Somerville,MA,,,,,,,,,,,,,,,,,,,,,,,,,,,,,0,0,0,,,,,0,,,,,,,,,,,,,,,,,,,,,,0,,,,,,,,,,,,,,,,,,,,,,,,,,
10/02/2010,10:30,POWDER HOUSE BOULEVARD & COLLEGE AVENUE,Somerville,MA,,,,,,,,,,,,,,,,,,,,,,,,,,,,,0,0,0,,,,,1,,,,,,,,,,,,,,,,,,,,,,0,,,,,,,,,,,,,,,,,,,,,,,,,,
10/02/2010,11:45,25 SARGENT AVENUE,Somerville,MA,,,,,,,,,,,,,,,,,,,,,,,,,,,,,0,0,0,,,,,0,,,,,,,,,,,,,,,,,,,,,,0,,,,,,,,,,,,,,,,,,,,,,,,,,
10/02/2010,20:24,45 BROADWAY,Somerville,MA,,,,,,,,,,,,,,,,,,,,,,,,,,,,,0,0,0,,,,,1,,,,,,,,,,,,,,,,,,,,,,0,,,,,,,,,,,,,,,,,,,,,,,,,,
10/03/2010,15:40,30 BROWNING ROAD,Somerville,MA,,,,,,,,,,,,,,,,,,,,,,,,,,,,,0,0,0,,,,,0,,,,,,,,,,,,,,,,,,,,,,0,,,,,,,,,,,,,,,,,,,,,,,,,,
10/05/2010,21:21,SOMERVILLE AVENUE & BEACON STREET,Somerville,MA,,,,,,,,,,,,,,,,,,,,,,,,,,,,,0,1,0,,,,,1,,,,,,,,,,,,,,,,,,,,,,0,,,,,,,,,,,,,,,,,,,,,,,,,,
10/06/2010,7:24,BROADWAY & BOSTON AVENUE,Somerville,MA,,,,,,,,,,,,,,,,,,,,,,,,,,,,,0,0,0,,,,,0,,,,,,,,,,,,,,,,,,,,,,0,,,,,,,,,,,,,,,,,,,,,,,,,,
10/06/2010,10:45,BROADWAY & GARFIELD AVENUE,Somerville,MA,,,,,,,,,,,,,,,,,,,,,,,,,,,,,0,0,0,,,,,0,,,,,,,,,,,,,,,,,,,,,,0,,,,,,,,,,,,,,,,,,,,,,,,,,
10/09/2010,15:39,4 PUTNAM AVENUE,Somerville,MA,,,,,,,,,,,,,,,,,,,,,,,,,,,,,0,0,0,,,,,1,,,,,,,,,,,,,,,,,,,,,,0,,,,,,,,,,,,,,,,,,,,,,,,,,
10/09/2010,16:16,WASHINGTON STREET & INNER BELT ROAD,Somerville,MA,,,,,,,,,,,,,,,,,,,,,,,,,,,,,0,0,0,,,,,1,,,,,,,,,,,,,,,,,,,,,,0,,,,,,,,,,,,,,,,,,,,,,,,,,