Date,Time,Location,City,State,Weather (2&3),Road Surface (6),Traffic Control Device (4),Intersection Type (7),Traffic Way Desc (8),Collision Manner (11),# of Involved Vehicles,Vehicle1 Configuration (21),Driver1 Contrib Code1 (25),Driver1 Contrib Code2 (25),Vehicle2 Configuration (21),Driver2 Contrib Code1 (25),Driver2 Contrib Code2 (25),Vehicle3 Configuration (21),Driver3 Contrib Code1 (25),Driver3 Contrib Code2 (25),Vehicle4 Configuration (21),Driver4 Contrib Code1 (25),Driver4 Contrib Code2 (25),Vehicle5 Configuration (21),Driver5 Contrib Code1 (25),Driver5 Contrib Code2 (25),Vehicle6 Configuration (21),Driver6 Contrib Code1 (25),Driver6 Contrib Code2 (25),Vehicle7 Configuration (21),Driver7 Contrib Code1 (25),Driver7 Contrib Code2 (25),Bicycle,Pedestrian,Non-MV,Non-Motorist Location (16),Non-Motorist Action (15),Non-Motorist Type,Manner of Non-Motorist (Person) Collision,Injury,Multiple,Gender1,Age1,Severity1,Hospital1,Gender2,Age2,Severity2,Hospital2,Gender3,Age3,Severity3,Hospital3,Gender4,Age4,Severity4,Hospital4,Gender5,Age5,Severity5,Hospital5,City Vehicle?,Notes,column 65,column 66,column 67,column 68,column 69,column 70,column 71,column 72,column 73,column 74,column 75,column 76,column 77,column 78,column 79,column 80,column 81,column 82,column 83,column 84,column 85,column 86,column 87,column 88,column 89
12/18/2011,22:19,374 Highland Ave,Somerville,MA,,,,,,,,,,,,,,,,,,,,,,,,,,,,,0,0,0,,,,,0,,,,,,,,,,,,,,,,,,,,,,0,,,,,,,,,,,,,,,,,,,,,,,,,,
12/20/2011,22:04,Summer St & Cherry St,Somerville,MA,,,,,,,,,,,,,,,,,,,,,,,,,,,,,0,0,0,,,,,0,,,,,,,,,,,,,,,,,,,,,,0,,,,,,,,,,,,,,,,,,,,,,,,,,
12/20/2011,14:13,Somerville Ave & Belmont St,Somerville,MA,,,,,,,,,,,,,,,,,,,,,,,,,,,,,1,0,0,,,,,1,,,,,,,,,,,,,,,,,,,,,,0,,,,,,,,,,,,,,,,,,,,,,,,,,
12/21/2011,13:15,Tufts St & Glen St,Somerville,MA,,,,,,,,,,,,,,,,,,,,,,,,,,,,,0,0,0,,,,,0,,,,,,,,,,,,,,,,,,,,,,0,,,,,,,,,,,,,,,,,,,,,,,,,,
12/22/2011,8:41,Somerville Ave & School St,Somerville,MA,,,,,,,,,,,,,,,,,,,,,,,,,,,,,0,0,0,,,,,1,,,,,,,,,,,,,,,,,,,,,,0,,,,,,,,,,,,,,,,,,,,,,,,,,
12/22/2011,15:06,Somerville Ave & Beech St,Somerville,MA,,,,,,,,,,,,,,,,,,,,,,,,,,,,,0,0,0,,,,,1,,,,,,,,,,,,,,,,,,,,,,0,,,,,,,,,,,,,,,,,,,,,,,,,,
12/22/2011,19:15,Highland Ave & College Ave,Somerville,MA,,,,,,,,,,,,,,,,,,,,,,,,,,,,,0,0,1,,,Motorcycle,,0,,,,,,,,,,,,,,,,,,,,,,0,,,,,,,,,,,,,,,,,,,,,,,,,,
12/22/2011,15:19,146 Perkins St,Somerville,MA,,,,,,,,,,,,,,,,,,,,,,,,,,,,,0,1,0,,,,,1,,,,,,,,,,,,,,,,,,,,,,0,,,,,,,,,,,,,,,,,,,,,,,,,,
12/23/2011,3:00,403 Holland Ave,Somerville,MA,,,,,,,,,,,,,,,,,,,,,,,,,,,,,0,0,1,,,Fire Hydrant/Light Pole,,0,,,,,,,,,,,,,,,,,,,,,,0,,,,,,,,,,,,,,,,,,,,,,,,,,
12/23/2011,11:05,28 Bartlett St,Somerville,MA,,,,,,,,,,,,,,,,,,,,,,,,,,,,,0,0,0,,,,,0,,,,,,,,,,,,,,,,,,,,,,0,,,,,,,,,,,,,,,,,,,,,,,,,,
12/24/2011,15:51,1000 Washington St,Somerville,MA,,,,,,,,,,,,,,,,,,,,,,,,,,,,,0,0,0,,,,,0,,,,,,,,,,,,,,,,,,,,,,0,,,,,,,,,,,,,,,,,,,,,,,,,,
12/25/2011,22:52,608 Somerville Ave,Somerville,MA,,,,,,,,,,,,,,,,,,,,,,,,,,,,,0,0,0,,,,,0,,,,,,,,,,,,,,,,,,,,,,0,,,,,,,,,,,,,,,,,,,,,,,,,,
12/26/2011,12:04,Broadway & Adams St,Somerville,MA,,,,,,,,,,,,,,,,,,,,,,,,,,,,,0,0,0,,,,,0,,,,,,,,,,,,,,,,,,,,,,0,,,,,,,,,,,,,,,,,,,,,,,,,,
12/26/2011,16:14,212 Elm St,Somerville,MA,,,,,,,,,,,,,,,,,,,,,,,,,,,,,0,0,0,,,,,0,,,,,,,,,,,,,,,,,,,,,,0,,,,,,,,,,,,,,,,,,,,,,,,,,
12/26/2011,20:33,30 Winter St,Somerville,MA,,,,,,,,,,,,,,,,,,,,,,,,,,,,,0,0,0,,,,,0,,,,,,,,,,,,,,,,,,,,,,0,,,,,,,,,,,,,,,,,,,,,,,,,,
12/27/2011,0:15,Broadway & Winchester St,Somerville,MA,,,,,,,,,,,,,,,,,,,,,,,,,,,,,0,0,0,,,,,0,,,,,,,,,,,,,,,,,,,,,,0,,,,,,,,,,,,,,,,,,,,,,,,,,
12/27/2011,14:30,Dover St & Orchard St,Somerville,MA,,,,,,,,,,,,,,,,,,,,,,,,,,,,,0,0,0,,,,,0,,,,,,,,,,,,,,,,,,,,,,0,,,,,,,,,,,,,,,,,,,,,,,,,,
05/23/2012,11:42,158 BOSTON AVENUE,Somerville,MA,,,,,,,,,,,,,,,,,,,,,,,,,,,,,0,0,0,,,,,0,,,,,,,,,,,,,,,,,,,,,,0,,,,,,,,,,,,,,,,,,,,,,,,,,
12/29/2011,13:29,701 Somerville Ave,Somerville,MA,,,,,,,,,,,,,,,,,,,,,,,,,,,,,0,0,0,,,,,1,,,,,,,,,,,,,,,,,,,,,,0,Operator ran over own leg,,,,,,,,,,,,,,,,,,,,,,,,,
12/31/2011,22:50,Temple St & Derby St,Somerville,MA,,,,,,,,,,,,,,,,,,,,,,,,,,,,,0,0,0,,,,,0,,,,,,,,,,,,,,,,,,,,,,0,,,,,,,,,,,,,,,,,,,,,,,,,,
01/02/2012,1:10,BROADWAY & MEDFORD STREET,Somerville,MA,,,,,,,,,,,,,,,,,,,,,,,,,,,,,0,0,0,,,,,1,,,,,,,,,,,,,,,,,,,,,,0,,,,,,,,,,,,,,,,,,,,,,,,,,
01/02/2012,16:37,CONCORD AVENUE & BEACON STREET,Somerville,MA,,,,,,,,,,,,,,,,,,,,,,,,,,,,,1,0,0,,,,,1,,,,,,,,,,,,,,,,,,,,,,0,,,,,,,,,,,,,,,,,,,,,,,,,,
01/04/2012,12:18,ELM STREET & DOVER STREET,Somerville,MA,,,,,,,,,,,,,,,,,,,,,,,,,,,,,0,0,0,,,,,1,,,,,,,,,,,,,,,,,,,,,,0,,,,,,,,,,,,,,,,,,,,,,,,,,
01/05/2012,17:21,HIGHLAND AVENUE & PORTER STREET,Somerville,MA,,,,,,,,,,,,,,,,,,,,,,,,,,,,,0,0,0,,,,,0,,,,,,,,,,,,,,,,,,,,,,0,,,,,,,,,,,,,,,,,,,,,,,,,,
01/05/2012,19:49,HOLLAND STREET & BROADWAY,Somerville,MA,,,,,,,,,,,,,,,,,,,,,,,,,,,,,0,0,0,,,,,0,,,,,,,,,,,,,,,,,,,,,,0,,,,,,,,,,,,,,,,,,,,,,,,,,
01/06/2012,2:18,225 ELM STREET,Somerville,MA,,,,,,,,,,,,,,,,,,,,,,,,,,,,,0,0,0,,,,,0,,,,,,,,,,,,,,,,,,,,,,0,,,,,,,,,,,,,,,,,,,,,,,,,,
01/06/2012,11:01,252 MEDFORD STREET,Somerville,MA,,,,,,,,,,,,,,,,,,,,,,,,,,,,,0,0,0,,,,,0,,,,,,,,,,,,,,,,,,,,,,0,,,,,,,,,,,,,,,,,,,,,,,,,,
01/06/2012,13:32,MEDFORD STREET & SCHOOL STREET,Somerville,MA,,,,,,,,,,,,,,,,,,,,,,,,,,,,,0,0,0,,,,,0,,,,,,,,,,,,,,,,,,,,,,0,,,,,,,,,,,,,,,,,,,,,,,,,,
01/06/2012,14:08,MEACHAM ROAD & BUENA VISTA ROAD,Somerville,MA,,,,,,,,,,,,,,,,,,,,,,,,,,,,,0,0,0,,,,,0,,,,,,,,,,,,,,,,,,,,,,0,,,,,,,,,,,,,,,,,,,,,,,,,,
01/06/2012,18:01,SOMERVILLE AVENUE & SCHOOL STREET,Somerville,MA,,,,,,,,,,,,,,,,,,,,,,,,,,,,,0,0,0,,,,,0,,,,,,,,,,,,,,,,,,,,,,0,,,,,,,,,,,,,,,,,,,,,,,,,,
01/06/2012,22:21,BEACON STREET & WALDO AVENUE,Somerville,MA,,,,,,,,,,,,,,,,,,,,,,,,,,,,,0,0,0,,,,,1,,,,,,,,,,,,,,,,,,,,,,0,,,,,,,,,,,,,,,,,,,,,,,,,,
01/07/2012,9:57,BEACON STREET & CALVIN STREET,Somerville,MA,,,,,,,,,,,,,,,,,,,,,,,,,,,,,0,0,0,,,,,0,,,,,,,,,,,,,,,,,,,,,,0,,,,,,,,,,,,,,,,,,,,,,,,,,
01/10/2012,7:31,532 MEDFORD STREET,Somerville,MA,,,,,,,,,,,,,,,,,,,,,,,,,,,,,0,0,0,,,,,0,,,,,,,,,,,,,,,,,,,,,,0,,,,,,,,,,,,,,,,,,,,,,,,,,
01/10/2012,18:27,290 SOMERVILLE AVENUE,Somerville,MA,,,,,,,,,,,,,,,,,,,,,,,,,,,,,0,0,0,,,,,1,,,,,,,,,,,,,,,,,,,,,,0,,,,,,,,,,,,,,,,,,,,,,,,,,
01/11/2012,14:47,WEBSTER AVENUE & NEWTON STREET,Somerville,MA,,,,,,,,,,,,,,,,,,,,,,,,,,,,,0,0,0,,,,,1,,,,,,,,,,,,,,,,,,,,,,0,,,,,,,,,,,,,,,,,,,,,,,,,,
01/11/2012,23:02,BEACON STREET & COONEY STREET,Somerville,MA,,,,,,,,,,,,,,,,,,,,,,,,,,,,,0,1,0,,,,,1,,,,,,,,,,,,,,,,,,,,,,0,,,,,,,,,,,,,,,,,,,,,,,,,,
01/12/2012,23:38,PEARL STREET & JASPER STREET,Somerville,MA,,,,,,,,,,,,,,,,,,,,,,,,,,,,,0,0,0,,,,,0,,,,,,,,,,,,,,,,,,,,,,0,,,,,,,,,,,,,,,,,,,,,,,,,,
01/16/2012,12:04,14 McGrath Hwy,Somerville,MA,,,,,,,,,,,,,,,,,,,,,,,,,,,,,0,1,0,,,,,1,,,,,,,,,,,,,,,,,,,,,,0,,,,,,,,,,,,,,,,,,,,,,,,,,
01/17/2012,10:02,PURITAN ROAD & TEMPLE STREET,Somerville,MA,,,,,,,,,,,,,,,,,,,,,,,,,,,,,0,0,0,,,,,1,,,,,,,,,,,,,,,,,,,,,,0,,,,,,,,,,,,,,,,,,,,,,,,,,
01/17/2012,12:45,144 LOWELL STREET,Somerville,MA,,,,,,,,,,,,,,,,,,,,,,,,,,,,,0,0,0,,,,,0,,,,,,,,,,,,,,,,,,,,,,0,,,,,,,,,,,,,,,,,,,,,,,,,,
01/17/2012,17:52,SOMERVILLE AVENUE & IBBETSON STREET,Somerville,MA,,,,,,,,,,,,,,,,,,,,,,,,,,,,,0,1,0,,,,,1,,,,,,,,,,,,,,,,,,,,,,0,,,,,,,,,,,,,,,,,,,,,,,,,,
01/18/2012,12:39,MORELAND STREET & MEACHAM STREET,Somerville,MA,,,,,,,,,,,,,,,,,,,,,,,,,,,,,0,0,0,,,,,0,,,,,,,,,,,,,,,,,,,,,,0,,,,,,,,,,,,,,,,,,,,,,,,,,
01/18/2012,19:35,HIGHLAND AVENUE & GROVE STREET,Somerville,MA,,,,,,,,,,,,,,,,,,,,,,,,,,,,,0,1,0,,,,,1,,,,,,,,,,,,,,,,,,,,,,0,,,,,,,,,,,,,,,,,,,,,,,,,,
01/19/2012,8:21,WARREN AVENUE & COLUMBUS AVENUE,Somerville,MA,,,,,,,,,,,,,,,,,,,,,,,,,,,,,0,0,0,,,,,0,,,,,,,,,,,,,,,,,,,,,,0,,,,,,,,,,,,,,,,,,,,,,,,,,
01/19/2012,16:13,TEMPLE STREET & DERBY STREET,Somerville,MA,,,,,,,,,,,,,,,,,,,,,,,,,,,,,0,0,0,,,,,0,,,,,,,,,,,,,,,,,,,,,,0,,,,,,,,,,,,,,,,,,,,,,,,,,
01/19/2012,21:58,TEMPLE STREET & JAQUES STREET,Somerville,MA,,,,,,,,,,,,,,,,,,,,,,,,,,,,,0,0,0,,,,,0,,,,,,,,,,,,,,,,,,,,,,0,,,,,,,,,,,,,,,,,,,,,,,,,,
01/19/2012,8:06,BROADWAY & BARTLETT STREET,Somerville,MA,,,,,,,,,,,,,,,,,,,,,,,,,,,,,0,1,0,,,,,1,,,,,,,,,,,,,,,,,,,,,,0,,,,,,,,,,,,,,,,,,,,,,,,,,
01/20/2012,1:37,221 BEACON STREET,Somerville,MA,,,,,,,,,,,,,,,,,,,,,,,,,,,,,0,0,0,,,,,0,,,,,,,,,,,,,,,,,,,,,,0,,,,,,,,,,,,,,,,,,,,,,,,,,
01/22/2012,9:35,MEDFORD STREET & CENTRAL STREET,Somerville,MA,,,,,,,,,,,,,,,,,,,,,,,,,,,,,0,0,0,,,,,0,,,,,,,,,,,,,,,,,,,,,,0,,,,,,,,,,,,,,,,,,,,,,,,,,
01/22/2012,11:40,HIGHLAND AVENUE & GROVE STREET,Somerville,MA,,,,,,,,,,,,,,,,,,,,,,,,,,,,,0,0,0,,,,,0,,,,,,,,,,,,,,,,,,,,,,0,,,,,,,,,,,,,,,,,,,,,,,,,,
01/22/2012,17:40,POWDER HOUSE BOULEVARD & PACKARD AVENUE,Somerville,MA,,,,,,,,,,,,,,,,,,,,,,,,,,,,,0,1,0,,,,,0,,,,,,,,,,,,,,,,,,,,,,0,,,,,,,,,,,,,,,,,,,,,,,,,,
01/23/2012,18:52,285 WASHINGTON STREET,Somerville,MA,,,,,,,,,,,,,,,,,,,,,,,,,,,,,0,0,0,,,,,1,,,,,,,,,,,,,,,,,,,,,,0,,,,,,,,,,,,,,,,,,,,,,,,,,
01/24/2012,7:58,PRESCOTT STREET & HIGHLAND AVENUE,Somerville,MA,,,,,,,,,,,,,,,,,,,,,,,,,,,,,0,0,0,,,,,0,,,,,,,,,,,,,,,,,,,,,,0,,,,,,,,,,,,,,,,,,,,,,,,,,
01/24/2012,10:45,HIGHLAND AVENUE & BENTON ROAD,Somerville,MA,,,,,,,,,,,,,,,,,,,,,,,,,,,,,0,0,0,,,,,0,,,,,,,,,,,,,,,,,,,,,,0,,,,,,,,,,,,,,,,,,,,,,,,,,
01/25/2012,14:54,21 PENNSYLVANIA AVENUE,Somerville,MA,,,,,,,,,,,,,,,,,,,,,,,,,,,,,0,0,0,,,,,0,,,,,,,,,,,,,,,,,,,,,,0,,,,,,,,,,,,,,,,,,,,,,,,,,
01/25/2012,16:23,MEDFORD STREET & BROADWAY,Somerville,MA,,,,,,,,,,,,,,,,,,,,,,,,,,,,,0,0,0,,,,,0,,,,,,,,,,,,,,,,,,,,,,0,,,,,,,,,,,,,,,,,,,,,,,,,,
01/27/2012,6:37,757 SOMERVILLE AVENUE,Somerville,MA,,,,,,,,,,,,,,,,,,,,,,,,,,,,,0,0,0,,,,,1,,,,,,,,,,,,,,,,,,,,,,0,,,,,,,,,,,,,,,,,,,,,,,,,,
01/27/2012,18:31,HIGHLAND AVENUE & THORPE STREET,Somerville,MA,,,,,,,,,,,,,,,,,,,,,,,,,,,,,0,1,0,,,,,1,2,,,,,,,,,,,,,,,,,,,,,0,,,,,,,,,,,,,,,,,,,,,,,,,,
01/28/2012,1:15,48 NEWBURY STREET,Somerville,MA,,,,,,,,,,,,,,,,,,,,,,,,,,,,,0,0,0,,,,,0,,,,,,,,,,,,,,,,,,,,,,0,,,,,,,,,,,,,,,,,,,,,,,,,,
01/28/2012,14:14,MARSHALL STREET & STICKNEY AVENUE,Somerville,MA,,,,,,,,,,,,,,,,,,,,,,,,,,,,,0,0,0,,,,,1,,,,,,,,,,,,,,,,,,,,,,0,,,,,,,,,,,,,,,,,,,,,,,,,,
01/29/2012,1:18,BROADWAY & MAIN STREET,Somerville,MA,,,,,,,,,,,,,,,,,,,,,,,,,,,,,0,0,0,,,,,0,,,,,,,,,,,,,,,,,,,,,,0,,,,,,,,,,,,,,,,,,,,,,,,,,
01/31/2012,7:05,HIGHLAND RD & MORRISON AVENUE,Somerville,MA,,,,,,,,,,,,,,,,,,,,,,,,,,,,,0,0,0,,,,,0,,,,,,,,,,,,,,,,,,,,,,0,,,,,,,,,,,,,,,,,,,,,,,,,,
01/31/2012,10:34,BEECH STREET & ELM STREET,Somerville,MA,,,,,,,,,,,,,,,,,,,,,,,,,,,,,0,0,0,,,,,1,,,,,,,,,,,,,,,,,,,,,,0,,,,,,,,,,,,,,,,,,,,,,,,,,
01/31/2012,22:17,MOUNT VERNON STREET & BROADWAY,Somerville,MA,,,,,,,,,,,,,,,,,,,,,,,,,,,,,0,0,0,,,,,1,,,,,,,,,,,,,,,,,,,,,,0,,,,,,,,,,,,,,,,,,,,,,,,,,
02/01/2012,7:41,BROADWAY & BOSTON AVENUE,Somerville,MA,,,,,,,,,,,,,,,,,,,,,,,,,,,,,0,0,0,,,,,0,,,,,,,,,,,,,,,,,,,,,,0,,,,,,,,,,,,,,,,,,,,,,,,,,
02/01/2012,9:30,260 ELM STREET,Somerville,MA,,,,,,,,,,,,,,,,,,,,,,,,,,,,,0,0,0,,,,,0,,,,,,,,,,,,,,,,,,,,,,0,,,,,,,,,,,,,,,,,,,,,,,,,,
02/03/2012,12:00,CENTRAL STREET & VERNON STREET,Somerville,MA,,,,,,,,,,,,,,,,,,,,,,,,,,,,,0,0,0,,,,,0,,,,,,,,,,,,,,,,,,,,,,0,,,,,,,,,,,,,,,,,,,,,,,,,,
02/05/2012,7:00,298 HIGHLAND AVENUE Rte 16 N & CHERRY STREET & HIGHLAND AVENUE,Somerville,MA,,,,,,,,,,,,,,,,,,,,,,,,,,,,,0,0,0,,,,,1,,,,,,,,,,,,,,,,,,,,,,0,,,,,,,,,,,,,,,,,,,,,,,,,,
02/05/2012,11:17,TEMPLE ROAD & PURITAN ROAD,Somerville,MA,,,,,,,,,,,,,,,,,,,,,,,,,,,,,0,0,0,,,,,0,,,,,,,,,,,,,,,,,,,,,,0,,,,,,,,,,,,,,,,,,,,,,,,,,
02/06/2012,10:57,86 JOY STREET,Somerville,MA,,,,,,,,,,,,,,,,,,,,,,,,,,,,,1,0,0,,,,,1,,,,,,,,,,,,,,,,,,,,,,0,,,,,,,,,,,,,,,,,,,,,,,,,,
02/07/2012,14:06,190 HOLLAND STREET,Somerville,MA,,,,,,,,,,,,,,,,,,,,,,,,,,,,,0,0,0,,,,,0,,,,,,,,,,,,,,,,,,,,,,0,,,,,,,,,,,,,,,,,,,,,,,,,,
02/07/2012,18:35,COLLEGE AVENUE & SUMMIT STREET,Somerville,MA,,,,,,,,,,,,,,,,,,,,,,,,,,,,,0,0,0,,,,,0,,,,,,,,,,,,,,,,,,,,,,0,,,,,,,,,,,,,,,,,,,,,,,,,,
02/08/2012,17:32,403 HIGHLAND AVENUE,Somerville,MA,,,,,,,,,,,,,,,,,,,,,,,,,,,,,0,0,0,,,,,0,,,,,,,,,,,,,,,,,,,,,,0,,,,,,,,,,,,,,,,,,,,,,,,,,
02/09/2012,9:30,322 BEACON STREET,Somerville,MA,,,,,,,,,,,,,,,,,,,,,,,,,,,,,0,0,0,,,,,0,,,,,,,,,,,,,,,,,,,,,,0,,,,,,,,,,,,,,,,,,,,,,,,,,
02/09/2012,10:13,28 STONE AVENUE,Somerville,MA,,,,,,,,,,,,,,,,,,,,,,,,,,,,,0,0,0,,,,,0,,,,,,,,,,,,,,,,,,,,,,0,,,,,,,,,,,,,,,,,,,,,,,,,,
02/10/2012,14:18,SUMMER STREET & LOWELL STREET,Somerville,MA,,,,,,,,,,,,,,,,,,,,,,,,,,,,,0,0,0,,,,,0,,,,,,,,,,,,,,,,,,,,,,0,,,,,,,,,,,,,,,,,,,,,,,,,,
02/10/2012,21:00,279 LOWELL STREET,Somerville,MA,,,,,,,,,,,,,,,,,,,,,,,,,,,,,0,0,0,,,,,0,,,,,,,,,,,,,,,,,,,,,,0,,,,,,,,,,,,,,,,,,,,,,,,,,
02/11/2012,21:12,MEDFORD STREET & WARREN STREET,Somerville,MA,,,,,,,,,,,,,,,,,,,,,,,,,,,,,1,0,0,,,,,1,,,,,,,,,,,,,,,,,,,,,,0,,,,,,,,,,,,,,,,,,,,,,,,,,
02/13/2012,17:02,LINE STREET & WASHINGTON STREET,Somerville,MA,,,,,,,,,,,,,,,,,,,,,,,,,,,,,1,0,0,,,,,1,,,,,,,,,,,,,,,,,,,,,,0,,,,,,,,,,,,,,,,,,,,,,,,,,
02/14/2012,17:00,393 HIGHLAND AVENUE,Somerville,MA,,,,,,,,,,,,,,,,,,,,,,,,,,,,,1,0,0,,,,,0,,,,,,,,,,,,,,,,,,,,,,0,,,,,,,,,,,,,,,,,,,,,,,,,,
02/15/2012,14:53,137 CENTRAL STREET,Somerville,MA,,,,,,,,,,,,,,,,,,,,,,,,,,,,,0,0,0,,,,,0,,,,,,,,,,,,,,,,,,,,,,0,,,,,,,,,,,,,,,,,,,,,,,,,,
02/16/2012,7:01,SOMERVILLE AVENUE & PROSPECT STREET,Somerville,MA,,,,,,,,,,,,,,,,,,,,,,,,,,,,,1,0,0,,,,,1,,,,,,,,,,,,,,,,,,,,,,0,,,,,,,,,,,,,,,,,,,,,,,,,,
02/17/2012,12:30,CONCORD AVENUE & WEBSTER AVENUE & PROSPECT STREET,Somerville,MA,,,,,,,,,,,,,,,,,,,,,,,,,,,,,0,0,0,,,,,0,,,,,,,,,,,,,,,,,,,,,,0,,,,,,,,,,,,,,,,,,,,,,,,,,
02/18/2012,1:00,HIGHLAND AVENUE & LOWELL STREET,Somerville,MA,,,,,,,,,,,,,,,,,,,,,,,,,,,,,0,0,0,,,,,0,,,,,,,,,,,,,,,,,,,,,,0,,,,,,,,,,,,,,,,,,,,,,,,,,
02/19/2012,2:02,251 HIGHLAND AVENUE,Somerville,MA,,,,,,,,,,,,,,,,,,,,,,,,,,,,,0,0,0,,,,,0,,,,,,,,,,,,,,,,,,,,,,0,,,,,,,,,,,,,,,,,,,,,,,,,,
02/22/2012,15:57,CENTRAL STREET & VERNON STREET,Somerville,MA,,,,,,,,,,,,,,,,,,,,,,,,,,,,,0,0,0,,,,,1,,,,,,,,,,,,,,,,,,,,,,0,,,,,,,,,,,,,,,,,,,,,,,,,,
02/25/2012,22:45,80 GRANT STREET,Somerville,MA,,,,,,,,,,,,,,,,,,,,,,,,,,,,,0,0,0,,,,,0,,,,,,,,,,,,,,,,,,,,,,0,,,,,,,,,,,,,,,,,,,,,,,,,,
02/26/2012,12:53,BROADWAY & MOUNT VERNON STREET,Somerville,MA,,,,,,,,,,,,,,,,,,,,,,,,,,,,,0,0,0,,,,,0,,,,,,,,,,,,,,,,,,,,,,0,,,,,,,,,,,,,,,,,,,,,,,,,,
02/27/2012,10:14,HIGHLAND AVENUE & BENTON ROAD,Somerville,MA,,,,,,,,,,,,,,,,,,,,,,,,,,,,,0,0,0,,,,,0,,,,,,,,,,,,,,,,,,,,,,0,,,,,,,,,,,,,,,,,,,,,,,,,,
02/27/2012,14:28,WALNUT STREET & HIGHLAND AVENUE,Somerville,MA,,,,,,,,,,,,,,,,,,,,,,,,,,,,,0,0,0,,,,,0,,,,,,,,,,,,,,,,,,,,,,0,,,,,,,,,,,,,,,,,,,,,,,,,,
02/27/2012,17:38,BROADWAY & PACKARD AVENUE,Somerville,MA,,,,,,,,,,,,,,,,,,,,,,,,,,,,,0,0,0,,,,,1,,,,,,,,,,,,,,,,,,,,,,0,,,,,,,,,,,,,,,,,,,,,,,,,,
02/29/2012,8:17,PEARL STREET & RUSH STREET,Somerville,MA,,,,,,,,,,,,,,,,,,,,,,,,,,,,,0,0,0,,,,,0,,,,,,,,,,,,,,,,,,,,,,0,,,,,,,,,,,,,,,,,,,,,,,,,,
02/29/2012,15:25,CROSS STREET & BONAIR STREET,Somerville,MA,,,,,,,,,,,,,,,,,,,,,,,,,,,,,0,0,0,,,,,1,,,,,,,,,,,,,,,,,,,,,,0,,,,,,,,,,,,,,,,,,,,,,,,,,
02/29/2012,14:33,CENTRAL STREET & MEDFORD STREET,Somerville,MA,,,,,,,,,,,,,,,,,,,,,,,,,,,,,0,1,0,,,,,1,,,,,,,,,,,,,,,,,,,,,,0,,,,,,,,,,,,,,,,,,,,,,,,,,
03/01/2012,14:50,15 WASHINGTON STREET,Somerville,MA,,,,,,,,,,,,,,,,,,,,,,,,,,,,,0,0,0,,,,,0,,,,,,,,,,,,,,,,,,,,,,0,,,,,,,,,,,,,,,,,,,,,,,,,,
03/01/2012,19:09,343 HIGHLAND AVENUE,Somerville,MA,,,,,,,,,,,,,,,,,,,,,,,,,,,,,0,0,0,,,,,0,,,,,,,,,,,,,,,,,,,,,,0,,,,,,,,,,,,,,,,,,,,,,,,,,
03/01/2012,20:04,DANE STREET & DANE AVENUE,Somerville,MA,,,,,,,,,,,,,,,,,,,,,,,,,,,,,0,0,0,,,,,0,,,,,,,,,,,,,,,,,,,,,,0,,,,,,,,,,,,,,,,,,,,,,,,,,
03/01/2012,19:22,POWDER HOUSE BOULEVARD & LEONARD STREET,Somerville,MA,,,,,,,,,,,,,,,,,,,,,,,,,,,,,0,1,0,,,,,1,,,,,,,,,,,,,,,,,,,,,,0,,,,,,,,,,,,,,,,,,,,,,,,,,
03/02/2012,7:50,102 COLLEGE AVENUE,Somerville,MA,,,,,,,,,,,,,,,,,,,,,,,,,,,,,0,0,0,,,,,0,,,,,,,,,,,,,,,,,,,,,,0,,,,,,,,,,,,,,,,,,,,,,,,,,
03/02/2012,8:20,SAWYER AVENUE & PACKARD AVENUE,Somerville,MA,,,,,,,,,,,,,,,,,,,,,,,,,,,,,0,0,0,,,,,0,,,,,,,,,,,,,,,,,,,,,,0,,,,,,,,,,,,,,,,,,,,,,,,,,
03/02/2012,8:23,WEST STREET & HIGHLAND AVENUE,Somerville,MA,,,,,,,,,,,,,,,,,,,,,,,,,,,,,0,0,0,,,,,1,,,,,,,,,,,,,,,,,,,,,,0,,,,,,,,,,,,,,,,,,,,,,,,,,
03/02/2012,19:22,POWDER HOUSE BOULEVARD & PACKARD AVENUE,Somerville,MA,,,,,,,,,,,,,,,,,,,,,,,,,,,,,0,1,0,,,,,1,,,,,,,,,,,,,,,,,,,,,,0,,,,,,,,,,,,,,,,,,,,,,,,,,
03/03/2012,3:05,185 COLLEGE AVENUE,Somerville,MA,,,,,,,,,,,,,,,,,,,,,,,,,,,,,0,0,0,,,,,1,,,,,,,,,,,,,,,,,,,,,,0,,,,,,,,,,,,,,,,,,,,,,,,,,
03/03/2012,14:00,20 CUMMINGS STREET,Somerville,MA,,,,,,,,,,,,,,,,,,,,,,,,,,,,,0,0,0,,,,,0,,,,,,,,,,,,,,,,,,,,,,0,,,,,,,,,,,,,,,,,,,,,,,,,,
03/04/2012,2:30,SUMMER STREET & BOW STREET,Somerville,MA,,,,,,,,,,,,,,,,,,,,,,,,,,,,,0,0,0,,,,,0,,,,,,,,,,,,,,,,,,,,,,0,,,,,,,,,,,,,,,,,,,,,,,,,,
03/05/2012,13:00,WASHINGTON STREET & ROSE STREET,Somerville,MA,,,,,,,,,,,,,,,,,,,,,,,,,,,,,0,0,0,,,,,0,,,,,,,,,,,,,,,,,,,,,,0,,,,,,,,,,,,,,,,,,,,,,,,,,