Date,Time,Location,City,State,Weather (2&3),Road Surface (6),Traffic Control Device (4),Intersection Type (7),Traffic Way Desc (8),Collision Manner (11),# of Involved Vehicles,Vehicle1 Configuration (21),Driver1 Contrib Code1 (25),Driver1 Contrib Code2 (25),Vehicle2 Configuration (21),Driver2 Contrib Code1 (25),Driver2 Contrib Code2 (25),Vehicle3 Configuration (21),Driver3 Contrib Code1 (25),Driver3 Contrib Code2 (25),Vehicle4 Configuration (21),Driver4 Contrib Code1 (25),Driver4 Contrib Code2 (25),Vehicle5 Configuration (21),Driver5 Contrib Code1 (25),Driver5 Contrib Code2 (25),Vehicle6 Configuration (21),Driver6 Contrib Code1 (25),Driver6 Contrib Code2 (25),Vehicle7 Configuration (21),Driver7 Contrib Code1 (25),Driver7 Contrib Code2 (25),Bicycle,Pedestrian,Non-MV,Non-Motorist Location (16),Non-Motorist Action (15),Non-Motorist Type,Manner of Non-Motorist (Person) Collision,Injury,Multiple,Gender1,Age1,Severity1,Hospital1,Gender2,Age2,Severity2,Hospital2,Gender3,Age3,Severity3,Hospital3,Gender4,Age4,Severity4,Hospital4,Gender5,Age5,Severity5,Hospital5,City Vehicle?,Notes,column 65,column 66,column 67,column 68,column 69,column 70,column 71,column 72,column 73,column 74,column 75,column 76,column 77,column 78,column 79,column 80,column 81,column 82,column 83,column 84,column 85,column 86,column 87,column 88,column 89
08/10/2012,11:33,10 MOSSLAND STREET,Somerville,MA,,,,,,,,,,,,,,,,,,,,,,,,,,,,,0,0,0,,,,,0,,,,,,,,,,,,,,,,,,,,,,0,,,,,,,,,,,,,,,,,,,,,,,,,,
08/10/2012,17:35,971 BROADWAY,Somerville,MA,,,,,,,,,,,,,,,,,,,,,,,,,,,,,0,0,0,,,,,0,,,,,,,,,,,,,,,,,,,,,,0,,,,,,,,,,,,,,,,,,,,,,,,,,
08/10/2012,20:54,94 CONWELL AVENUE,Somerville,MA,,,,,,,,,,,,,,,,,,,,,,,,,,,,,0,0,0,,,,,0,,,,,,,,,,,,,,,,,,,,,,0,,,,,,,,,,,,,,,,,,,,,,,,,,
08/11/2012,6:57,58 BOW STREET,Somerville,MA,,,,,,,,,,,,,,,,,,,,,,,,,,,,,0,0,0,,,,,0,,,,,,,,,,,,,,,,,,,,,,0,,,,,,,,,,,,,,,,,,,,,,,,,,
08/11/2012,14:20,HIGHLAND AVENUE & GROVE STREET,Somerville,MA,,,,,,,,,,,,,,,,,,,,,,,,,,,,,0,0,0,,,,,0,,,,,,,,,,,,,,,,,,,,,,0,,,,,,,,,,,,,,,,,,,,,,,,,,
08/11/2012,16:22,182 ELM STREET,Somerville,MA,,,,,,,,,,,,,,,,,,,,,,,,,,,,,0,0,0,,,,,0,,,,,,,,,,,,,,,,,,,,,,0,,,,,,,,,,,,,,,,,,,,,,,,,,
08/11/2012,18:19,191 BROADWAY,Somerville,MA,,,,,,,,,,,,,,,,,,,,,,,,,,,,,1,0,0,,,,,0,,,,,,,,,,,,,,,,,,,,,,0,,,,,,,,,,,,,,,,,,,,,,,,,,
08/13/2012,3:20,WASHINGTON STREET & COLUMBUS AVENUE,Somerville,MA,,,,,,,,,,,,,,,,,,,,,,,,,,,,,0,0,0,,,,,0,,,,,,,,,,,,,,,,,,,,,,0,,,,,,,,,,,,,,,,,,,,,,,,,,
08/14/2012,10:30,DANE STREET,Somerville,MA,,,,,,,,,,,,,,,,,,,,,,,,,,,,,0,1,0,,,,,0,,,,,,,,,,,,,,,,,,,,,,0,,,,,,,,,,,,,,,,,,,,,,,,,,
08/15/2012,14:53,SUMMER STREET & CHERRY STREET,Somerville,MA,,,,,,,,,,,,,,,,,,,,,,,,,,,,,0,0,0,,,,,0,,,,,,,,,,,,,,,,,,,,,,0,,,,,,,,,,,,,,,,,,,,,,,,,,
08/15/2012,16:00,84 WASHINGTON STREET,Somerville,MA,,,,,,,,,,,,,,,,,,,,,,,,,,,,,0,0,0,,,,,0,,,,,,,,,,,,,,,,,,,,,,0,,,,,,,,,,,,,,,,,,,,,,,,,,
08/15/2012,16:11,250 WASHINGTON STREET,Somerville,MA,,,,,,,,,,,,,,,,,,,,,,,,,,,,,0,0,0,,,,,0,,,,,,,,,,,,,,,,,,,,,,0,,,,,,,,,,,,,,,,,,,,,,,,,,
08/16/2012,4:50,921 BROADWAY,Somerville,MA,,,,,,,,,,,,,,,,,,,,,,,,,,,,,0,0,0,,,,,0,,,,,,,,,,,,,,,,,,,,,,0,,,,,,,,,,,,,,,,,,,,,,,,,,
08/17/2012,18:30,524 SOMERVILLE AVENUE,Somerville,MA,,,,,,,,,,,,,,,,,,,,,,,,,,,,,0,0,0,,,,,0,,,,,,,,,,,,,,,,,,,,,,0,,,,,,,,,,,,,,,,,,,,,,,,,,
08/17/2012,23:45,14 PACKARD AVENUE,Somerville,MA,,,,,,,,,,,,,,,,,,,,,,,,,,,,,0,0,0,,,,,0,,,,,,,,,,,,,,,,,,,,,,0,,,,,,,,,,,,,,,,,,,,,,,,,,
08/18/2012,2:00,33 BONAIR STREET,Somerville,MA,,,,,,,,,,,,,,,,,,,,,,,,,,,,,0,0,0,,,,,0,,,,,,,,,,,,,,,,,,,,,,0,,,,,,,,,,,,,,,,,,,,,,,,,,
08/19/2012,1:33,BROADWAY & WESTON AVENUE,Somerville,MA,,,,,,,,,,,,,,,,,,,,,,,,,,,,,0,0,0,,,,,1,,,,,,,,,,,,,,,,,,,,,,0,,,,,,,,,,,,,,,,,,,,,,,,,,
08/20/2012,10:30,106 PURITAN ROAD,Somerville,MA,,,,,,,,,,,,,,,,,,,,,,,,,,,,,0,0,0,,,,,0,,,,,,,,,,,,,,,,,,,,,,0,,,,,,,,,,,,,,,,,,,,,,,,,,
08/20/2012,12:10,52 MEACHAM ROAD,Somerville,MA,,,,,,,,,,,,,,,,,,,,,,,,,,,,,0,0,0,,,,,0,,,,,,,,,,,,,,,,,,,,,,0,,,,,,,,,,,,,,,,,,,,,,,,,,
08/20/2012,19:58,3 BEACON STREET,Somerville,MA,,,,,,,,,,,,,,,,,,,,,,,,,,,,,0,0,0,,,,,0,,,,,,,,,,,,,,,,,,,,,,0,,,,,,,,,,,,,,,,,,,,,,,,,,
08/20/2012,10:27,32 CLARENDON AVENUE,Somerville,MA,,,,,,,,,,,,,,,,,,,,,,,,,,,,,1,0,0,,,,,1,,,,,,,,,,,,,,,,,,,,,,0,,,,,,,,,,,,,,,,,,,,,,,,,,
08/21/2012,10:06,CROSS STREET & FOUNTAIN AVENUE,Somerville,MA,,,,,,,,,,,,,,,,,,,,,,,,,,,,,0,0,0,,,,,0,,,,,,,,,,,,,,,,,,,,,,0,,,,,,,,,,,,,,,,,,,,,,,,,,
08/21/2012,17:04,HIGHLAND AVENUE & CEDAR STREET,Somerville,MA,,,,,,,,,,,,,,,,,,,,,,,,,,,,,0,0,0,,,,,0,,,,,,,,,,,,,,,,,,,,,,0,,,,,,,,,,,,,,,,,,,,,,,,,,
08/21/2012,7:46,BEACON STREET & PARK STREET,Somerville,MA,,,,,,,,,,,,,,,,,,,,,,,,,,,,,1,0,0,,,,,1,,,,,,,,,,,,,,,,,,,,,,0,,,,,,,,,,,,,,,,,,,,,,,,,,
08/25/2012,21:59,75 MYSTIC AVENUE,Somerville,MA,,,,,,,,,,,,,,,,,,,,,,,,,,,,,0,0,0,,,,,0,,,,,,,,,,,,,,,,,,,,,,0,,,,,,,,,,,,,,,,,,,,,,,,,,
08/26/2012,11:30,64 CONWELL AVENUE,Somerville,MA,,,,,,,,,,,,,,,,,,,,,,,,,,,,,0,0,0,,,,,0,,,,,,,,,,,,,,,,,,,,,,0,,,,,,,,,,,,,,,,,,,,,,,,,,
08/26/2012,16:47,131 NORTH STREET,Somerville,MA,,,,,,,,,,,,,,,,,,,,,,,,,,,,,0,0,0,,,,,0,,,,,,,,,,,,,,,,,,,,,,0,,,,,,,,,,,,,,,,,,,,,,,,,,
08/26/2012,17:25,54 DERBY STREET,Somerville,MA,,,,,,,,,,,,,,,,,,,,,,,,,,,,,0,1,0,,,,,1,,,,,,,,,,,,,,,,,,,,,,0,,,,,,,,,,,,,,,,,,,,,,,,,,
08/26/2012,21:10,SUMMER STREET & CRAIGIE STREET,Somerville,MA,,,,,,,,,,,,,,,,,,,,,,,,,,,,,1,0,0,,,,,1,,,,,,,,,,,,,,,,,,,,,,0,,,,,,,,,,,,,,,,,,,,,,,,,,
08/28/2012,17:10,36 ADAMS STREET,Somerville,MA,,,,,,,,,,,,,,,,,,,,,,,,,,,,,0,0,0,,,,,0,,,,,,,,,,,,,,,,,,,,,,0,,,,,,,,,,,,,,,,,,,,,,,,,,
08/28/2012,17:12,BROADWAY & BOSTON AVENUE,Somerville,MA,,,,,,,,,,,,,,,,,,,,,,,,,,,,,0,0,0,,,,,0,,,,,,,,,,,,,,,,,,,,,,0,,,,,,,,,,,,,,,,,,,,,,,,,,
08/29/2012,11:40,ELM STREET & BEECH STREET,Somerville,MA,,,,,,,,,,,,,,,,,,,,,,,,,,,,,0,0,0,,,,,1,,,,,,,,,,,,,,,,,,,,,,0,,,,,,,,,,,,,,,,,,,,,,,,,,
08/30/2012,20:46,PROSPECT HILL PARKWAY,Somerville,MA,,,,,,,,,,,,,,,,,,,,,,,,,,,,,0,0,0,,,,,0,,,,,,,,,,,,,,,,,,,,,,0,,,,,,,,,,,,,,,,,,,,,,,,,,
09/01/2012,11:43,CRAIGIE STREET & SUMMER STREET,Somerville,MA,,,,,,,,,,,,,,,,,,,,,,,,,,,,,0,0,0,,,,,0,,,,,,,,,,,,,,,,,,,,,,0,,,,,,,,,,,,,,,,,,,,,,,,,,
09/01/2012,22:30,MOUNT VERNON STREET & BROADWAY,Somerville,MA,,,,,,,,,,,,,,,,,,,,,,,,,,,,,0,0,0,,,,,1,,,,,,,,,,,,,,,,,,,,,,0,,,,,,,,,,,,,,,,,,,,,,,,,,
09/02/2012,2:36,499 BROADWAY,Somerville,MA,,,,,,,,,,,,,,,,,,,,,,,,,,,,,0,0,0,,,,,0,,,,,,,,,,,,,,,,,,,,,,0,,,,,,,,,,,,,,,,,,,,,,,,,,
09/02/2012,22:17,100 SCHOOL STREET,Somerville,MA,,,,,,,,,,,,,,,,,,,,,,,,,,,,,0,0,0,,,,,0,,,,,,,,,,,,,,,,,,,,,,0,,,,,,,,,,,,,,,,,,,,,,,,,,
09/03/2012,6:00,58 BOW STREET,Somerville,MA,,,,,,,,,,,,,,,,,,,,,,,,,,,,,0,0,0,,,,,0,,,,,,,,,,,,,,,,,,,,,,0,,,,,,,,,,,,,,,,,,,,,,,,,,
09/03/2012,22:43,545 SOMERVILLE AVENUE,Somerville,MA,,,,,,,,,,,,,,,,,,,,,,,,,,,,,0,0,0,,,,,1,,,,,,,,,,,,,,,,,,,,,,0,,,,,,,,,,,,,,,,,,,,,,,,,,
09/04/2012,22:29,POWDER HOUSE BOULEVARD & NORTH STREET,Somerville,MA,,,,,,,,,,,,,,,,,,,,,,,,,,,,,0,0,0,,,,,1,,,,,,,,,,,,,,,,,,,,,,0,,,,,,,,,,,,,,,,,,,,,,,,,,
09/05/2012,18:27,BROADWAY & WARNER STREET,Somerville,MA,,,,,,,,,,,,,,,,,,,,,,,,,,,,,0,0,0,,,,,0,,,,,,,,,,,,,,,,,,,,,,0,,,,,,,,,,,,,,,,,,,,,,,,,,
09/05/2012,21:22,GRANT STREET,Somerville,MA,,,,,,,,,,,,,,,,,,,,,,,,,,,,,1,0,0,,,,,1,,,,,,,,,,,,,,,,,,,,,,0,,,,,,,,,,,,,,,,,,,,,,,,,,
09/06/2012,17:23,115 ELM STREET,Somerville,MA,,,,,,,,,,,,,,,,,,,,,,,,,,,,,0,0,0,,,,,1,,,,,,,,,,,,,,,,,,,,,,0,,,,,,,,,,,,,,,,,,,,,,,,,,
09/07/2012,17:31,TEN HILLS ROAD & TEMPLE ROAD,Somerville,MA,,,,,,,,,,,,,,,,,,,,,,,,,,,,,0,0,0,,,,,1,,,,,,,,,,,,,,,,,,,,,,0,,,,,,,,,,,,,,,,,,,,,,,,,,
09/08/2012,15:08,84 WASHINGTON STREET,Somerville,MA,,,,,,,,,,,,,,,,,,,,,,,,,,,,,0,0,0,,,,,0,,,,,,,,,,,,,,,,,,,,,,0,,,,,,,,,,,,,,,,,,,,,,,,,,
09/09/2012,9:36,5 MIDDLESEX AVENUE,Somerville,MA,,,,,,,,,,,,,,,,,,,,,,,,,,,,,0,0,0,,,,,1,,,,,,,,,,,,,,,,,,,,,,0,,,,,,,,,,,,,,,,,,,,,,,,,,
09/10/2012,17:30,20 CENTRAL STREET,Somerville,MA,,,,,,,,,,,,,,,,,,,,,,,,,,,,,0,0,0,,,,,0,,,,,,,,,,,,,,,,,,,,,,0,,,,,,,,,,,,,,,,,,,,,,,,,,
09/11/2012,12:00,COLLEGE AVENUE & MORRISON AVENUE,Somerville,MA,,,,,,,,,,,,,,,,,,,,,,,,,,,,,0,0,0,,,,,0,,,,,,,,,,,,,,,,,,,,,,0,,,,,,,,,,,,,,,,,,,,,,,,,,
09/12/2012,8:54,MYSTIC AVENUE & ASSEMBLY SQUARE DRIVE,Somerville,MA,,,,,,,,,,,,,,,,,,,,,,,,,,,,,0,0,0,,,,,0,,,,,,,,,,,,,,,,,,,,,,0,,,,,,,,,,,,,,,,,,,,,,,,,,
09/12/2012,10:05,729 SOMERVILLE AVENUE,Somerville,MA,,,,,,,,,,,,,,,,,,,,,,,,,,,,,0,0,0,,,,,0,,,,,,,,,,,,,,,,,,,,,,0,,,,,,,,,,,,,,,,,,,,,,,,,,
09/13/2012,2:00,WILLOW AVENUE & MORRISON AVENUE,Somerville,MA,,,,,,,,,,,,,,,,,,,,,,,,,,,,,1,0,0,,,,,1,,,,,,,,,,,,,,,,,,,,,,0,,,,,,,,,,,,,,,,,,,,,,,,,,
09/13/2012,11:00,HIGHLAND AVENUE & CEDAR STREET,Somerville,MA,,,,,,,,,,,,,,,,,,,,,,,,,,,,,1,0,0,,,,,0,,,,,,,,,,,,,,,,,,,,,,0,,,,,,,,,,,,,,,,,,,,,,,,,,
09/15/2012,10:02,110 WALNUT STREET,Somerville,MA,,,,,,,,,,,,,,,,,,,,,,,,,,,,,0,0,0,,,,,1,,,,,,,,,,,,,,,,,,,,,,0,,,,,,,,,,,,,,,,,,,,,,,,,,
09/16/2012,12:23,BROADWAY & WINCHESTER STREET & ALBION STREET,Somerville,MA,,,,,,,,,,,,,,,,,,,,,,,,,,,,,0,0,0,,,,,0,,,,,,,,,,,,,,,,,,,,,,0,,,,,,,,,,,,,,,,,,,,,,,,,,
09/16/2012,14:58,ELM STREET & BANKS STREET,Somerville,MA,,,,,,,,,,,,,,,,,,,,,,,,,,,,,0,0,0,,,,,0,,,,,,,,,,,,,,,,,,,,,,0,,,,,,,,,,,,,,,,,,,,,,,,,,
09/16/2012,20:40,81 SUMMER STREET,Somerville,MA,,,,,,,,,,,,,,,,,,,,,,,,,,,,,0,0,0,,,,,0,,,,,,,,,,,,,,,,,,,,,,0,,,,,,,,,,,,,,,,,,,,,,,,,,
09/17/2012,3:30,183 HIGHLAND AVENUE,Somerville,MA,,,,,,,,,,,,,,,,,,,,,,,,,,,,,0,0,0,,,,,1,,,,,,,,,,,,,,,,,,,,,,0,,,,,,,,,,,,,,,,,,,,,,,,,,
09/18/2012,11:31,77 WOODS AVENUE,Somerville,MA,,,,,,,,,,,,,,,,,,,,,,,,,,,,,0,0,0,,,,,0,,,,,,,,,,,,,,,,,,,,,,0,,,,,,,,,,,,,,,,,,,,,,,,,,
09/18/2012,17:09,SOMERVILLE AVENUE & WASHINGTON STREET,Somerville,MA,,,,,,,,,,,,,,,,,,,,,,,,,,,,,0,0,0,,,,,0,,,,,,,,,,,,,,,,,,,,,,0,,,,,,,,,,,,,,,,,,,,,,,,,,
09/20/2012,7:42,HOLLAND STREET & IRVING STREET,Somerville,MA,,,,,,,,,,,,,,,,,,,,,,,,,,,,,0,0,0,,,,,0,,,,,,,,,,,,,,,,,,,,,,0,,,,,,,,,,,,,,,,,,,,,,,,,,
09/22/2012,23:35,153 CENTRAL STREET,Somerville,MA,,,,,,,,,,,,,,,,,,,,,,,,,,,,,0,0,0,,,,,0,,,,,,,,,,,,,,,,,,,,,,0,,,,,,,,,,,,,,,,,,,,,,,,,,
09/23/2012,3:00,378 BEACON STREET,Somerville,MA,,,,,,,,,,,,,,,,,,,,,,,,,,,,,0,0,0,,,,,0,,,,,,,,,,,,,,,,,,,,,,0,,,,,,,,,,,,,,,,,,,,,,,,,,
09/24/2012,20:13,415 HIGHLAND AVENUE,Somerville,MA,,,,,,,,,,,,,,,,,,,,,,,,,,,,,0,0,0,,,,,0,,,,,,,,,,,,,,,,,,,,,,0,,,,,,,,,,,,,,,,,,,,,,,,,,
09/25/2012,12:07,HIGHLAND AVENUE & CEDAR STREET,Somerville,MA,,,,,,,,,,,,,,,,,,,,,,,,,,,,,0,0,0,,,,,1,,,,,,,,,,,,,,,,,,,,,,0,,,,,,,,,,,,,,,,,,,,,,,,,,
09/26/2012,8:58,NEWTON STREET & WEBSTER AVENUE,Somerville,MA,,,,,,,,,,,,,,,,,,,,,,,,,,,,,0,0,0,,,,,0,,,,,,,,,,,,,,,,,,,,,,0,,,,,,,,,,,,,,,,,,,,,,,,,,
09/26/2012,18:54,WARNER STREET,Somerville,MA,,,,,,,,,,,,,,,,,,,,,,,,,,,,,0,0,0,,,,,1,,,,,,,,,,,,,,,,,,,,,,0,,,,,,,,,,,,,,,,,,,,,,,,,,
09/27/2012,7:20,21 BAILEY STREET,Somerville,MA,,,,,,,,,,,,,,,,,,,,,,,,,,,,,0,0,0,,,,,0,,,,,,,,,,,,,,,,,,,,,,0,,,,,,,,,,,,,,,,,,,,,,,,,,
09/27/2012,22:05,72 POWDER HOUSE BOULEVARD,Somerville,MA,,,,,,,,,,,,,,,,,,,,,,,,,,,,,0,0,0,,,,,0,,,,,,,,,,,,,,,,,,,,,,0,,,,,,,,,,,,,,,,,,,,,,,,,,
09/27/2012,10:46,HOLLAND STREET & BUENA VISTA ROAD,Somerville,MA,,,,,,,,,,,,,,,,,,,,,,,,,,,,,1,0,0,,,,,1,,,,,,,,,,,,,,,,,,,,,,0,,,,,,,,,,,,,,,,,,,,,,,,,,
09/28/2012,10:39,BROADWAY & MCGRATH HIGHWAY,Somerville,MA,,,,,,,,,,,,,,,,,,,,,,,,,,,,,0,0,0,,,,,0,,,,,,,,,,,,,,,,,,,,,,0,,,,,,,,,,,,,,,,,,,,,,,,,,
09/28/2012,13:51,1118 BROADWAY,Somerville,MA,,,,,,,,,,,,,,,,,,,,,,,,,,,,,0,0,0,,,,,1,,,,,,,,,,,,,,,,,,,,,,0,,,,,,,,,,,,,,,,,,,,,,,,,,
09/29/2012,0:00,11 CUTTER AVENUE,Somerville,MA,,,,,,,,,,,,,,,,,,,,,,,,,,,,,0,0,0,,,,,0,,,,,,,,,,,,,,,,,,,,,,0,,,,,,,,,,,,,,,,,,,,,,,,,,
09/30/2012,9:10,JASPER STREET & PEARL STREET,Somerville,MA,,,,,,,,,,,,,,,,,,,,,,,,,,,,,0,0,0,,,,,0,,,,,,,,,,,,,,,,,,,,,,0,,,,,,,,,,,,,,,,,,,,,,,,,,
09/30/2012,10:00,581 SOMERVILLE AVENUE,Somerville,MA,,,,,,,,,,,,,,,,,,,,,,,,,,,,,0,0,0,,,,,1,,,,,,,,,,,,,,,,,,,,,,0,,,,,,,,,,,,,,,,,,,,,,,,,,
09/30/2012,21:50,295 LOWELL STREET,Somerville,MA,,,,,,,,,,,,,,,,,,,,,,,,,,,,,0,0,0,,,,,1,,,,,,,,,,,,,,,,,,,,,,0,,,,,,,,,,,,,,,,,,,,,,,,,,
09/30/2012,11:04,181 SOMERVILLE AVENUE,Somerville,MA,,,,,,,,,,,,,,,,,,,,,,,,,,,,,0,1,0,,,,,1,,,,,,,,,,,,,,,,,,,,,,0,,,,,,,,,,,,,,,,,,,,,,,,,,
10/01/2012,3:15,71 CENTRAL STREET,Somerville,MA,,,,,,,,,,,,,,,,,,,,,,,,,,,,,0,0,0,,,,,0,,,,,,,,,,,,,,,,,,,,,,0,,,,,,,,,,,,,,,,,,,,,,,,,,
10/01/2012,7:44,52 PARTRIDGE AVENUE,Somerville,MA,,,,,,,,,,,,,,,,,,,,,,,,,,,,,0,0,0,,,,,0,,,,,,,,,,,,,,,,,,,,,,0,,,,,,,,,,,,,,,,,,,,,,,,,,
10/01/2012,8:39,COLLEGE AVENUE & WINTER STREET,Somerville,MA,,,,,,,,,,,,,,,,,,,,,,,,,,,,,0,0,0,,,,,0,,,,,,,,,,,,,,,,,,,,,,0,,,,,,,,,,,,,,,,,,,,,,,,,,
10/02/2012,7:20,108 SCHOOL STREET,Somerville,MA,,,,,,,,,,,,,,,,,,,,,,,,,,,,,0,0,0,,,,,0,,,,,,,,,,,,,,,,,,,,,,0,,,,,,,,,,,,,,,,,,,,,,,,,,
10/02/2012,8:22,BROADWAY & RUSSELL ROAD,Somerville,MA,,,,,,,,,,,,,,,,,,,,,,,,,,,,,0,0,0,,,,,1,,,,,,,,,,,,,,,,,,,,,,0,,,,,,,,,,,,,,,,,,,,,,,,,,
10/04/2012,1:15,CURTIS STREET & BROADWAY,Somerville,MA,,,,,,,,,,,,,,,,,,,,,,,,,,,,,0,0,0,,,,,0,,,,,,,,,,,,,,,,,,,,,,0,,,,,,,,,,,,,,,,,,,,,,,,,,
10/05/2012,21:50,2 UNION SQUARE,Somerville,MA,,,,,,,,,,,,,,,,,,,,,,,,,,,,,0,0,0,,,,,0,,,,,,,,,,,,,,,,,,,,,,0,,,,,,,,,,,,,,,,,,,,,,,,,,
10/06/2012,16:35,137 WASHINGTON STREET,Somerville,MA,,,,,,,,,,,,,,,,,,,,,,,,,,,,,0,1,0,,,,,0,,,,,,,,,,,,,,,,,,,,,,0,,,,,,,,,,,,,,,,,,,,,,,,,,
10/08/2012,1:00,BROADWAY,Somerville,MA,,,,,,,,,,,,,,,,,,,,,,,,,,,,,0,0,0,,,,,0,,,,,,,,,,,,,,,,,,,,,,0,,,,,,,,,,,,,,,,,,,,,,,,,,
10/08/2012,18:55,BROADWAY & FENWICK STREET,Somerville,MA,,,,,,,,,,,,,,,,,,,,,,,,,,,,,0,0,0,,,,,1,,,,,,,,,,,,,,,,,,,,,,0,,,,,,,,,,,,,,,,,,,,,,,,,,
10/09/2012,8:05,CEDAR STREET & HUDSON STREET,Somerville,MA,,,,,,,,,,,,,,,,,,,,,,,,,,,,,0,0,0,,,,,0,,,,,,,,,,,,,,,,,,,,,,0,,,,,,,,,,,,,,,,,,,,,,,,,,
10/10/2012,17:21,BROADWAY & RUSSELL ROAD,Somerville,MA,,,,,,,,,,,,,,,,,,,,,,,,,,,,,0,0,0,,,,,0,,,,,,,,,,,,,,,,,,,,,,0,,,,,,,,,,,,,,,,,,,,,,,,,,
10/10/2012,17:30,BEACON STREET & OXFORD STREET,Somerville,MA,,,,,,,,,,,,,,,,,,,,,,,,,,,,,0,0,0,,,,,0,,,,,,,,,,,,,,,,,,,,,,0,,,,,,,,,,,,,,,,,,,,,,,,,,
10/11/2012,7:49,167 ELM STREET,Somerville,MA,,,,,,,,,,,,,,,,,,,,,,,,,,,,,0,0,0,,,,,0,,,,,,,,,,,,,,,,,,,,,,0,,,,,,,,,,,,,,,,,,,,,,,,,,
10/11/2012,0:00,PRESCOTT STREET & SUMMER STREET,Somerville,MA,,,,,,,,,,,,,,,,,,,,,,,,,,,,,1,0,0,,,,,0,,,,,,,,,,,,,,,,,,,,,,0,,,,,,,,,,,,,,,,,,,,,,,,,,
10/12/2012,0:00,406 HIGHLAND AVENUE,Somerville,MA,,,,,,,,,,,,,,,,,,,,,,,,,,,,,0,0,0,,,,,0,,,,,,,,,,,,,,,,,,,,,,0,,,,,,,,,,,,,,,,,,,,,,,,,,
10/12/2012,18:55,382 MEDFORD STREET,Somerville,MA,,,,,,,,,,,,,,,,,,,,,,,,,,,,,0,0,0,,,,,0,,,,,,,,,,,,,,,,,,,,,,0,,,,,,,,,,,,,,,,,,,,,,,,,,
10/13/2012,10:45,MIDDLESEX AVENUE & CUMMINGS STREET,Somerville,MA,,,,,,,,,,,,,,,,,,,,,,,,,,,,,0,0,0,,,,,1,,,,,,,,,,,,,,,,,,,,,,0,,,,,,,,,,,,,,,,,,,,,,,,,,
10/13/2012,16:28,406 WASHINGTON STREET,Somerville,MA,,,,,,,,,,,,,,,,,,,,,,,,,,,,,0,0,0,,,,,1,,,,,,,,,,,,,,,,,,,,,,0,,,,,,,,,,,,,,,,,,,,,,,,,,
10/16/2012,10:44,BROADWAY & WILLOW AVENUE,Somerville,MA,,,,,,,,,,,,,,,,,,,,,,,,,,,,,0,0,0,,,,,0,,,,,,,,,,,,,,,,,,,,,,0,,,,,,,,,,,,,,,,,,,,,,,,,,
10/16/2012,11:23,19 PRESCOTT STREET,Somerville,MA,,,,,,,,,,,,,,,,,,,,,,,,,,,,,0,0,0,,,,,1,,,,,,,,,,,,,,,,,,,,,,0,,,,,,,,,,,,,,,,,,,,,,,,,,
10/17/2012,7:24,250 BROADWAY,Somerville,MA,,,,,,,,,,,,,,,,,,,,,,,,,,,,,0,0,0,,,,,1,,,,,,,,,,,,,,,,,,,,,,0,,,,,,,,,,,,,,,,,,,,,,,,,,
10/17/2012,9:07,105 BROADWAY,Somerville,MA,,,,,,,,,,,,,,,,,,,,,,,,,,,,,0,0,0,,,,,0,,,,,,,,,,,,,,,,,,,,,,0,,,,,,,,,,,,,,,,,,,,,,,,,,
10/17/2012,18:42,15 BAILEY ROAD,Somerville,MA,,,,,,,,,,,,,,,,,,,,,,,,,,,,,0,0,0,,,,,1,,,,,,,,,,,,,,,,,,,,,,0,,,,,,,,,,,,,,,,,,,,,,,,,,
10/18/2012,13:36,CLIFTON STREET & APPLETON STREET,Somerville,MA,,,,,,,,,,,,,,,,,,,,,,,,,,,,,0,0,0,,,,,0,,,,,,,,,,,,,,,,,,,,,,0,,,,,,,,,,,,,,,,,,,,,,,,,,
10/18/2012,8:15,WEBSTER AVENUE & PROSPECT STREET,Somerville,MA,,,,,,,,,,,,,,,,,,,,,,,,,,,,,0,1,0,,,,,1,,,,,,,,,,,,,,,,,,,,,,0,,,,,,,,,,,,,,,,,,,,,,,,,,
10/19/2012,8:54,MEDFORD STREET & WALNUT STREET,Somerville,MA,,,,,,,,,,,,,,,,,,,,,,,,,,,,,0,0,0,,,,,0,,,,,,,,,,,,,,,,,,,,,,0,,,,,,,,,,,,,,,,,,,,,,,,,,
10/19/2012,15:18,TEMPLE STREET & BROADWAY,Somerville,MA,,,,,,,,,,,,,,,,,,,,,,,,,,,,,0,0,0,,,,,0,,,,,,,,,,,,,,,,,,,,,,0,,,,,,,,,,,,,,,,,,,,,,,,,,
10/19/2012,18:24,BEACON STREET,Somerville,MA,,,,,,,,,,,,,,,,,,,,,,,,,,,,,1,0,0,,,,,0,,,,,,,,,,,,,,,,,,,,,,0,,,,,,,,,,,,,,,,,,,,,,,,,,
10/20/2012,0:00,85 PEARL STREET,Somerville,MA,,,,,,,,,,,,,,,,,,,,,,,,,,,,,0,0,0,,,,,0,,,,,,,,,,,,,,,,,,,,,,0,,,,,,,,,,,,,,,,,,,,,,,,,,
10/20/2012,2:45,MCGRATH HIGHWAY & WASHINGTON STREET,Somerville,MA,,,,,,,,,,,,,,,,,,,,,,,,,,,,,0,0,0,,,,,0,,,,,,,,,,,,,,,,,,,,,,0,,,,,,,,,,,,,,,,,,,,,,,,,,
10/20/2012,9:05,BROADWAY & BOSTON AVENUE,Somerville,MA,,,,,,,,,,,,,,,,,,,,,,,,,,,,,0,0,0,,,,,1,,,,,,,,,,,,,,,,,,,,,,0,,,,,,,,,,,,,,,,,,,,,,,,,,
10/20/2012,15:30,HIGHLAND AVENUE & CENTRAL STREET,Somerville,MA,,,,,,,,,,,,,,,,,,,,,,,,,,,,,0,0,0,,,,,0,,,,,,,,,,,,,,,,,,,,,,0,,,,,,,,,,,,,,,,,,,,,,,,,,