Date,Time,Location,City,State,Weather (2&3),Road Surface (6),Traffic Control Device (4),Intersection Type (7),Traffic Way Desc (8),Collision Manner (11),# of Involved Vehicles,Vehicle1 Configuration (21),Driver1 Contrib Code1 (25),Driver1 Contrib Code2 (25),Vehicle2 Configuration (21),Driver2 Contrib Code1 (25),Driver2 Contrib Code2 (25),Vehicle3 Configuration (21),Driver3 Contrib Code1 (25),Driver3 Contrib Code2 (25),Vehicle4 Configuration (21),Driver4 Contrib Code1 (25),Driver4 Contrib Code2 (25),Vehicle5 Configuration (21),Driver5 Contrib Code1 (25),Driver5 Contrib Code2 (25),Vehicle6 Configuration (21),Driver6 Contrib Code1 (25),Driver6 Contrib Code2 (25),Vehicle7 Configuration (21),Driver7 Contrib Code1 (25),Driver7 Contrib Code2 (25),Bicycle,Pedestrian,Non-MV,Non-Motorist Location (16),Non-Motorist Action (15),Non-Motorist Type,Manner of Non-Motorist (Person) Collision,Injury,Multiple,Gender1,Age1,Severity1,Hospital1,Gender2,Age2,Severity2,Hospital2,Gender3,Age3,Severity3,Hospital3,Gender4,Age4,Severity4,Hospital4,Gender5,Age5,Severity5,Hospital5,City Vehicle?,Notes,column 65,column 66,column 67,column 68,column 69,column 70,column 71,column 72,column 73,column 74,column 75,column 76,column 77,column 78,column 79,column 80,column 81,column 82,column 83,column 84,column 85,column 86,column 87,column 88,column 89
12/18/2012,7:52,82 ELM STREET,Somerville,MA,,,,,,,,,,,,,,,,,,,,,,,,,,,,,0,0,0,,,,,0,,,,,,,,,,,,,,,,,,,,,,0,,,,,,,,,,,,,,,,,,,,,,,,,,
12/18/2012,12:56,BROADWAY & PAULINA STREET,Somerville,MA,,,,,,,,,,,,,,,,,,,,,,,,,,,,,0,0,0,,,,,0,,,,,,,,,,,,,,,,,,,,,,0,,,,,,,,,,,,,,,,,,,,,,,,,,
12/18/2012,13:21,HIGHLAND AVENUE & PRESCOTT STREET,Somerville,MA,,,,,,,,,,,,,,,,,,,,,,,,,,,,,0,0,0,,,,,1,,,,,,,,,,,,,,,,,,,,,,0,,,,,,,,,,,,,,,,,,,,,,,,,,
12/19/2012,14:06,WEBSTER AVENUE & PROSPECT STREET,Somerville,MA,,,,,,,,,,,,,,,,,,,,,,,,,,,,,0,0,0,,,,,0,,,,,,,,,,,,,,,,,,,,,,0,,,,,,,,,,,,,,,,,,,,,,,,,,
12/19/2012,22:23,146 PEARL STREET,Somerville,MA,,,,,,,,,,,,,,,,,,,,,,,,,,,,,0,0,0,,,,,1,,,,,,,,,,,,,,,,,,,,,,0,,,,,,,,,,,,,,,,,,,,,,,,,,
12/21/2012,10:03,SUMMER STREET & CENTRAL STREET,Somerville,MA,,,,,,,,,,,,,,,,,,,,,,,,,,,,,0,0,0,,,,,0,,,,,,,,,,,,,,,,,,,,,,0,,,,,,,,,,,,,,,,,,,,,,,,,,
12/21/2012,10:48,209 WASHINGTON STREET,Somerville,MA,,,,,,,,,,,,,,,,,,,,,,,,,,,,,0,0,0,,,,,1,,,,,,,,,,,,,,,,,,,,,,0,,,,,,,,,,,,,,,,,,,,,,,,,,
12/22/2012,21:28,WILLOW AVENUE & MORRISON AVENUE,Somerville,MA,,,,,,,,,,,,,,,,,,,,,,,,,,,,,0,0,0,,,,,1,,,,,,,,,,,,,,,,,,,,,,0,,,,,,,,,,,,,,,,,,,,,,,,,,
12/23/2012,1:39,125 CENTRAL STREET,Somerville,MA,,,,,,,,,,,,,,,,,,,,,,,,,,,,,0,0,0,,,,,1,,,,,,,,,,,,,,,,,,,,,,0,,,,,,,,,,,,,,,,,,,,,,,,,,
12/23/2012,19:10,157 BEACON STREET,Somerville,MA,,,,,,,,,,,,,,,,,,,,,,,,,,,,,0,0,0,,,,,1,,,,,,,,,,,,,,,,,,,,,,0,,,,,,,,,,,,,,,,,,,,,,,,,,
12/26/2012,14:47,30 MEMORIAL ROAD,Somerville,MA,,,,,,,,,,,,,,,,,,,,,,,,,,,,,0,0,0,,,,,1,,,,,,,,,,,,,,,,,,,,,,0,,,,,,,,,,,,,,,,,,,,,,,,,,
12/27/2012,9:50,SUMMER STREET & CENTRAL STREET & CRAIGIE STREET,Somerville,MA,,,,,,,,,,,,,,,,,,,,,,,,,,,,,0,0,0,,,,,0,,,,,,,,,,,,,,,,,,,,,,0,,,,,,,,,,,,,,,,,,,,,,,,,,
12/27/2012,21:29,BROADWAY & CROSS STREET,Somerville,MA,,,,,,,,,,,,,,,,,,,,,,,,,,,,,0,1,0,,,,,1,,,,,,,,,,,,,,,,,,,,,,0,,,,,,,,,,,,,,,,,,,,,,,,,,
01/02/2013,0:00,854 BROADWAY,Somerville,MA,1,1,3,7,99,2,2,1,99,,1,99,,,,,,,,,,,,,,,,,0,0,0,,,,,1,,0,54,4,1,,,,,,,,,,,,,,,,,0,,,,,,,,,,,,,,,,,,,,,,,,,,
01/02/2013,9:40,97 WASHINGTON STREET,Somerville,MA,1,1,1,1,1,2,2,2,1,,1,97,,,,,,,,,,,,,,,,,0,0,0,,,,,0,,,,,,,,,,,,,,,,,,,,,,0,,,,,,,,,,,,,,,,,,,,,,,,,,
01/03/2013,0:00,61 DARTMOUTH STREET,Somerville,MA,1,4,4,1,4,6,5,1,99,,1,1,,1,1,,1,1,,1,1,,,,,,,,0,0,0,,,,,1,,1,27,99,1,,,,,,,,,,,,,,,,,0,,,,,,,,,,,,,,,,,,,,,,,,,,
01/03/2013,8:30,12 FAIRMOUNT AVENUE,Somerville,MA,1,1,1,1,1,3,2,1,11,,1,1,,,,,,,,,,,,,,,,,0,0,0,,,,,0,,,,,,,,,,,,,,,,,,,,,,0,,,,,,,,,,,,,,,,,,,,,,,,,,
01/03/2013,10:01,151 LINWOOD STREET,Somerville,MA,1,1,1,1,1,4,2,10,1,,2,1,,,,,,,,,,,,,,,,,0,0,0,,,,,0,,,,,,,,,,,,,,,,,,,,,,0,,,,,,,,,,,,,,,,,,,,,,,,,,
01/03/2013,11:00,167 HOLLAND STREET,Somerville,MA,1,4,1,9,2,4,2,5,6,,1,1,,,,,,,,,,,,,,,,,0,0,0,,,,,0,,,,,,,,,,,,,,,,,,,,,,0,,,,,,,,,,,,,,,,,,,,,,,,,,
01/03/2013,16:17,WEBSTER AVENUE & NORFOLK STREET,Somerville,MA,unk,unk,unk,unk,unk,unk,5,1,1,,2,1,,1,1,,,,,,,,,,,,,,0,0,0,,,,,1,,1,59,3,1,,,,,,,,,,,,,,,,,0,,,,,,,,,,,,,,,,,,,,,,,,,,
01/04/2013,8:00,246 BROADWAY,Somerville,MA,1,1,1,1,2,2,2,1,9,,2,1,,,,,,,,,,,,,,,,,0,0,0,,,,,0,,,,,,,,,,,,,,,,,,,,,,0,,,,,,,,,,,,,,,,,,,,,,,,,,
01/04/2013,15:38,220 WASHINGTON STREET,Somerville,MA,1,1,1,1,2,4,2,2,1,,1,1,,,,,,,,,,,,,,,,,0,0,0,,,,,0,,,,,,,,,,,,,,,,,,,,,,0,,,,,,,,,,,,,,,,,,,,,,,,,,
01/04/2013,10:06,382 MEDFORD STREET,Somerville,MA,1,1,1,1,1,4,3,1,16,,2,,,1,,,,,,,,,,,,,,,0,1,0,1,1,,5,1,3,1,68,2,1,0,25,4,0,1,2,4,0,,,,,,,,,0,,,,,,,,,,,,,,,,,,,,,,,,,,
01/05/2013,13:25,483 BROADWAY,Somerville,MA,1,1,1,1,2,4,3,1,1,,1,1,,2,3,,,,,,,,,,,,,,0,0,0,,,,,0,,,,,,,,,,,,,,,,,,,,,,0,,,,,,,,,,,,,,,,,,,,,,,,,,
01/07/2013,8:31,SOMERVILLE AVENUE & SPRING STREET,Somerville,MA,1,1,2,3,1,3,2,2,4,,1,1,,,,,,,,,,,,,,,,,0,0,0,,,,,1,,1,34,4,0,,,,,,,,,,,,,,,,,0,,,,,,,,,,,,,,,,,,,,,,,,,,
01/08/2013,10:13,SUMMER STREET & LINDEN AVENUE,Somerville,MA,1,1,2,2,1,3,2,2,9,,1,1,,,,,,,,,,,,,,,,,0,0,0,,,,,0,,,,,,,,,,,,,,,,,,,,,,0,,,,,,,,,,,,,,,,,,,,,,,,,,
01/08/2013,10:20,110 HANCOCK STREET,Somerville,MA,1,1,1,1,1,99,2,2,1,,1,99,,,,,,,,,,,,,,,,,0,0,0,,,,,0,,,,,,,,,,,,,,,,,,,,,,1,,,,,,,,,,,,,,,,,,,,,,,,,,
01/09/2013,1:10,SUMMER STREET & WILLOW AVENUE,Somerville,MA,1,1,3,2,2,1,1,1,20,,,,,,,,,,,,,,,,,,,,0,0,1,1,97,Fence,,0,,,,,,,,,,,,,,,,,,,,,,0,,,,,,,,,,,,,,,,,,,,,,,,,,
01/09/2013,12:03,SUMMER STREET & PORTER STREET,Somerville,MA,2,1,2,2,1,3,2,2,3,,2,1,,,,,,,,,,,,,,,,,0,0,0,,,,,0,,,,,,,,,,,,,,,,,,,,,,0,,,,,,,,,,,,,,,,,,,,,,,,,,
01/11/2013,8:09,114 JOSEPHINE AVENUE,Somerville,MA,1,1,1,1,4,3,2,1,1,,1,4,,,,,,,,,,,,,,,,,0,0,0,,,,,0,,,,,,,,,,,,,,,,,,,,,,0,,,,,,,,,,,,,,,,,,,,,,,,,,
01/11/2013,12:33,WASHINGTON STREET & WASHINGTON TERRACE,Somerville,MA,2,1,1,3,1,2,2,2,1,,1,1,,,,,,,,,,,,,,,,,0,0,0,,,,,1,,1,40,4,1,,,,,,,,,,,,,,,,,0,,,,,,,,,,,,,,,,,,,,,,,,,,
01/11/2013,15:09,115 SYCAMORE STREET,Somerville,MA,1,1,1,1,4,4,2,2,3,,1,,,,,,,,,,,,,,,,,,0,0,0,,,,,0,,,,,,,,,,,,,,,,,,,,,,0,,,,,,,,,,,,,,,,,,,,,,,,,,
01/11/2013,20:28,VERNON STREET & MINER STREET,Somerville,MA,1,unk,unk,unk,unk,unk,2,1,1,,1,,,,,,,,,,,,,,,,,,0,0,0,,,,,1,,0,27,3,1,,,,,,,,,,,,,,,,,0,,,,,,,,,,,,,,,,,,,,,,,,,,
01/11/2013,22:16,BROADWAY & MEDFORD STREET,Somerville,MA,3,2,3,8,2,1,1,1,1,,,,,,,,,,,,,,,,,,,,0,1,0,1,1,,1,1,,0,16,4,1,,,,,,,,,,,,,,,,,0,,,,,,,,,,,,,,,,,,,,,,,,,,
01/12/2013,12:50,SUMMER STREET & CENTRAL STREET,Somerville,MA,1,2,3,2,1,3,2,1,1,,1,,,,,,,,,,,,,,,,,,0,0,0,,,,,0,,,,,,,,,,,,,,,,,,,,,,0,,,,,,,,,,,,,,,,,,,,,,,,,,
01/13/2013,2:50,BROADWAY & BARTON STREET,Somerville,MA,3,2,1,3,1,6,3,1,2,,1,,,1,,,,,,,,,,,,,,,0,0,0,,,,,0,,,,,,,,,,,,,,,,,,,,,,0,,,,,,,,,,,,,,,,,,,,,,,,,,
01/13/2013,12:47,446 BROADWAY,Somerville,MA,2,1,1,1,1,2,3,90,1,,1,99,,,99,,,,,,,,,,,,,,0,0,0,,,,,0,,,,,,,,,,,,,,,,,,,,,,0,,,,,,,,,,,,,,,,,,,,,,,,,,
01/13/2013,18:51,SUMMER STREET & CENTRAL STREET,Somerville,MA,2,2,3,2,1,2,2,2,1,,,5,,,,,,,,,,,,,,,,,0,0,0,,,,,1,,0,39,3,1,,,,,,,,,,,,,,,,,0,,,,,,,,,,,,,,,,,,,,,,,,,,
01/13/2013,22:10,WASHINGTON STREET & FRANKLIN AVENUE,Somerville,MA,2,1,1,3,1,3,2,2,4,,1,1,,,,,,,,,,,,,,,,,0,0,0,,,,,0,,,,,,,,,,,,,,,,,,,,,,0,,,,,,,,,,,,,,,,,,,,,,,,,,
01/14/2013,18:21,184 SUMMER STREET,Somerville,MA,1,1,1,1,1,1,1,1,12,7,,,,,,,,,,,,,,,,,,,0,0,1,,,Fire alarm pull box; fence,,0,,,,,,,,,,,,,,,,,,,,,,0,,,,,,,,,,,,,,,,,,,,,,,,,,
01/16/2013,6:54,1 LAUREL TERRACE,Somerville,MA,4,3,1,3,4,1,1,2,11,,,,,,,,,,,,,,,,,,,,0,0,1,,,Residence,,0,,,,,,,,,,,,,,,,,,,,,,0,,,,,,,,,,,,,,,,,,,,,,,,,,
01/16/2013,6:54,28 LAUREL STREET,Somerville,MA,4,3,1,1,4,3,3,1,11,,1,1,,1,1,,,,,,,,,,,,,,0,0,0,,,,,0,,,,,,,,,,,,,,,,,,,,,,0,,,,,,,,,,,,,,,,,,,,,,,,,,
01/16/2013,7:22,102 CURTIS STREET,Somerville,MA,4,3,1,1,1,6,1,2,99,,,,,,,,,,,,,,,,,,,,0,0,1,,,Fence,,0,,,,,,,,,,,,,,,,,,,,,,0,,,,,,,,,,,,,,,,,,,,,,,,,,
01/16/2013,7:38,WARREN STREET & MEDFORD STREET,Somerville,MA,4,3,2,3,4,2,2,2,1,,2,5,,,,,,,,,,,,,,,,,0,0,0,,,,,0,,,,,,,,,,,,,,,,,,,,,,0,,,,,,,,,,,,,,,,,,,,,,,,,,
01/17/2013,6:39,MEDFORD STREET & SCHOOL STREET,Somerville,MA,2,2,3,2,1,2,1,2,4,,,,,,,,,,,,,,,,,,,,0,1,0,1,1,,2,1,,0,32,3,1,,,,,,,,,,,,,,,,,0,,,,,,,,,,,,,,,,,,,,,,,,,,
01/18/2013,5:11,Broadway & McGrath Hwy,Somerville,MA,2,1,3,2,2,4,2,1,1,,1,10,,,,,,,,,,,,,,,,,0,0,0,,,,,0,,,,,,,,,,,,,,,,,,,,,,0,,,,,,,,,,,,,,,,,,,,,,,,,,
01/18/2013,8:34,BROADWAY & MOUNT VERNON STREET,Somerville,MA,1,1,3,2,1,3,2,1,4,,1,1,,,,,,,,,,,,,,,,,0,0,0,,,,,0,,,,,,,,,,,,,,,,,,,,,,0,,,,,,,,,,,,,,,,,,,,,,,,,,
01/18/2013,12:10,PROSPECT STREET & WEBSTER AVENUE,Somerville,MA,1,1,3,2,4,1,2,1,1,,1,99,,,,,,,,,,,,,,,,,0,0,0,,,,,0,,,,,,,,,,,,,,,,,,,,,,0,,,,,,,,,,,,,,,,,,,,,,,,,,
01/18/2013,18:32,61 FAIRFAX STREET,Somerville,MA,1,1,1,1,4,4,2,2,20,,2,1,,,,,,,,,,,,,,,,,0,0,0,,,,,0,,,,,,,,,,,,,,,,,,,,,,1,,,,,,,,,,,,,,,,,,,,,,,,,,
01/20/2013,4:55,70 UNION SQUARE,Somerville,MA,1,1,1,1,2,2,2,1,2,7,,,,,,,,,,,,,,,,,,,0,0,0,,,,,1,,1,67,4,1,,,,,,,,,,,,,,,,,0,,,,,,,,,,,,,,,,,,,,,,,,,,
01/21/2013,13:42,COLLEGE AVENUE & WINTER STREET,Somerville,MA,2,1,1,3,2,5,2,1,99,,2,99,,,,,,,,,,,,,,,,,0,0,0,,,,,0,,,,,,,,,,,,,,,,,,,,,,0,,,,,,,,,,,,,,,,,,,,,,,,,,
01/21/2013,21:25,173 PEARL STREET,Somerville,MA,unk,unk,unk,unk,unk,unk,1,2,7,,,,,,,,,,,,,,,,,,,,0,0,1,,,Sign post; tree,,1,,1,,4,1,,,,,,,,,,,,,,,,,0,,,,,,,,,,,,,,,,,,,,,,,,,,
01/22/2013,7:11,LOWDEN AVENUE & BROADWAY,Somerville,MA,1,1,2,3,1,3,3,2,4,,2,1,,1,,,,,,,,,,,,,,,0,0,0,,,,,1,,1,58,4,0,,,,,,,,,,,,,,,,,0,,,,,,,,,,,,,,,,,,,,,,,,,,
01/22/2013,19:34,CENTRAL STREET & HIGHLAND AVENUE,Somerville,MA,1,1,3,2,1,1,1,2,1,,,,,,,,,,,,,,,,,,,,0,1,0,2,1,,2,1,,1,50,3,1,,,,,,,,,,,,,,,,,0,,,,,,,,,,,,,,,,,,,,,,,,,,
01/24/2013,1:19,FREMONT STREET & MAIN STREET,Somerville,MA,1,1,1,3,2,99,1,2,1,,,,,,,,,,,,,,,,,,,,0,0,0,,,,,0,,,,,,,,,,,,,,,,,,,,,,0,,,,,,,,,,,,,,,,,,,,,,,,,,
01/26/2013,12:32,264 HIGHLAND AVENUE,Somerville,MA,1,1,1,1,2,2,2,1,1,,1,1,,,,,,,,,,,,,,,,,0,0,0,,,,,0,,,,,,,,,,,,,,,,,,,,,,0,,,,,,,,,,,,,,,,,,,,,,,,,,
01/28/2013,17:35,266 BROADWAY,Somerville,MA,unk,unk,unk,unk,unk,unk,2,1,1,,1,4,,,,,,,,,,,,,,,,,0,0,0,,,,,0,,,,,,,,,,,,,,,,,,,,,,0,,,,,,,,,,,,,,,,,,,,,,,,,,
01/29/2013,6:55,HIGHLAND AVENUE & GROVE STREET,Somerville,MA,1,3,1,3,2,1,1,2,1,,,,,,,,,,,,,,,,,,,,0,1,0,1,1,,2,1,,0,28,3,1,,,,,,,,,,,,,,,,,0,,,,,,,,,,,,,,,,,,,,,,,,,,
01/30/2013,11:29,63 FRANKLIN STREET,Somerville,MA,2,1,1,1,4,4,2,1,9,,1,1,,,,,,,,,,,,,,,,,0,0,0,,,,,0,,,,,,,,,,,,,,,,,,,,,,0,,,,,,,,,,,,,,,,,,,,,,,,,,
01/30/2013,15:40,WASHINGTON STREET & FLORENCE STREET,Somerville,MA,2,2,1,3,1,2,2,1,19,5,2,1,,,,,,,,,,,,,,,,,0,0,0,,,,,0,,,,,,,,,,,,,,,,,,,,,,0,,,,,,,,,,,,,,,,,,,,,,,,,,
01/30/2013,17:51,SUMMER STREET & CHERRY STREET,Somerville,MA,1,1,1,2,1,2,2,1,20,,1,1,,,,,,,,,,,,,,,,,0,0,0,,,,,1,2,0,52,3,0,0,26,3,1,,,,,,,,,,,,,0,,,,,,,,,,,,,,,,,,,,,,,,,,
01/31/2013,7:29,BROADWAY & NORTH STREET,Somerville,MA,"2,3",2,3,3,1,2,2,2,19,,2,1,,,,,,,,,,,,,,,,,0,0,0,,,,,0,,,,,,,,,,,,,,,,,,,,,,0,,,,,,,,,,,,,,,,,,,,,,,,,,
01/31/2013,23:30,57 BROADWAY,Somerville,MA,1,1,1,1,2,2,2,1,1,,2,10,,,,,,,,,,,,,,,,,0,0,0,,,,,0,,,,,,,,,,,,,,,,,,,,,,0,,,,,,,,,,,,,,,,,,,,,,,,,,
02/01/2013,17:19,643 BROADWAY,Somerville,MA,1,1,3,1,1,2,4,1,19,,1,1,,1,1,,2,1,,,,,,,,,,,0,0,0,,,,,1,,1,23,3,1,,,,,,,,,,,,,,,,,0,,,,,,,,,,,,,,,,,,,,,,,,,,
02/03/2013,9:45,236 CEDAR STREET,Somerville,MA,5,2,1,1,2,3,2,1,1,,2,4,,,,,,,,,,,,,,,,,0,0,0,,,,,0,,,,,,,,,,,,,,,,,,,,,,0,,,,,,,,,,,,,,,,,,,,,,,,,,
02/05/2013,18:15,BROADWAY & WILLOW AVENUE,Somerville,MA,1,1,3,2,1,2,2,1,5,19,1,1,,,,,,,,,,,,,,,,,0,0,0,,,,,0,,,,,,,,,,,,,,,,,,,,,,0,,,,,,,,,,,,,,,,,,,,,,,,,,
02/05/2013,21:45,SCHOOL STREET,Somerville,MA,4,2,1,9,1,3,2,1,1,,1,4,,,,,,,,,,,,,,,,,0,0,0,,,,,0,,,,,,,,,,,,,,,,,,,,,,0,,,,,,,,,,,,,,,,,,,,,,,,,,
02/07/2013,20:52,INNER BELT ROAD & WASHINGTON STREET,Somerville,MA,2,1,3,3,1,2,2,1,5,,1,1,,,,,,,,,,,,,,,,,0,0,0,,,,,1,,1,41,2,1,,,,,,,,,,,,,,,,,0,,,,,,,,,,,,,,,,,,,,,,,,,,
02/07/2013,21:08,ALEWIFE BROOK PARKWAY Rte 16 W & WOODS AVENUE,Somerville,MA,1,1,1,3,1,3,2,2,1,,2,4,,,,,,,,,,,,,,,,,0,0,0,,,,,0,,,,,,,,,,,,,,,,,,,,,,0,,,,,,,,,,,,,,,,,,,,,,,,,,
02/07/2013,11:32,SOMERVILLE AVENUE & LOWELL STREET,Somerville,MA,1,1,1,3,1,3,1,1,99,,,,,,,,,,,,,,,,,,,,1,0,0,4,1,,5,0,,,,,,,,,,,,,,,,,,,,,,0,,,,,,,,,,,,,,,,,,,,,,,,,,
02/07/2013,14:47,MEDFORD STREET & PEARL STREET,Somerville,MA,2,1,1,4,1,2,2,2,10,,1,1,,,,,,,,,,,,,,,,,0,0,0,,,,,0,,,,,,,,,,,,,,,,,,,,,,0,,,,,,,,,,,,,,,,,,,,,,,,,,
02/08/2013,12:00,852 BROADWAY,Somerville,MA,"2,4",2,2,7,1,2,2,2,5,,1,1,,,,,,,,,,,,,,,,,0,0,0,,,,,1,,1,32,3,1,,,,,,,,,,,,,,,,,0,,,,,,,,,,,,,,,,,,,,,,,,,,
02/08/2013,12:42,72 HOLLAND STREET,Somerville,MA,"2,3,4","2,3",1,1,2,"3,5",2,1,1,,1,99,,,,,,,,,,,,,,,,,0,0,0,,,,,1,2,0,23,4,0,1,32,4,0,,,,,,,,,,,,,0,,,,,,,,,,,,,,,,,,,,,,,,,,
02/10/2013,2:25,WEBSTER AVENUE & NEWTON STREET,Somerville,MA,4,3,2,3,4,3,2,1,18,,1,18,,,,,,,,,,,,,,,,,0,0,0,,,,,0,,,,,,,,,,,,,,,,,,,,,,0,,,,,,,,,,,,,,,,,,,,,,,,,,
02/10/2013,7:16,HIGHLAND AVENUE & CENTRAL STREET,Somerville,MA,4,3,3,2,8,2,2,6,1,,1,13,,,,,,,,,,,,,,,,,0,0,0,,,,,1,,1,51,4,1,,,,,,,,,,,,,,,,,0,,,,,,,,,,,,,,,,,,,,,,,,,,
02/10/2013,9:51,MAIN STREET & BROADWAY,Somerville,MA,4,"2,3",3,2,"2,3",99,2,1,99,,1,99,,,,,,,,,,,,,,,,,0,0,0,,,,,0,,,,,,,,,,,,,,,,,,,,,,0,,,,,,,,,,,,,,,,,,,,,,,,,,
02/12/2013,18:00,BROADWAY & MASON STREET,Somerville,MA,unk,unk,unk,unk,unk,unk,2,2,18,6,1,1,,,,,,,,,,,,,,,,,0,0,0,,,,,0,,,,,,,,,,,,,,,,,,,,,,0,,,,,,,,,,,,,,,,,,,,,,,,,,
02/15/2013,8:20,16 BEACON STREET,Somerville,MA,"4,97",2,1,1,2,2,3,1,99,,2,1,,2,1,,,,,,,,,,,,,,0,0,0,,,,,1,2,0,35,4,0,1,34,4,0,,,,,,,,,,,,,0,,,,,,,,,,,,,,,,,,,,,,,,,,
02/15/2013,8:58,235 HIGHLAND AVENUE,Somerville,MA,1,2,1,1,1,2,2,2,5,,2,1,,,,,,,,,,,,,,,,,0,0,0,,,,,0,,,,,,,,,,,,,,,,,,,,,,0,,,,,,,,,,,,,,,,,,,,,,,,,,
02/15/2013,11:07,SCHOOL STREET & BROADWAY,Somerville,MA,unk,unk,unk,unk,unk,unk,2,1,99,,1,99,,,,,,,,,,,,,,,,,0,0,0,,,,,0,,,,,,,,,,,,,,,,,,,,,,0,,,,,,,,,,,,,,,,,,,,,,,,,,
02/15/2013,18:31,POWDER HOUSE BOULEVARD & CURTIS STREET,Somerville,MA,1,2,3,2,1,3,2,1,99,,1,99,,,,,,,,,,,,,,,,,0,0,0,,,,,0,,,,,,,,,,,,,,,,,,,,,,0,,,,,,,,,,,,,,,,,,,,,,,,,,
02/16/2013,17:38,502 MEDFORD STREET,Somerville,MA,1,1,1,1,1,3,2,1,1,,1,19,,,,,,,,,,,,,,,,,0,0,0,,,,,0,,,,,,,,,,,,,,,,,,,,,,0,,,,,,,,,,,,,,,,,,,,,,,,,,
02/16/2013,23:25,HIGHLAND AVENUE & DOVER STREET & HOLLAND STREET,Somerville,MA,1,1,3,8,99,6,2,2,4,,1,1,,,,,,,,,,,,,,,,,0,0,0,,,,,0,,,,,,,,,,,,,,,,,,,,,,0,,,,,,,,,,,,,,,,,,,,,,,,,,
02/18/2013,16:06,MEACHAM ROAD & BUENA VISTA ROAD,Somerville,MA,2,2,1,3,4,4,2,7,1,,1,97,,,,,,,,,,,,,,,,,0,0,0,,,,,0,,,,,,,,,,,,,,,,,,,,,,1,,,,,,,,,,,,,,,,,,,,,,,,,,
02/18/2013,16:21,162 BROADWAY,Somerville,MA,1,1,1,1,3,3,2,1,1,,1,4,,,,,,,,,,,,,,,,,0,0,0,,,,,0,,,,,,,,,,,,,,,,,,,,,,0,,,,,,,,,,,,,,,,,,,,,,,,,,
02/23/2013,6:00,520 COLUMBIA STREET,Somerville,MA,1,1,2,1,2,4,2,2,1,,,,,,,,,,,,,,,,,,,,0,0,0,,,,,0,,,,,,,,,,,,,,,,,,,,,,0,,,,,,,,,,,,,,,,,,,,,,,,,,
02/24/2013,14:09,MYSTIC AVENUE & NEW ROAD,Somerville,MA,4,2,1,2,2,6,2,1,1,,2,97,,,,,,,,,,,,,,,,,0,0,0,,,,,1,,1,20,3,1,,,,,,,,,,,,,,,,,0,,,,,,,,,,,,,,,,,,,,,,,,,,
02/25/2013,21:30,32 SCHOOL STREET,Somerville,MA,unk,unk,unk,unk,unk,unk,2,97,1,,1,1,,,,,,,,,,,,,,,,,0,0,0,,,,,0,,,,,,,,,,,,,,,,,,,,,,1,,,,,,,,,,,,,,,,,,,,,,,,,,
02/26/2013,9:14,59 UNION SQUARE,Somerville,MA,1,1,1,1,1,4,2,1,4,,7,1,,,,,,,,,,,,,,,,,0,0,0,,,,,0,,,,,,,,,,,,,,,,,,,,,,0,,,,,,,,,,,,,,,,,,,,,,,,,,
02/26/2013,17:48,81 PERKINS STREET,Somerville,MA,unk,unk,unk,1,unk,unk,2,7,1,,1,,,,,,,,,,,,,,,,,,0,0,0,,,,,0,,,,,,,,,,,,,,,,,,,,,,1,,,,,,,,,,,,,,,,,,,,,,,,,,
02/28/2013,12:00,LAUREL STREET & SOMERVILLE AVENUE,Somerville,MA,1,1,2,3,1,3,2,2,99,,2,99,,,,,,,,,,,,,,,,,0,0,0,,,,,0,,,,,,,,,,,,,,,,,,,,,,0,,,,,,,,,,,,,,,,,,,,,,,,,,
02/28/2013,15:30,16 CONCORD AVENUE,Somerville,MA,1,1,1,1,4,3,2,1,97,,1,1,,,,,,,,,,,,,,,,,0,0,0,,,,,0,,,,,,,,,,,,,,,,,,,,,,0,,,,,,,,,,,,,,,,,,,,,,,,,,
02/28/2013,18:39,483 BROADWAY,Somerville,MA,2,1,3,1,1,2,2,1,1,,1,5,19,,,,,,,,,,,,,,,,0,0,0,,,,,1,,1,29,4,0,,,,,,,,,,,,,,,,,0,,,,,,,,,,,,,,,,,,,,,,,,,,
03/01/2013,10:34,HIGHLAND AVENUE & COLLEGE AVENUE,Somerville,MA,2,1,3,2,1,3,2,1,99,,2,99,,,,,,,,,,,,,,,,,0,0,0,,,,,0,,,,,,,,,,,,,,,,,,,,,,0,,,,,,,,,,,,,,,,,,,,,,,,,,
03/01/2013,12:25,CROSS STREET & BROADWAY,Somerville,MA,1,1,3,2,1,2,2,1,1,,1,10,,,,,,,,,,,,,,,,,0,0,0,,,,,0,,,,,,,,,,,,,,,,,,,,,,0,,,,,,,,,,,,,,,,,,,,,,,,,,
03/01/2013,13:56,55 SUMMER STREET,Somerville,MA,2,1,1,1,1,2,2,1,19,,1,1,,,,,,,,,,,,,,,,,0,0,0,,,,,0,,,,,,,,,,,,,,,,,,,,,,0,,,,,,,,,,,,,,,,,,,,,,,,,,
03/01/2013,8:53,40 COLLEGE AVENUE,Somerville,MA,2,1,1,1,2,1,1,2,1,,,,,,,,,,,,,,,,,,,,1,0,0,8,2,,3,1,,,,4,0,,,,,,,,,,,,,,,,,0,,,,,,,,,,,,,,,,,,,,,,,,,,
03/03/2013,10:56,WILLOW AVENUE & ELM STREET,Somerville,MA,1,1,1,3,4,1,1,1,99,,,,,,,,,,,,,,,,,,,,0,1,0,1,2,,1,0,,,,,,,,,,,,,,,,,,,,,,0,,,,,,,,,,,,,,,,,,,,,,,,,,
03/04/2013,15:01,107 WASHINGTON STREET,Somerville,MA,1,1,1,1,1,2,2,1,21,,1,,,,,,,,,,,,,,,,,,0,0,0,,,,,0,,,,,,,,,,,,,,,,,,,,,,0,,,,,,,,,,,,,,,,,,,,,,,,,,