Date,Time,Location,City,State,Weather (2&3),Road Surface (6),Traffic Control Device (4),Intersection Type (7),Traffic Way Desc (8),Collision Manner (11),# of Involved Vehicles,Vehicle1 Configuration (21),Driver1 Contrib Code1 (25),Driver1 Contrib Code2 (25),Vehicle2 Configuration (21),Driver2 Contrib Code1 (25),Driver2 Contrib Code2 (25),Vehicle3 Configuration (21),Driver3 Contrib Code1 (25),Driver3 Contrib Code2 (25),Vehicle4 Configuration (21),Driver4 Contrib Code1 (25),Driver4 Contrib Code2 (25),Vehicle5 Configuration (21),Driver5 Contrib Code1 (25),Driver5 Contrib Code2 (25),Vehicle6 Configuration (21),Driver6 Contrib Code1 (25),Driver6 Contrib Code2 (25),Vehicle7 Configuration (21),Driver7 Contrib Code1 (25),Driver7 Contrib Code2 (25),Bicycle,Pedestrian,Non-MV,Non-Motorist Location (16),Non-Motorist Action (15),Non-Motorist Type,Manner of Non-Motorist (Person) Collision,Injury,Multiple,Gender1,Age1,Severity1,Hospital1,Gender2,Age2,Severity2,Hospital2,Gender3,Age3,Severity3,Hospital3,Gender4,Age4,Severity4,Hospital4,Gender5,Age5,Severity5,Hospital5,City Vehicle?,Notes,column 65,column 66,column 67,column 68,column 69,column 70,column 71,column 72,column 73,column 74,column 75,column 76,column 77,column 78,column 79,column 80,column 81,column 82,column 83,column 84,column 85,column 86,column 87,column 88,column 89
09/10/2014,18:02,Somerville Ave & Properzi Way,Somerville,MA,1,1,1,3,1,1,1,2,4,19,,,,,,,,,,,,,,,,,,,1,0,0,10,1,,2,1,,1,25,2,1,,,,,,,,,,,,,,,,,0,,,,,,,,,,,,,,,,,,,,,,,,,,
09/11/2014,13:20,100 Highland Ave,Somerville,MA,2,1,3,1,1,4,2,6,99,,4,99,,,,,,,,,,,,,,,,,0,0,0,,,,,0,,,,,,,,,,,,,,,,,,,,,,1,MBTA bus rendered door of parked DPW vehicle inoperable,,,,,,,,,,,,,,,,,,,,,,,,,
09/12/2014,5:30,124 Cross St,Somerville,MA,1,1,1,1,1,3,3,1,99,,1,99,,,,,,,,,,,,,,,,,0,0,0,,,,,0,,,,,,,,,,,,,,,,,,,,,,0,,,,,,,,,,,,,,,,,,,,,,,,,,
09/12/2014,15:10,292 Broadway,Somerville,MA,1,1,1,3,2,2,2,6,99,,1,1,,,,,,,,,,,,,,,,,0,0,0,,,,,0,,,,,,,,,,,,,,,,,,,,,,0,,,,,,,,,,,,,,,,,,,,,,,,,,
09/14/2014,10:15,517 Medford St,Somerville,MA,1,1,1,1,1,4,2,2,1,,1,1,,,,,,,,,,,,,,,,,0,0,0,,,,,0,,,,,,,,,,,,,,,,,,,,,,0,,,,,,,,,,,,,,,,,,,,,,,,,,
09/15/2014,15:05,Somerville Ave & Craigie St,Somerville,MA,2,1,2,3,1,1,2,6,99,,2,,,,,,,,,,,,,,,,,,0,0,0,,,,,0,,,,,,,,,,,,,,,,,,,,,,0,,,,,,,,,,,,,,,,,,,,,,,,,,
09/17/2014,13:47,Washington St & Rossmore St,Somerville,MA,1,1,1,3,1,2,4,2,97,,2,1,,1,,,1,,,,,,,,,,,,0,0,0,,,,,0,,,,,,,,,,,,,,,,,,,,,,0,,,,,,,,,,,,,,,,,,,,,,,,,,
09/18/2014,22:54,225 Elm St,Somerville,MA,1,1,1,1,4,2,2,1,5,,97,1,,,,,,,,,,,,,,,,,0,0,0,,,,,0,,,,,,,,,,,,,,,,,,,,,,1,Driver rear-ended DPW vehicle,,,,,,,,,,,,,,,,,,,,,,,,,
09/19/2014,11:25,Broadway & Cross St,Somerville,MA,1,1,3,2,3,3,2,1,4,,2,1,,,,,,,,,,,,,,,,,0,0,0,,,,,1,,0,49,4,1,,,,,,,,,,,,,,,,,0,,,,,,,,,,,,,,,,,,,,,,,,,,
09/19/2014,23:37,86 Elm St,Somerville,MA,1,1,6,1,1,3,2,1,1,,1,3,6,,,,,,,,,,,,,,,,0,0,0,,,,,0,,,,,,,,,,,,,,,,,,,,,,0,,,,,,,,,,,,,,,,,,,,,,,,,,
09/21/2014,2:11,44 Paulina St,Somerville,MA,1,1,1,1,4,2,2,1,99,,,,,,,,,,,,,,,,,,,,0,0,0,,,,,0,,,,,,,,,,,,,,,,,,,,,,0,,,,,,,,,,,,,,,,,,,,,,,,,,
09/22/2014,9:30,175 Fellsway,Somerville,MA,1,1,1,2,3,2,2,4,1,,1,1,,,,,,,,,,,,,,,,,0,0,0,,,,,0,,,,,,,,,,,,,,,,,,,,,,0,,,,,,,,,,,,,,,,,,,,,,,,,,
09/24/2014,12:27,Walnut St & Grandview Ave,Somerville,MA,1,1,1,3,4,1,1,2,1,,,,,,,,,,,,,,,,,,,,1,0,0,2,1,,5,1,,1,25,4,0,,,,,,,,,,,,,,,,,0,,,,,,,,,,,,,,,,,,,,,,,,,,
09/25/2014,16:45,Elm St & Linden Ave,Somerville,MA,1,1,1,3,1,2,2,1,1,,2,19,,,,,,,,,,,,,,,,,0,0,0,,,,,0,,,,,,,,,,,,,,,,,,,,,,0,,,,,,,,,,,,,,,,,,,,,,,,,,
09/26/2014,15:40,Powderhouse Blvd & Curtis St,Somerville,MA,99,99,99,99,99,unk,2,1,4,,2,1,,,,,,,,,,,,,,,,,0,0,0,,,,,1,,0,19,4,1,,,,,,,,,,,,,,,,,0,,,,,,,,,,,,,,,,,,,,,,,,,,
09/26/2014,19:45,417 Highland Ave,Somerville,MA,1,1,3,1,4,1,1,1,1,,,,,,,,,,,,,,,,,,,,0,1,0,4,1,,5,0,,,,,,,,,,,,,,,,,,,,,,0,,,,,,,,,,,,,,,,,,,,,,,,,,
09/27/2014,4:45,Cross St & Flint St,Somerville,MA,1,1,1,2,1,4,2,1,99,,1,1,,,,,,,,,,,,,,,,,0,0,0,,,,,0,,,,,,,,,,,,,,,,,,,,,,0,,,,,,,,,,,,,,,,,,,,,,,,,,
09/27/2014,17:22,9 Lovell St,Somerville,MA,1,1,1,1,4,4,2,2,97,,1,1,,,,,,,,,,,,,,,,,0,0,0,,,,,0,,,,,,,,,,,,,,,,,,,,,,1,Cruiser struck parked MV while parking,,,,,,,,,,,,,,,,,,,,,,,,,
09/28/2014,10:33,Webster Ave & Newton St,Somerville,MA,1,1,1,2,1,1,1,1,2,,,,,,,,,,,,,,,,,,,,0,0,1,,,Guard rail,,0,,,,,,,,,,,,,,,,,,,,,,0,,,,,,,,,,,,,,,,,,,,,,,,,,
09/28/2014,17:55,Broadway & School St,Somerville,MA,1,1,3,2,3,2,3,1,1,,1,1,,1,1,,,,,,,,,,,,,,0,0,0,,,,,1,2,0,21,4,0,0,31,4,0,,,,,,,,,,,,,0,,,,,,,,,,,,,,,,,,,,,,,,,,
10/01/2014,10:00,Cummings St & Middlesex Ave,Somerville,MA,3,2,2,3,1,3,2,1,99,,1,99,,,,,,,,,,,,,,,,,0,0,0,,,,,0,,,,,,,,,,,,,,,,,,,,,,0,,,,,,,,,,,,,,,,,,,,,,,,,,
10/01/2014,21:10,College Ave & Morrison Ave,Somerville,MA,1,1,2,3,1,3,2,1,99,,,,,,,,,,,,,,,,,,,,0,0,0,,,,,0,,,,,,,,,,,,,,,,,,,,,,0,,,,,,,,,,,,,,,,,,,,,,,,,,
10/02/2014,10:25,43 Pinckney St,Somerville,MA,3,2,1,1,1,4,2,6,1,,1,,,,,,,,,,,,,,,,,,0,0,0,,,,,0,,,,,,,,,,,,,,,,,,,,,,1,"City vehicle opened door in movement, stricking mirror of vehicle 2",,,,,,,,,,,,,,,,,,,,,,,,,
10/03/2014,8:00,80 Highland Ave,Somerville,MA,1,1,1,1,1,4,2,1,16,,1,1,,,,,,,,,,,,,,,,,0,0,0,,,,,0,,,,,,,,,,,,,,,,,,,,,,0,,,,,,,,,,,,,,,,,,,,,,,,,,
10/04/2014,15:36,304 Beacon St,Somerville,MA,3,2,1,1,2,4,1,1,19,,,,,,,,,,,,,,,,,,,,1,0,0,10,2,,3,1,,1,27,3,1,,,,,,,,,,,,,,,,,0,,,,,,,,,,,,,,,,,,,,,,,,,,
10/06/2014,7:15,Morrison Ave & Rogers Ave,Somerville,MA,1,1,1,3,1,6,2,2,1,,1,13,,,,,,,,,,,,,,,,,0,0,0,,,,,0,,,,,,,,,,,,,,,,,,,,,,0,,,,,,,,,,,,,,,,,,,,,,,,,,
10/06/2014,18:17,Webster Ave & Columbia St,Somerville,MA,1,1,2,3,1,3,3,1,4,,2,1,,1,,,,,,,,,,,,,,,0,0,0,,,,,0,,,,,,,,,,,,,,,,,,,,,,0,,,,,,,,,,,,,,,,,,,,,,,,,,
10/07/2014,9:19,Washington St & Beacon St,Somerville,MA,2,1,3,1,1,1,1,1,97,,,,,,,,,,,,,,,,,,,,1,0,0,4,2,,3,1,,0,39,4,1,,,,,,,,,,,,,,,,,0,,,,,,,,,,,,,,,,,,,,,,,,,,
10/08/2014,9:27,86 Myrtle St,Somerville,MA,1,1,1,1,1,1,1,2,1,,,,,,,,,,,,,,,,,,,,1,0,0,4,2,,3,1,,0,29,4,1,,,,,,,,,,,,,,,,,0,,,,,,,,,,,,,,,,,,,,,,,,,,
10/09/2014,20:29,Park St & Beacon St,Somerville,MA,1,1,3,3,1,3,2,1,7,19,1,1,,,,,,,,,,,,,,,,,0,0,0,,,,,0,,,,,,,,,,,,,,,,,,,,,,0,,,,,,,,,,,,,,,,,,,,,,,,,,
10/10/2014,16:11,Broadway & Boston Ave,Somerville,MA,1,1,3,2,1,2,2,2,5,19,2,1,,,,,,,,,,,,,,,,,0,0,0,,,,,0,,,,,,,,,,,,,,,,,,,,,,0,,,,,,,,,,,,,,,,,,,,,,,,,,
10/12/2014,8:53,Temple St & Heath St,Somerville,MA,1,1,2,3,1,3,2,1,99,,1,99,,,,,,,,,,,,,,,,,0,0,0,,,,,1,,0,27,4,0,,,,,,,,,,,,,,,,,0,,,,,,,,,,,,,,,,,,,,,,,,,,
10/12/2014,16:36,Grand Union Blvd & Foley St,Somerville,MA,1,1,2,2,1,3,2,1,4,,2,1,,,,,,,,,,,,,,,,,0,0,0,,,,,0,,,,,,,,,,,,,,,,,,,,,,0,,,,,,,,,,,,,,,,,,,,,,,,,,
10/14/2014,12:11,Willow Ave & Highland Ave,Somerville,MA,1,1,3,2,1,3,2,2,99,,1,1,,,,,,,,,,,,,,,,,0,0,0,,,,,0,,,,,,,,,,,,,,,,,,,,,,0,,,,,,,,,,,,,,,,,,,,,,,,,,
10/14/2014,18:42,Beacon St & Washington St,Somerville,MA,1,1,3,2,2,1,1,1,1,,,,,,,,,,,,,,,,,,,,0,1,0,1,1,,2,1,,1,65,4,1,,,,,,,,,,,,,,,,,0,,,,,,,,,,,,,,,,,,,,,,,,,,
10/15/2014,16:22,74 Dover St,Somerville,MA,1,1,1,1,4,1,1,1,1,,,,,,,,,,,,,,,,,,,,0,1,0,4,1,,5,1,,1,4,4,97,,,,,,,,,,,,,,,,,0,,,,,,,,,,,,,,,,,,,,,,,,,,
10/16/2014,19:45,Broadway & Mt. Vernon St,Somerville,MA,3,2,3,2,1,3,2,1,1,,1,4,,,,,,,,,,,,,,,,,0,0,0,,,,,1,2,1,47,4,0,0,25,4,0,,,,,,,,,,,,,0,,,,,,,,,,,,,,,,,,,,,,,,,,
10/17/2014,3:14,337 Washington St,Somerville,MA,3,2,1,1,1,4,2,1,1,,1,,,,,,,,,,,,,,,,,,0,0,0,,,,,0,,,,,,,,,,,,,,,,,,,,,,0,,,,,,,,,,,,,,,,,,,,,,,,,,
10/17/2014,14:30,25 Melvin St,Somerville,MA,1,1,1,1,4,3,2,1,19,12,2,,,,,,,,,,,,,,,,,,0,0,0,,,,,0,,,,,,,,,,,,,,,,,,,,,,0,,,,,,,,,,,,,,,,,,,,,,,,,,
10/17/2014,19:00,Mystic Ave & Temple St,Somerville,MA,1,1,3,2,1,4,2,1,1,,1,,,,,,,,,,,,,,,,,,0,0,0,,,,,0,,,,,,,,,,,,,,,,,,,,,,0,,,,,,,,,,,,,,,,,,,,,,,,,,
10/18/2014,3:48,66 Jaques St,Somerville,MA,1,1,3,1,1,4,2,1,2,3,1,1,,,,,,,,,,,,,,,,,0,0,0,,,,,1,,,,99,1,,,,,,,,,,,,,,,,,0,,,,,,,,,,,,,,,,,,,,,,,,,,
10/18/2014,4:08,84 Elm St,Somerville,MA,1,1,1,1,1,6,3,1,21,,1,1,,,,,,,,,,,,,,,,,0,0,0,,,,,0,,,,,,,,,,,,,,,,,,,,,,0,,,,,,,,,,,,,,,,,,,,,,,,,,
10/18/2014,12:15,Middlesex Ave & Foley St,Somerville,MA,2,1,3,3,2,3,2,1,1,,,,,,,,,,,,,,,,,,,,0,0,0,,,,,0,,,,,,,,,,,,,,,,,,,,,,0,,,,,,,,,,,,,,,,,,,,,,,,,,
10/18/2014,23:09,Foley St,Somerville,MA,2,1,1,1,1,3,2,2,99,,1,99,,,,,,,,,,,,,,,,,0,0,0,,,,,0,,,,,,,,,,,,,,,,,,,,,,0,,,,,,,,,,,,,,,,,,,,,,,,,,
10/18/2014,20:27,25 Highland Ave,Somerville,MA,1,1,1,1,1,1,1,1,4,18,,,,,,,,,,,,,,,,,,,0,1,0,4,1,,2,1,,1,70,2,1,,,,,,,,,,,,,,,,,0,,,,,,,,,,,,,,,,,,,,,,,,,,
10/21/2014,14:00,44 Broadway,Somerville,MA,3,2,3,1,2,4,2,2,17,,2,1,,,,,,,,,,,,,,,,,0,0,0,,,,,1,,1,35,4,1,,,,,,,,,,,,,,,,,0,,,,,,,,,,,,,,,,,,,,,,,,,,
10/25/2014,12:36,Beacon St & Park St,Somerville,MA,1,1,3,2,1,1,1,2,4,,,,,,,,,,,,,,,,,,,,0,1,0,1,1,,2,1,,1,53,3,1,,,,,,,,,,,,,,,,,0,,,,,,,,,,,,,,,,,,,,,,,,,,
10/26/2014,16:28,114 Temple St,Somerville,MA,2,1,1,1,1,1,1,1,1,,,,,,,,,,,,,,,,,,,,0,1,0,4,1,,5,1,,1,39,4,1,,,,,,,,,,,,,,,,,0,,,,,,,,,,,,,,,,,,,,,,,,,,
10/27/2014,8:20,Forster St & Central St,Somerville,MA,1,1,2,3,4,3,2,1,1,,1,1,,,,,,,,,,,,,,,,,0,0,0,,,,,0,,,,,,,,,,,,,,,,,,,,,,0,,,,,,,,,,,,,,,,,,,,,,,,,,
10/27/2014,23:49,McGrath Hwy & Washington St,Somerville,MA,1,1,1,3,1,2,2,3,99,,1,1,,,,,,,,,,,,,,,,,0,0,0,,,,,0,,,,,,,,,,,,,,,,,,,,,,0,,,,,,,,,,,,,,,,,,,,,,,,,,
10/27/2014,9:11,Medford St & Pearl St,Somerville,MA,1,1,1,4,2,6,2,2,4,,3,1,,,,,,,,,,,,,,,,,0,0,1,2,1,Motorcycle,2,1,,1,51,2,1,,,,,,,,,,,,,,,,,1,"SPD motorcycle dumped into skid to avoid accident, struck MV1",,,,,,,,,,,,,,,,,,,,,,,,,
10/28/2014,15:09,59 Bow St,Somerville,MA,1,1,1,1,4,1,1,10,1,,,,,,,,,,,,,,,,,,,,0,0,1,9,97,Tree branch,,0,,,,,,,,,,,,,,,,,,,,,,0,,,,,,,,,,,,,,,,,,,,,,,,,,
10/29/2014,18:31,Central St & Gibbens St,Somerville,MA,2,1,2,3,1,3,2,1,4,,2,1,,,,,,,,,,,,,,,,,0,0,0,,,,,0,,,,,,,,,,,,,,,,,,,,,,0,,,,,,,,,,,,,,,,,,,,,,,,,,
10/29/2014,12:37,17 Belmont St,Somerville,MA,1,1,1,1,4,1,1,3,4,,,,,,,,,,,,,,,,,,,,1,0,0,4,2,,5,1,,1,26,4,1,,,,,,,,,,,,,,,,,0,,,,,,,,,,,,,,,,,,,,,,,,,,
10/31/2014,15:36,Foley St & Middlesex Ave,Somerville,MA,2,1,3,3,1,2,2,6,19,,1,1,,,,,,,,,,,,,,,,,0,0,0,,,,,0,,,,,,,,,,,,,,,,,,,,,,0,,,,,,,,,,,,,,,,,,,,,,,,,,
11/02/2014,7:20,North St & Conwell Ave,Somerville,MA,3,2,2,3,2,6,2,1,1,,1,1,,,,,,,,,,,,,,,,,0,0,0,,,,,0,,,,,,,,,,,,,,,,,,,,,,0,,,,,,,,,,,,,,,,,,,,,,,,,,
11/04/2014,18:20,Prospect St,Somerville,MA,1,1,1,1,4,2,3,2,19,,1,1,,1,1,,,,,,,,,,,,,,0,0,0,,,,,0,,,,,,,,,,,,,,,,,,,,,,0,,,,,,,,,,,,,,,,,,,,,,,,,,
11/05/2014,9:07,27 Union Sq,Somerville,MA,2,1,1,3,2,3,2,1,99,,6,99,,,,,,,,,,,,,,,,,0,0,0,,,,,0,,,,,,,,,,,,,,,,,,,,,,0,,,,,,,,,,,,,,,,,,,,,,,,,,
11/07/2014,15:00,Central St & Somerville Ave,Somerville,MA,1,1,1,3,4,3,2,1,19,,1,1,,,,,,,,,,,,,,,,,0,0,0,,,,,0,,,,,,,,,,,,,,,,,,,,,,0,,,,,,,,,,,,,,,,,,,,,,,,,,
11/07/2014,17:25,Cedar St & Sumemr St,Somerville,MA,1,1,3,2,1,3,2,1,1,,2,3,20,,,,,,,,,,,,,,,,0,0,0,,,,,0,,,,,,,,,,,,,,,,,,,,,,0,,,,,,,,,,,,,,,,,,,,,,,,,,
11/08/2014,11:20,College Ave & Lower Campus Way,Somerville,MA,1,1,1,3,1,6,2,1,1,,1,4,,,,,,,,,,,,,,,,,0,0,0,,,,,0,,,,,,,,,,,,,,,,,,,,,,0,,,,,,,,,,,,,,,,,,,,,,,,,,
11/09/2014,7:00,Highland Rd & Boston Ave,Somerville,MA,2,1,2,3,1,3,2,1,1,,1,99,,,,,,,,,,,,,,,,,0,0,0,,,,,0,,,,,,,,,,,,,,,,,,,,,,0,,,,,,,,,,,,,,,,,,,,,,,,,,
11/09/2014,23:07,Warner St & Broadway,Somerville,MA,1,1,"2,4",7,3,2,2,1,99,,1,1,,,,,,,,,,,,,,,,,0,0,0,,,,,0,,,,,,,,,,,,,,,,,,,,,,0,,,,,,,,,,,,,,,,,,,,,,,,,,
11/11/2014,8:10,Elm St & Willow Ave,Somerville,MA,1,1,1,3,1,2,3,1,1,,1,1,,1,5,,,,,,,,,,,,,,0,0,0,,,,,0,,,,,,,,,,,,,,,,,,,,,,0,,,,,,,,,,,,,,,,,,,,,,,,,,
11/11/2014,16:46,268 Willow Ave,Somerville,MA,1,1,1,1,1,5,3,2,9,,1,1,,1,,,,,,,,,,,,,,,0,0,0,,,,,0,,,,,,,,,,,,,,,,,,,,,,0,,,,,,,,,,,,,,,,,,,,,,,,,,
11/11/2014,17:15,Broadway & College Ave,Somerville,MA,1,1,1,8,1,4,2,1,1,,1,5,,,,,,,,,,,,,,,,,0,0,0,,,,,0,,,,,,,,,,,,,,,,,,,,,,0,,,,,,,,,,,,,,,,,,,,,,,,,,
11/12/2014,16:00,523 Broadway,Somerville,MA,1,1,1,1,1,2,2,2,1,,2,1,,,,,,,,,,,,,,,,,0,0,0,,,,,1,,0,47,4,1,,,,,,,,,,,,,,,,,0,,,,,,,,,,,,,,,,,,,,,,,,,,
11/13/2014,7:05,Prospect St & Somerville Ave,Somerville,MA,1,1,3,3,1,6,2,1,1,,1,1,,,,,,,,,,,,,,,,,0,0,0,,,,,1,,0,64,4,1,,,,,,,,,,,,,,,,,0,,,,,,,,,,,,,,,,,,,,,,,,,,
11/14/2014,11:57,Broadway & Langmaid Ave,Somerville,MA,1,1,3,1,2,2,2,2,1,,1,99,,,,,,,,,,,,,,,,,0,0,0,,,,,1,,1,46,4,1,,,,,,,,,,,,,,,,,0,,,,,,,,,,,,,,,,,,,,,,,,,,
11/14/2014,15:49,Somerville Ave & Prospect St,Somerville,MA,1,1,3,3,3,3,2,2,1,,1,4,,,,,,,,,,,,,,,,,0,0,0,,,,,0,,,,,,,,,,,,,,,,,,,,,,0,,,,,,,,,,,,,,,,,,,,,,,,,,
11/16/2014,17:48,Columbia St & Windsor Pl,Somerville,MA,1,1,2,3,1,1,1,1,4,,,,,,,,,,,,,,,,,,,,1,0,0,2,1,,5,1,,1,30,3,1,,,,,,,,,,,,,,,,,0,,,,,,,,,,,,,,,,,,,,,,,,,,
11/17/2014,12:20,Elm St & Grove St,Somerville,MA,3,2,1,3,4,4,2,1,1,,1,1,,,,,,,,,,,,,,,,,0,0,0,,,,,0,,,,,,,,,,,,,,,,,,,,,,0,,,,,,,,,,,,,,,,,,,,,,,,,,
11/17/2014,20:50,188 Willow Ave,Somerville,MA,3,2,1,1,1,2,1,1,1,18,,,,,,,,,,,,,,,,,,,0,1,0,4,1,,5,1,,1,24,3,1,,,,,,,,,,,,,,,,,0,,,,,,,,,,,,,,,,,,,,,,,,,,
11/17/2014,10:52,341 Broadway,Somerville,MA,3,2,3,2,3,2,2,1,99,,1,1,,,,,,,,,,,,,,,,,0,0,0,,,,,0,,,,,,,,,,,,,,,,,,,,,,1,City vehicle rear ended at red light,,,,,,,,,,,,,,,,,,,,,,,,,
11/19/2014,8:11,Webster Ave & Tremont St,Somerville,MA,1,1,2,3,1,1,1,2,4,,,,,,,,,,,,,,,,,,,,1,0,0,2,1,,5,0,,,,,,,,,,,,,,,,,,,,,,0,,,,,,,,,,,,,,,,,,,,,,,,,,
11/20/2014,8:00,87 Summer St,Somerville,MA,1,1,1,1,1,3,3,1,1,,1,,,1,,,,,,,,,,,,,,,0,0,0,,,,,0,,,,,,,,,,,,,,,,,,,,,,0,,,,,,,,,,,,,,,,,,,,,,,,,,
11/20/2014,14:55,54 Union Square,Somerville,MA,1,1,1,1,4,4,2,3,9,,6,,,,,,,,,,,,,,,,,,0,0,0,,,,,0,,,,,,,,,,,,,,,,,,,,,,0,,,,,,,,,,,,,,,,,,,,,,,,,,
11/21/2014,11:25,Beacon St & Park St,Somerville,MA,1,1,3,1,1,6,2,13,99,,1,99,,,,,,,,,,,,,,,,,0,0,0,,,,,0,,,,,,,,,,,,,,,,,,,,,,0,,,,,,,,,,,,,,,,,,,,,,,,,,
11/21/2014,21:34,Morrison Ave & Cedar St,Somerville,MA,1,1,1,1,1,1,1,2,4,,,,,,,,,,,,,,,,,,,,0,1,0,4,1,,2,1,,0,41,2,1,,,,,,,,,,,,,,,,,0,,,,,,,,,,,,,,,,,,,,,,,,,,
11/23/2014,3:40,Temple St & Memorial Rd,Somerville,MA,1,1,1,3,1,2,2,1,5,,1,1,,,,,,,,,,,,,,,,,0,0,0,,,,,1,3,1,26,4,0,1,29,4,0,1,29,4,0,,,,,,,,,0,,,,,,,,,,,,,,,,,,,,,,,,,,
11/23/2014,19:25,Burnside Ave,Somerville,MA,1,1,1,1,4,4,2,7,1,,1,,,,,,,,,,,,,,,,,,0,0,0,,,,,0,,,,,,,,,,,,,,,,,,,,,,0,,,,,,,,,,,,,,,,,,,,,,,,,,
11/25/2014,9:14,Beacon St & Washington St,Somerville,MA,1,1,1,2,1,2,2,1,1,,1,5,,,,,,,,,,,,,,,,,0,0,0,,,,,1,,0,51,4,0,,,,,,,,,,,,,,,,,0,,,,,,,,,,,,,,,,,,,,,,,,,,
11/26/2014,15:09,88 Beacon St,Somerville,MA,5,2,1,1,1,4,2,1,10,,2,1,,,,,,,,,,,,,,,,,0,0,0,,,,,0,,,,,,,,,,,,,,,,,,,,,,0,,,,,,,,,,,,,,,,,,,,,,,,,,
11/27/2014,22:10,64 Union Square,Somerville,MA,4,2,1,1,1,1,1,2,2,9,,,,,,,,,,,,,,,,,,,0,0,1,,,"Trash barrel, tree, bench",,1,3,0,58,3,1,1,58,3,1,1,21,3,1,,,,,,,,,0,,,,,,,,,,,,,,,,,,,,,,,,,,
11/28/2014,21:20,Highland Ave & Central St,Somerville,MA,1,1,3,2,1,3,2,1,3,,1,1,,,,,,,,,,,,,,,,,0,0,0,,,,,0,,,,,,,,,,,,,,,,,,,,,,0,,,,,,,,,,,,,,,,,,,,,,,,,,
11/29/2014,10:46,Broadway & Garfield Ave,Somerville,MA,1,1,3,3,3,3,2,1,3,,1,1,,,,,,,,,,,,,,,,,0,0,0,,,,,1,2,1,57,2,1,0,31,2,1,1,4,5,1,1,6,5,1,,,,,0,,,,,,,,,,,,,,,,,,,,,,,,,,
12/01/2014,12:19,Curtis St & Professors Row,Somerville,MA,99,99,99,99,99,99,2,4,1,,5,1,,,,,,,,,,,,,,,,,0,0,0,,,,,0,,,,,,,,,,,,,,,,,,,,,,0,,,,,,,,,,,,,,,,,,,,,,,,,,
12/01/2014,23:07,660 Broadway,Somerville,MA,1,1,2,2,1,3,2,1,1,,1,1,,,,,,,,,,,,,,,,,0,0,0,,,,,0,,,,,,,,,,,,,,,,,,,,,,0,,,,,,,,,,,,,,,,,,,,,,,,,,
12/02/2014,8:13,Russell Rd & Broadway,Somerville,MA,99,99,99,99,99,99,1,1,1,,,,,,,,,,,,,,,,,,,,0,0,1,,,Fence,,0,,,,,,,,,,,,,,,,,,,,,,0,,,,,,,,,,,,,,,,,,,,,,,,,,
12/02/2014,20:28,Highland Ave & Central St,Somerville,MA,3,2,3,2,1,3,2,1,1,,1,3,19,,,,,,,,,,,,,,,,0,0,0,,,,,0,,,,,,,,,,,,,,,,,,,,,,0,,,,,,,,,,,,,,,,,,,,,,,,,,
12/03/2014,11:36,10 Webster Ave,Somerville,MA,3,2,1,1,4,3,2,1,1,,1,4,,,,,,,,,,,,,,,,,0,0,0,,,,,0,,,,,,,,,,,,,,,,,,,,,,0,,,,,,,,,,,,,,,,,,,,,,,,,,
12/05/2014,11:35,Powderhouse Blvd & North St,Somerville,MA,1,1,3,2,1,5,2,1,1,,1,1,,,,,,,,,,,,,,,,,0,0,0,,,,,0,,,,,,,,,,,,,,,,,,,,,,0,,,,,,,,,,,,,,,,,,,,,,,,,,
12/05/2014,21:30,Bond St & Heath St,Somerville,MA,3,2,2,2,4,6,2,1,1,,2,3,,,,,,,,,,,,,,,,,0,0,0,,,,,1,,0,49,99,1,,,,,,,,,,,,,,,,,0,,,,,,,,,,,,,,,,,,,,,,,,,,
12/05/2014,16:48,Washington St & Rossmore St,Somerville,MA,1,1,1,3,4,1,1,1,4,,,,,,,,,,,,,,,,,,,,0,1,0,1,1,,2,1,2,0,44,3,1,1,43,4,1,,,,,,,,,,,,,0,,,,,,,,,,,,,,,,,,,,,,,,,,
12/05/2014,4:50,Perkins St & Mt. Vernon St,Somerville,MA,1,1,2,3,4,4,2,97,1,,2,1,,,,,,,,,,,,,,,,,0,0,0,,,,,0,,,,,,,,,,,,,,,,,,,,,,1,SFD engine struck parked car returning from call,,,,,,,,,,,,,,,,,,,,,,,,,
12/06/2014,9:50,78 Mt. Vernon St,Somerville,MA,99,99,1,1,4,99,1,2,1,,,,,,,,,,,,,,,,,,,,0,0,0,,,,,0,,,,,,,,,,,,,,,,,,,,,,0,Construction vehicle,,,,,,,,,,,,,,,,,,,,,,,,,
12/06/2014,21:23,Bow St & Somerville Ave,Somerville,MA,2,2,3,3,4,3,2,1,4,,2,1,,,,,,,,,,,,,,,,,0,0,0,,,,,0,,,,,,,,,,,,,,,,,,,,,,0,,,,,,,,,,,,,,,,,,,,,,,,,,
12/06/2014,19:06,16 Beacon St,Somerville,MA,3,2,1,1,1,1,1,1,4,19,,,,,,,,,,,,,,,,,,,0,1,0,1,1,,5,1,,,,99,,,,,,,,,,,,,,,,,,0,,,,,,,,,,,,,,,,,,,,,,,,,,