Date,Time,Location,City,State,Weather (2&3),Road Surface (6),Traffic Control Device (4),Intersection Type (7),Traffic Way Desc (8),Collision Manner (11),# of Involved Vehicles,Vehicle1 Configuration (21),Driver1 Contrib Code1 (25),Driver1 Contrib Code2 (25),Vehicle2 Configuration (21),Driver2 Contrib Code1 (25),Driver2 Contrib Code2 (25),Vehicle3 Configuration (21),Driver3 Contrib Code1 (25),Driver3 Contrib Code2 (25),Vehicle4 Configuration (21),Driver4 Contrib Code1 (25),Driver4 Contrib Code2 (25),Vehicle5 Configuration (21),Driver5 Contrib Code1 (25),Driver5 Contrib Code2 (25),Vehicle6 Configuration (21),Driver6 Contrib Code1 (25),Driver6 Contrib Code2 (25),Vehicle7 Configuration (21),Driver7 Contrib Code1 (25),Driver7 Contrib Code2 (25),Bicycle,Pedestrian,Non-MV,Non-Motorist Location (16),Non-Motorist Action (15),Non-Motorist Type,Manner of Non-Motorist (Person) Collision,Injury,Multiple,Gender1,Age1,Severity1,Hospital1,Gender2,Age2,Severity2,Hospital2,Gender3,Age3,Severity3,Hospital3,Gender4,Age4,Severity4,Hospital4,Gender5,Age5,Severity5,Hospital5,City Vehicle?,Notes,column 65,column 66,column 67,column 68,column 69,column 70,column 71,column 72,column 73,column 74,column 75,column 76,column 77,column 78,column 79,column 80,column 81,column 82,column 83,column 84,column 85,column 86,column 87,column 88,column 89
12/08/2014,11:05,541 Broadway,Somerville,MA,2,1,1,1,1,3,2,1,4,,2,1,,,,,,,,,,,,,,,,,0,0,0,,,,,0,,,,,,,,,,,,,,,,,,,,,,0,,,,,,,,,,,,,,,,,,,,,,,,,,
12/09/2014,1:20,Park St & Eliot St,Somerville,MA,"4,5",4,1,1,1,2,2,1,1,11,1,1,,,,,,,,,,,,,,,,,0,0,0,,,,,0,,,,,,,,,,,,,,,,,,,,,,0,,,,,,,,,,,,,,,,,,,,,,,,,,
12/09/2014,2:09,50 Dane St,Somerville,MA,"4,5",4,1,1,4,6,3,2,11,,1,1,,1,1,,,,,,,,,,,,,,0,0,0,,,,,0,,,,,,,,,,,,,,,,,,,,,,0,,,,,,,,,,,,,,,,,,,,,,,,,,
12/10/2014,9:00,Somerville Ave & Prospect St,Somerville,MA,3,2,3,2,1,3,2,1,4,,1,1,,,,,,,,,,,,,,,,,0,0,0,,,,,0,,,,,,,,,,,,,,,,,,,,,,0,,,,,,,,,,,,,,,,,,,,,,,,,,
12/11/2014,8:32,Park Ave & Chandler,Somerville,MA,2,2,1,3,4,3,2,1,10,,1,1,,,,,,,,,,,,,,,,,0,0,0,,,,,0,,,,,,,,,,,,,,,,,,,,,,0,,,,,,,,,,,,,,,,,,,,,,,,,,
12/11/2014,8:39,Pearl St & Wesley St,Somerville,MA,2,2,2,3,1,1,1,1,1,,,,,,,,,,,,,,,,,,,,0,0,1,,,Manhole cover,,0,,,,,,,,,,,,,,,,,,,,,,0,,,,,,,,,,,,,,,,,,,,,,,,,,
12/11/2014,9:58,75 Washington St,Somerville,MA,3,2,1,1,1,2,3,1,5,,2,1,,1,1,,,,,,,,,,,,,,0,0,0,,,,,0,,,,,,,,,,,,,,,,,,,,,,0,,,,,,,,,,,,,,,,,,,,,,,,,,
01/04/2015,9:05,58 Main St,Somerville,MA,2,2,1,1,1,2,,1,99,,1,1,,,,,,,,,,,,,,,,,0,0,0,,,,,0,,,,,,,,,,,,,,,,,,,,,,0,,,,,,,,,,,,,,,,,,,,,,,,,,
12/11/2014,11:50,Elm St & Davenport St,Somerville,MA,"3,4",2,99,3,2,3,2,1,1,,1,1,,,,,,,,,,,,,,,,,0,0,0,,,,,0,,,,,,,,,,,,,,,,,,,,,,0,,,,,,,,,,,,,,,,,,,,,,,,,,
12/11/2014,11:55,Oliver St & Cross St,Somerville,MA,4,2,1,2,1,2,1,7,1,,,,,,,,,,,,,,,,,,,,0,0,1,,,Light pole,,0,,,,,,,,,,,,,,,,,,,,,,0,,,,,,,,,,,,,,,,,,,,,,,,,,
12/11/2014,17:30,Pearson Rd & Warner St,Somerville,MA,3,2,1,2,1,3,2,1,4,,1,1,,,,,,,,,,,,,,,,,0,0,0,,,,,0,,,,,,,,,,,,,,,,,,,,,,0,,,,,,,,,,,,,,,,,,,,,,,,,,
12/11/2014,21:17,377 Medford St,Somerville,MA,2,2,1,1,1,4,2,2,10,,,,,,,,,,,,,,,,,,,,0,0,1,,,Fence,,0,,,,,,,,,,,,,,,,,,,,,,0,,,,,,,,,,,,,,,,,,,,,,,,,,
12/11/2014,18:29,Linden Ave & Summer St,Somerville,MA,3,2,2,2,1,1,1,1,1,,,,,,,,,,,,,,,,,,,,1,0,0,4,2,,5,1,,1,38,4,0,,,,,,,,,,,,,,,,,0,,,,,,,,,,,,,,,,,,,,,,,,,,
12/12/2014,15:00,Flint St & Cross St,Somerville,MA,1,1,1,2,1,1,1,6,99,,,,,,,,,,,,,,,,,,,,0,0,1,,,Street sign,,0,,,,,,,,,,,,,,,,,,,,,,0,,,,,,,,,,,,,,,,,,,,,,,,,,
12/13/2014,11:45,Washington St & Columbus Ave,Somerville,MA,1,1,1,3,2,7,2,2,1,,2,97,,,,,,,,,,,,,,,,,0,0,0,,,,,0,,,,,,,,,,,,,,,,,,,,,,0,,,,,,,,,,,,,,,,,,,,,,,,,,
12/13/2014,19:50,299 Broadway,Somerville,MA,1,1,1,9,2,4,2,1,6,9,1,1,,,,,,,,,,,,,,,,,0,0,0,,,,,0,,,,,,,,,,,,,,,,,,,,,,0,,,,,,,,,,,,,,,,,,,,,,,,,,
12/13/2014,22:21,421 Broadway,Somerville,MA,1,1,1,1,1,2,3,1,1,,1,1,,1,5,97,,,,,,,,,,,,,0,0,0,,,,,1,,0,36,3,1,,,,,,,,,,,,,,,,,0,,,,,,,,,,,,,,,,,,,,,,,,,,
12/13/2014,19:21,379 Broadway,Somerville,MA,1,1,1,1,2,1,1,1,9,99,,,,,,,,,,,,,,,,,,,1,0,0,10,2,,7,1,,1,47,4,0,,,,,,,,,,,,,,,,,0,,,,,,,,,,,,,,,,,,,,,,,,,,
12/13/2014,10:11,7 Holland St,Somerville,MA,2,1,1,1,1,2,2,97,1,,97,1,,,,,,,,,,,,,,,,,0,0,0,,,,,0,,,,,,,,,,,,,,,,,,,,,,1,SFD engine struck car that had pulled over to allow it to pass,,,,,,,,,,,,,,,,,,,,,,,,,
12/14/2014,0:28,190 Holland St,Somerville,MA,1,1,1,1,1,1,1,2,7,8,,,,,,,,,,,,,,,,,,,1,0,0,9,2,,2,1,,0,33,2,,,,,,,,,,,,,,,,,,0,,,,,,,,,,,,,,,,,,,,,,,,,,
12/14/2014,11:51,Broadway & Bristol Rd,Somerville,MA,1,1,3,2,4,3,2,2,10,,,,,,,,,,,,,,,,,,,,0,0,0,,,,,1,,1,36,3,1,,,,,,,,,,,,,,,,,1,Intoxicated driver struck parked Aux cruiser during road race,,,,,,,,,,,,,,,,,,,,,,,,,
12/15/2014,8:05,Broadway & Clarendon Ave,Somerville,MA,1,2,1,3,1,3,2,1,13,,1,4,,,,,,,,,,,,,,,,,0,0,0,,,,,0,,,,,,,,,,,,,,,,,,,,,,0,,,,,,,,,,,,,,,,,,,,,,,,,,
12/15/2014,15:01,Holland St & Buena Vista Rd,Somerville,MA,1,1,1,3,1,1,1,2,4,,,,,,,,,,,,,,,,,,,,0,1,0,1,1,,2,1,,0,45,3,2,,,,,,,,,,,,,,,,,0,,,,,,,,,,,,,,,,,,,,,,,,,,
12/16/2014,20:48,444 Medford St,Somerville,MA,1,1,1,1,1,4,2,1,97,,1,1,,,,,,,,,,,,,,,,,0,0,0,,,,,0,,,,,,,,,,,,,,,,,,,,,,0,,,,,,,,,,,,,,,,,,,,,,,,,,
12/16/2014,7:30,1127 Broadway,Somerville,MA,2,1,1,1,2,1,1,1,99,,,,,,,,,,,,,,,,,,,,1,0,0,4,2,,3,1,,1,31,4,0,,,,,,,,,,,,,,,,,0,,,,,,,,,,,,,,,,,,,,,,,,,,
12/17/2014,6:30,Broadway & Temple St,Somerville,MA,3,2,3,3,1,1,1,10,99,,,,,,,,,,,,,,,,,,,,0,0,1,,,"Walk signal, trash can",,0,,,,,,,,,,,,,,,,,,,,,,0,,,,,,,,,,,,,,,,,,,,,,,,,,
12/17/2014,10:53,104 Broadway,Somerville,MA,2,2,1,1,3,2,2,2,1,,1,99,,,,,,,,,,,,,,,,,0,0,0,,,,,0,,,,,,,,,,,,,,,,,,,,,,0,,,,,,,,,,,,,,,,,,,,,,,,,,
12/17/2014,20:26,Holland St & Cameron Ave,Somerville,MA,1,1,1,3,1,1,1,1,4,,,,,,,,,,,,,,,,,,,,0,1,0,1,1,,2,1,,1,25,3,1,,,,,,,,,,,,,,,,,0,,,,,,,,,,,,,,,,,,,,,,,,,,
12/18/2014,21:31,83 Putnam Rd,Somerville,MA,1,1,1,1,1,2,2,2,97,,,,,,,,,,,,,,,,,,,,0,0,0,,,,,0,,,,,,,,,,,,,,,,,,,,,,0,,,,,,,,,,,,,,,,,,,,,,,,,,
12/19/2014,12:30,228 Broadway,Somerville,MA,2,1,3,1,2,1,2,2,1,,1,1,,,,,,,,,,,,,,,,,0,0,0,,,,,0,,,,,,,,,,,,,,,,,,,,,,0,,,,,,,,,,,,,,,,,,,,,,,,,,
12/19/2014,20:10,16 Beacon St,Somerville,MA,1,1,1,1,1,2,2,1,1,,1,20,,,,,,,,,,,,,,,,,0,0,0,,,,,1,,1,52,3,1,,,,,,,,,,,,,,,,,0,,,,,,,,,,,,,,,,,,,,,,,,,,
12/19/2014,6:15,12 Melville Rd,Somerville,MA,1,1,1,1,4,5,2,1,12,,2,,,,,,,,,,,,,,,,,,0,0,0,,,,,0,,,,,,,,,,,,,,,,,,,,,,1,MV struck parked SPD cruiser while at response to call,,,,,,,,,,,,,,,,,,,,,,,,,
12/20/2014,10:49,123 Temple St,Somerville,MA,2,1,1,9,2,3,2,2,1,,1,99,,,,,,,,,,,,,,,,,0,0,0,,,,,1,,0,22,4,0,,,,,,,,,,,,,,,,,0,,,,,,,,,,,,,,,,,,,,,,,,,,
12/20/2014,17:57,Powder House Blvd & Packard Ave,Somerville,MA,1,1,2,2,1,1,1,1,1,,,,,,,,,,,,,,,,,,,,0,1,0,1,1,,5,1,,0,25,4,0,,,,,,,,,,,,,,,,,0,,,,,,,,,,,,,,,,,,,,,,,,,,
12/22/2014,12:00,282 Somerville Ave,Somerville,MA,1,1,2,99,4,6,1,1,99,,,,,,,,,,,,,,,,,,,,0,0,0,,,,,1,2,1,81,3,1,0,64,3,1,,,,,,,,,,,,,0,,,,,,,,,,,,,,,,,,,,,,,,,,
12/24/2014,16:50,Central St & Albion St,Somerville,MA,99,99,99,99,99,99,2,1,4,,1,1,,,,,,,,,,,,,,,,,0,0,0,,,,,1,,0,58,4,1,,,,,,,,,,,,,,,,,0,,,,,,,,,,,,,,,,,,,,,,,,,,
12/25/2014,5:52,50C Memorial Rd,Somerville,MA,3,2,1,1,1,1,1,2,99,,,,,,,,,,,,,,,,,,,,0,0,1,,,Light pole,,0,,,,,,,,,,,,,,,,,,,,,,0,,,,,,,,,,,,,,,,,,,,,,,,,,
12/25/2014,21:15,Central St & Oxford St,Somerville,MA,3,2,1,3,1,2,2,1,1,,2,99,,,,,,,,,,,,,,,,,0,0,0,,,,,0,,,,,,,,,,,,,,,,,,,,,,0,,,,,,,,,,,,,,,,,,,,,,,,,,
12/26/2014,7:55,111 Cross St,Somerville,MA,99,99,99,99,99,99,1,1,21,,,,,,,,,,,,,,,,,,,,0,0,1,,,Fence,,0,,,,,,,,,,,,,,,,,,,,,,0,,,,,,,,,,,,,,,,,,,,,,,,,,
12/26/2014,23:02,53 Laurel St,Somerville,MA,1,1,1,1,4,4,4,1,14,,,,,,,,,,,,,,,,,,,,0,0,0,,,,,0,,,,,,,,,,,,,,,,,,,,,,0,,,,,,,,,,,,,,,,,,,,,,,,,,
12/26/2014,23:33,4 College Ave,Somerville,MA,1,1,1,1,2,3,2,2,99,,2,1,,,,,,,,,,,,,,,,,0,0,0,,,,,0,,,,,,,,,,,,,,,,,,,,,,0,,,,,,,,,,,,,,,,,,,,,,,,,,
12/27/2014,12:49,137 Washington St & Joy St,Somerville,MA,1,1,1,9,1,4,2,2,4,,2,1,,,,,,,,,,,,,,,,,0,0,0,,,,,0,,,,,,,,,,,,,,,,,,,,,,0,,,,,,,,,,,,,,,,,,,,,,,,,,
12/28/2014,9:09,53 Laurel St,Somerville,MA,2,1,1,1,4,2,2,1,12,,,,,,,,,,,,,,,,,,,,0,0,0,,,,,0,,,,,,,,,,,,,,,,,,,,,,0,,,,,,,,,,,,,,,,,,,,,,,,,,
12/30/2014,17:24,594 Somerville Ave,Somerville,MA,1,1,1,1,1,1,1,1,4,,,,,,,,,,,,,,,,,,,,1,0,0,10,2,,1,0,,,,,,,,,,,,,,,,,,,,,,0,,,,,,,,,,,,,,,,,,,,,,,,,,
12/31/2014,9:30,Washington St & Joy St,Somerville,MA,1,1,1,99,99,1,1,1,13,,,,,,,,,,,,,,,,,,,,0,1,0,1,1,,2,1,,0,41,2,1,,,,,,,,,,,,,,,,,0,,,,,,,,,,,,,,,,,,,,,,,,,,
01/02/2015,8:51,Washington St & Kingman Rd,Somerville,MA,99,99,99,99,99,99,,99,99,,1,99,,,,,,,,,,,,,,,,,0,0,0,,,,,0,,,,,,,,,,,,,,,,,,,,,,0,,,,,,,,,,,,,,,,,,,,,,,,,,
01/03/2015,18:14,Bow St & Somerville Ave,Somerville,MA,4,3,3,4,1,3,,1,1,,2,3,8,,,,,,,,,,,,,,,,0,0,0,,,,,0,,,,,,,,,,,,,,,,,,,,,,0,,,,,,,,,,,,,,,,,,,,,,,,,,
01/03/2015,21:15,Highland Ave & Holland Street,Somerville,MA,"3, 4",2,3,8,1,6,,1,1,,2,3,,,,,,,,,,,,,,,,,0,0,0,,,,,0,,,,,,,,,,,,,,,,,,,,,,0,,,,,,,,,,,,,,,,,,,,,,,,,,
01/03/2015,19:46,75 Cross St,Somerville,MA,4,2,1,1,1,4,,1,3,,8,1,,,,,,,,,,,,,,,,,0,0,0,,,,,0,,,,,,,,,,,,,,,,,,,,,,1,Passing car struck SFD engine door as it was opening,,,,,,,,,,,,,,,,,,,,,,,,,
01/04/2015,1:10,16 Broadway,Somerville,MA,"3, 4",7,1,1,4,2,,1,1,,1,1,,,,,,,,,,,,,,,,,0,0,0,,,,,1,2,0,22,3,1,1,23,3,1,,,,,,,,,,,,,0,,,,,,,,,,,,,,,,,,,,,,,,,,
01/04/2015,18:06,67 Broadway,Somerville,MA,2,2,1,1,2,1,1,1,4,,,,,,,,,,,,,,,,,,,,0,1,0,1,1,,5,1,,1,28,3,1,,,,,,,,,,,,,,,,,0,,,,,,,,,,,,,,,,,,,,,,,,,,
01/05/2015,7:45,689 Somerville Ave,Somerville,MA,1,1,1,1,1,2,,1,99,,1,99,,,,,,,,,,,,,,,,,0,0,0,,,,,0,,,,,,,,,,,,,,,,,,,,,,0,,,,,,,,,,,,,,,,,,,,,,,,,,
01/05/2015,6:58,Broadway & Montgomery Ave,Somerville,MA,1,1,2,3,3,1,1,2,19,,,,,,,,,,,,,,,,,,,,0,1,0,4,1,,1,1,,1,27,99,1,,,,,,,,,,,,,,,,,0,,,,,,,,,,,,,,,,,,,,,,,,,,
01/05/2015,15:12,Broadway & Temple St,Somerville,MA,1,1,3,3,3,1,1,1,1,,,,,,,,,,,,,,,,,,,,0,1,0,4,1,,5,1,,0,28,4,1,,,,,,,,,,,,,,,,,0,,,,,,,,,,,,,,,,,,,,,,,,,,
01/06/2015,11:00,410 Highland Ave,Somerville,MA,unk,unk,unk,unk,unk,unk,2,2,1,,6,1,,,,,,,,,,,,,,,,,0,0,0,,,,,0,,,,,,,,,,,,,,,,,,,,,,1,Boom from DPW vehicle struck light of parked SFD vehicle,,,,,,,,,,,,,,,,,,,,,,,,,
01/07/2015,17:00,48 Prescott St,Somerville,MA,1,3,1,1,1,3,,1,99,,2,1,,,,,,,,,,,,,,,,,0,0,0,,,,,0,,,,,,,,,,,,,,,,,,,,,,0,,,,,,,,,,,,,,,,,,,,,,,,,,
01/08/2015,7:30,Broadway & Waterhouse St,Somerville,MA,1,1,3,3,1,4,,1,9,,1,1,,1,1,,,,,,,,,,,,,,0,0,0,,,,,0,,,,,,,,,,,,,,,,,,,,,,0,,,,,,,,,,,,,,,,,,,,,,,,,,
01/08/2015,8:34,Broadway & North St,Somerville,MA,1,1,3,3,1,2,,2,99,,1,1,,,,,,,,,,,,,,,,,0,0,0,,,,,0,,,,,,,,,,,,,,,,,,,,,,0,,,,,,,,,,,,,,,,,,,,,,,,,,
01/10/2015,8:17,117 Elm St,Somerville,MA,1,1,1,1,1,3,1,2,1,,,,,,,,,,,,,,,,,,,,0,1,0,1,1,,5,1,,0,36,4,1,,,,,,,,,,,,,,,,,0,,,,,,,,,,,,,,,,,,,,,,,,,,
01/11/2015,9:40,Powderhouse Blvd & Broadway,Somerville,MA,1,2,1,7,1,4,,2,4,,1,1,,,,,,,,,,,,,,,,,0,0,0,,,,,1,,0,59,4,1,,,,,,,,,,,,,,,,,0,,,,,,,,,,,,,,,,,,,,,,,,,,
01/12/2015,12:30,Middlesex Ave & Foley St,Somerville,MA,2,2,3,3,2,6,,1,1,1,1,1,1,,,,,,,,,,,,,,,,0,0,0,,,,,0,,,,,,,,,,,,,,,,,,,,,,0,,,,,,,,,,,,,,,,,,,,,,,,,,
01/12/2015,21:18,Hanson St & Washington St,Somerville,MA,2,2,2,3,1,3,,1,1,,1,1,,1,,,1,1,,1,1,,,,,,,,0,0,0,,,,,0,,,,,,,,,,,,,,,,,,,,,,0,,,,,,,,,,,,,,,,,,,,,,,,,,
01/13/2015,8:30,Buena Vista & Meachem Rd,Somerville,MA,1,1,2,3,1,3,,2,3,,1,1,,1,,,,,,,,,,,,,,,0,0,0,,,,,0,,,,,,,,,,,,,,,,,,,,,,0,,,,,,,,,,,,,,,,,,,,,,,,,,
01/13/2015,20:14,Pickney St & Washington St,Somerville,MA,1,1,2,3,1,3,,1,1,,1,1,,,,,,,,,,,,,,,,,0,0,0,,,,,1,,0,32,4,0,,,,,,,,,,,,,,,,,0,,,,,,,,,,,,,,,,,,,,,,,,,,
01/13/2015,16:05,100 Bristol Rd,Somerville,MA,1,1,1,1,4,1,1,1,1,,,,,,,,,,,,,,,,,,,,0,1,0,4,1,,5,1,,0,9,2,1,,,,,,,,,,,,,,,,,0,,,,,,,,,,,,,,,,,,,,,,,,,,
01/16/2015,18:45,15 Bailey Rd,Somerville,MA,1,1,1,1,1,1,,1,6,,1,,,,,,,,,,,,,,,,,,0,0,0,,,,,0,,,,,,,,,,,,,,,,,,,,,,0,Made u-turn and hit parked car,,,,,,,,,,,,,,,,,,,,,,,,,
01/17/2015,14:32,Pearl St & Medford St,Somerville,MA,1,1,2,4,1,2,,1,99,,1,99,,,,,,,,,,,,,,,,,0,0,0,,,,,0,,,,,,,,,,,,,,,,,,,,,,0,,,,,,,,,,,,,,,,,,,,,,,,,,
01/18/2015,18:06,1 Clark St,Somerville,MA,3,2,1,1,4,3,,2,1,,2,1,,,,,,,,,,,,,,,,,0,0,0,,,,,0,,,,,,,,,,,,,,,,,,,,,,0,MV backing out of driveway hit parked car,,,,,,,,,,,,,,,,,,,,,,,,,
01/18/2015,22:50,Mystic Ave & Grand Union Blvd,Somerville,MA,3,2,3,2,2,6,,1,3,,1,1,,,,,,,,,,,,,,,,,0,0,0,,,,,0,,,,,,,,,,,,,,,,,,,,,,0,,,,,,,,,,,,,,,,,,,,,,,,,,
01/19/2015,0:10,Highland Ave & Willow Ave,Somerville,MA,3,2,2,2,1,4,2,1,1,1,1,1,1,,,,,,,,,,,,,,,,0,0,1,,,Hydrant,,0,,,,,,,,,,,,,,,,,,,,,,0,,,,,,,,,,,,,,,,,,,,,,,,,,
01/19/2015,10:18,Powderhouse Blvd & North St,Somerville,MA,1,1,3,2,1,1,1,1,1,,,,,,,,,,,,,,,,,,,,0,1,0,1,1,,1,1,,0,28,4,1,,,,,,,,,,,,,,,,,0,,,,,,,,,,,,,,,,,,,,,,,,,,
01/21/2015,8:27,Newton St & Webster Ave,Somerville,MA,1,1,2,3,4,1,1,4,1,,,,,,,,,,,,,,,,,,,,0,0,1,,,Guard rail,,0,,,,,,,,,,,,,,,,,,,,,,0,,,,,,,,,,,,,,,,,,,,,,,,,,
01/21/2015,12:08,Bow St & Warren Ave,Somerville,MA,1,1,2,3,4,3,,7,1,1,1,3,4,,,,,,,,,,,,,,,,0,0,0,,,,,0,,,,,,,,,,,,,,,,,,,,,,0,,,,,,,,,,,,,,,,,,,,,,,,,,
01/21/2015,17:34,Pinckney St & Washington St,Somerville,MA,1,1,2,3,4,3,,1,99,,8,99,,1,99,,8,99,,8,99,,,,,,,,0,0,0,,,,,1,,1,62,4,1,,,,,,,,,,,,,,,,,0,,,,,,,,,,,,,,,,,,,,,,,,,,
01/22/2015,14:30,Summer St & Lowell St,Somerville,MA,1,1,2,2,1,3,,1,99,,1,99,,,,,,,,,,,,,,,,,0,0,0,,,,,0,,,,,,,,,,,,,,,,,,,,,,0,,,,,,,,,,,,,,,,,,,,,,,,,,
01/22/2015,23:00,Highland Ave & School St,Somerville,MA,1,1,3,3,1,2,,1,1,1,2,5,5,,,,,,,,,,,,,,,,0,0,0,,,,,0,,,,,,,,,,,,,,,,,,,,,,0,,,,,,,,,,,,,,,,,,,,,,,,,,
01/23/2015,12:59,109 Temple St,Somerville,MA,1,1,1,1,1,6,,1,9,10,1,1,,,,,,,,,,,,,,,,,0,0,0,,,,,1,2,1,16,3,1,1,32,3,1,,,,,,,,,,,,,0,,,,,,,,,,,,,,,,,,,,,,,,,,
01/23/2015,17:30,Central St & Willoughby St,Somerville,MA,1,1,2,3,1,1,1,1,1,,,,,,,,,,,,,,,,,,,,1,0,0,2,1,,5,0,,,,,,,,,,,,,,,,,,,,,,0,,,,,,,,,,,,,,,,,,,,,,,,,,
01/24/2015,7:27,Craigie & Somerville Ave,Somerville,MA,"4, 8",3,1,4,1,1,1,2,99,,,,,,,,,,,,,,,,,,,,0,0,1,,,Street sign,,0,,,,,,,,,,,,,,,,,,,,,,0,,,,,,,,,,,,,,,,,,,,,,,,,,
01/24/2015,7:28,Somerville Ave & Properzi Way,Somerville,MA,4,4,1,3,1,2,,1,1,,1,1,,,,,,,,,,,,,,,,,0,0,0,,,,,0,,,,,,,,,,,,,,,,,,,,,,0,,,,,,,,,,,,,,,,,,,,,,,,,,
01/25/2015,9:41,70 Middlesex Ave,Somerville,MA,1,2,1,1,1,1,,1,1,1,1,1,1,,,,,,,,,,,,,,,,0,0,0,,,,,0,,,,,,,,,,,,,,,,,,,,,,0,,,,,,,,,,,,,,,,,,,,,,,,,,
01/26/2015,10:39,Broadway & Clarendon Ave,Somerville,MA,1,6,3,3,1,2,,1,99,,,,,,,,,,,,,,,,,,,,0,0,0,,,,,0,,,,,,,,,,,,,,,,,,,,,,0,,,,,,,,,,,,,,,,,,,,,,,,,,
01/26/2015,17:28,Summer St & Quincy St,Somerville,MA,4,2,2,2,1,3,2,1,3,,1,,,,,,,,,,,,,,,,,,0,0,0,,,,,0,,,,,,,,,,,,,,,,,,,,,,1,"MV failed to yield at stop sign, struck unmarked SPD travelling through intersection",,,,,,,,,,,,,,,,,,,,,,,,,
01/28/2015,8:45,50 Russell St,Somerville,MA,4,2,1,1,4,2,2,6,1,,1,1,,,,,,,,,,,,,,,,,0,0,0,,,,,0,,,,,,,,,,,,,,,,,,,,,,1,DPW plow backed into MV while clearing snow,,,,,,,,,,,,,,,,,,,,,,,,,
01/29/2015,11:00,Bond St & Heath St,Somerville,MA,1,3,2,3,1,1,1,6,99,,,,,,,,,,,,,,,,,,,,0,0,1,,,Stop sign,,0,,,,,,,,,,,,,,,,,,,,,,0,,,,,,,,,,,,,,,,,,,,,,,,,,
01/29/2015,8:03,Elm St  & White St,Somerville,MA,1,7,1,3,1,1,1,1,1,,,,,,,,,,,,,,,,,,,,0,1,0,1,1,,5,1,,0,24,4,1,,,,,,,,,,,,,,,,,0,,,,,,,,,,,,,,,,,,,,,,,,,,
01/30/2015,16:30,86 Highand Ave,Somerville,MA,4,2,3,1,1,2,,1,1,,1,1,,,,,,,,,,,,,,,,,0,0,0,,,,,1,,1,33,4,0,,,,,,,,,,,,,,,,,0,,,,,,,,,,,,,,,,,,,,,,,,,,
02/01/2015,16:26,80 Webster Ave,Somerville,MA,1,1,1,1,1,4,,2,1,,2,1,,,,,,,,,,,,,,,,,0,0,0,,,,,0,,,,,,,,,,,,,,,,,,,,,,0,,,,,,,,,,,,,,,,,,,,,,,,,,
02/02/2015,7:11,Medford St & Somerville Ave,Somerville,MA,"4, 8",3,3,3,1,2,,2,1,,1,11,,,,,,,,,,,,,,,,,0,0,0,,,,,0,,,,,,,,,,,,,,,,,,,,,,0,,,,,,,,,,,,,,,,,,,,,,,,,,
02/02/2015,22:50,72 Flint St,Somerville,MA,4,3,1,1,1,4,,13,1,,1,,,,,,,,,,,,,,,,,,0,0,0,,,,,0,,,,,,,,,,,,,,,,,,,,,,0,,,,,,,,,,,,,,,,,,,,,,,,,,
02/02/2015,8:15,Broadway & Sargent Ave,Somerville,MA,"4, 5",3,1,3,4,4,2,2,1,1,2,1,1,,,,,,,,,,,,,,,,0,0,0,,,,,0,,,,,,,,,,,,,,,,,,,,,,1,"Heavy snow; MV tried to pass DPW plow, lost control & sideswiped",,,,,,,,,,,,,,,,,,,,,,,,,
02/02/2015,20:45,152 Curtis St,Somerville,MA,"4, 8",3,1,1,1,2,2,6,1,,1,1,,,,,,,,,,,,,,,,,0,0,0,,,,,0,,,,,,,,,,,,,,,,,,,,,,1,City vehicle op lost control in heavy snow & rear-ended MV,,,,,,,,,,,,,,,,,,,,,,,,,
02/03/2015,8:03,32 Marshall St,Somerville,MA,1,3,1,1,4,3,,2,4,,1,1,,1,,,,,,,,,,,,,,,0,0,0,,,,,0,,,,,,,,,,,,,,,,,,,,,,0,,,,,,,,,,,,,,,,,,,,,,,,,,
02/03/2015,13:35,Holland St & Buena Vista Rd,Somerville,MA,1,2,1,1,1,2,2,6,99,,13,,,,,,,,,,,,,,,,,,0,0,0,,,,,0,,,,,,,,,,,,,,,,,,,,,,1,MV sideswiped parked SFD engine,,,,,,,,,,,,,,,,,,,,,,,,,
02/03/2015,18:57,Central St,Somerville,MA,1,3,1,1,1,5,2,2,11,,2,1,,,,,,,,,,,,,,,,,0,0,0,,,,,0,,,,,,,,,,,,,,,,,,,,,,1,SPD cruiser & MV touched mirrors; road width reduced by snow bank,,,,,,,,,,,,,,,,,,,,,,,,,
02/04/2015,1:46,640 Mystic Ave,Somerville,MA,8,3,99,9,99,99,,2,99,,,,,,,,,,,,,,,,,,,,0,0,0,,,,,0,,,,,,,,,,,,,,,,,,,,,,0,,,,,,,,,,,,,,,,,,,,,,,,,,