Date,Time,Location,City,State,Weather (2&3),Road Surface (6),Traffic Control Device (4),Intersection Type (7),Traffic Way Desc (8),Collision Manner (11),# of Involved Vehicles,Vehicle1 Configuration (21),Driver1 Contrib Code1 (25),Driver1 Contrib Code2 (25),Vehicle2 Configuration (21),Driver2 Contrib Code1 (25),Driver2 Contrib Code2 (25),Vehicle3 Configuration (21),Driver3 Contrib Code1 (25),Driver3 Contrib Code2 (25),Vehicle4 Configuration (21),Driver4 Contrib Code1 (25),Driver4 Contrib Code2 (25),Vehicle5 Configuration (21),Driver5 Contrib Code1 (25),Driver5 Contrib Code2 (25),Vehicle6 Configuration (21),Driver6 Contrib Code1 (25),Driver6 Contrib Code2 (25),Vehicle7 Configuration (21),Driver7 Contrib Code1 (25),Driver7 Contrib Code2 (25),Bicycle,Pedestrian,Non-MV,Non-Motorist Location (16),Non-Motorist Action (15),Non-Motorist Type,Manner of Non-Motorist (Person) Collision,Injury,Multiple,Gender1,Age1,Severity1,Hospital1,Gender2,Age2,Severity2,Hospital2,Gender3,Age3,Severity3,Hospital3,Gender4,Age4,Severity4,Hospital4,Gender5,Age5,Severity5,Hospital5,City Vehicle?,Notes,column 65,column 66,column 67,column 68,column 69,column 70,column 71,column 72,column 73,column 74,column 75,column 76,column 77,column 78,column 79,column 80,column 81,column 82,column 83,column 84,column 85,column 86,column 87,column 88,column 89
02/04/2015,6:38,Broadway & School St,Somerville,MA,4,3,99,99,99,2,,1,99,,1,1,1,,,,,,,,,,,,,,,,0,0,0,,,,,0,,,,,,,,,,,,,,,,,,,,,,0,,,,,,,,,,,,,,,,,,,,,,,,,,
02/04/2015,20:00,Powderhouse Blvd & Packard Ave,Somerville,MA,99,99,99,99,99,99,,2,7,,2,1,,,,,,,,,,,,,,,,,0,0,0,,,,,0,,,,,,,,,,,,,,,,,,,,,,0,,,,,,,,,,,,,,,,,,,,,,,,,,
02/05/2015,6:30,Broadway & Packard Ave,Somerville,MA,"3, 4",4,3,3,1,6,,13,1,,1,1,,1,,,,,,,,,,,,,,,0,0,0,,,,,0,,,,,,,,,,,,,,,,,,,,,,0,,,,,,,,,,,,,,,,,,,,,,,,,,
02/05/2015,15:06,Medford St & Sycamore St,Somerville,MA,1,3,3,2,1,2,,2,1,,1,19,,,,,,,,,,,,,,,,,0,0,0,,,,,1,,1,36,4,1,,,,,,,,,,,,,,,,,0,,,,,,,,,,,,,,,,,,,,,,,,,,
02/05/2015,8:28,157 Walnut St,Somerville,MA,4,3,1,1,4,4,2,6,1,,1,,,,,,,,,,,,,,,,,,0,0,0,,,,,0,,,,,,,,,,,,,,,,,,,,,,1,SFD engine sideswiped parked car; narrow street,,,,,,,,,,,,,,,,,,,,,,,,,
02/05/2015,8:39,Bigelow St & Monroe St,Somerville,MA,"3,5",2,1,3,1,4,2,13,1,,1,,,,,,,,,,,,,,,,,,0,0,0,,,,,0,,,,,,,,,,,,,,,,,,,,,,1,DPW vehicle took bumper off parked car,,,,,,,,,,,,,,,,,,,,,,,,,
02/05/2015,9:27,38 Harrison St,Somerville,MA,4,3,1,1,4,3,2,1,4,,2,1,,,,,,,,,,,,,,,,,0,0,0,,,,,0,,,,,,,,,,,,,,,,,,,,,,1,MV exiting driveway struck DPW vehicle; claimed snow banks obscured,,,,,,,,,,,,,,,,,,,,,,,,,
02/05/2015,17:45,Tufts St & Knowlton St,Somerville,MA,1,4,1,3,1,5,2,1,99,,97,99,,,,,,,,,,,,,,,,,0,0,0,,,,,0,,,,,,,,,,,,,,,,,,,,,,1,"Contractor; front loader removing snow, backed into intersection; struck MV driving straight through intersection",,,,,,,,,,,,,,,,,,,,,,,,,
02/05/2015,19:08,65 Oxford St,Somerville,MA,"3,5",4,1,1,4,4,2,8,1,,2,1,,,,,,,,,,,,,,,,,0,0,0,,,,,0,,,,,,,,,,,,,,,,,,,,,,1,SFD engine sideswiped parked car; narrow street,,,,,,,,,,,,,,,,,,,,,,,,,
02/05/2015,20:00,16 Perry St,Somerville,MA,99,99,99,99,99,99,2,7,1,1,1,,,,,,,,,,,,,,,,,,0,0,0,,,,,0,,,,,,,,,,,,,,,,,,,,,,1,City vehicle sideswiped parked car; parked too far from curb,,,,,,,,,,,,,,,,,,,,,,,,,
02/06/2015,9:15,68 Rogers Ave,Somerville,MA,2,3,1,1,4,4,,1,99,,6,99,,1,99,,,,,,,,,,,,,,0,0,0,,,,,0,,,,,,,,,,,,,,,,,,,,,,0,,,,,,,,,,,,,,,,,,,,,,,,,,
02/06/2015,16:59,Medford St & Highland Ave,Somerville,MA,1,2,1,3,1,3,,2,1,1,1,4,4,,,,,,,,,,,,,,,,0,0,0,,,,,0,,,,,,,,,,,,,,,,,,,,,,0,,,,,,,,,,,,,,,,,,,,,,,,,,
02/06/2015,10:45,50 Highland Ave,Somerville,MA,1,7,1,1,1,4,2,1,1,,2,1,,,,,,,,,,,,,,,,,0,0,0,,,,,0,,,,,,,,,,,,,,,,,,,,,,1,MV passing DPW vehicle struck open door,,,,,,,,,,,,,,,,,,,,,,,,,
02/07/2015,14:37,622 Somerville Ave,Somerville,MA,2,2,1,1,1,5,,2,4,,1,1,,2,1,,,,,,,,,,,,,,0,0,0,,,,,0,,,,,,,,,,,,,,,,,,,,,,0,,,,,,,,,,,,,,,,,,,,,,,,,,
02/08/2015,1:00,101 Pearl St,Somerville,MA,4,3,2,2,1,1,1,1,99,,,,,,,,,,,,,,,,,,,,0,0,1,,,fence,,0,,,,,,,,,,,,,,,,,,,,,,0,Lost control,,,,,,,,,,,,,,,,,,,,,,,,,
02/08/2015,12:25,20 Canal Lane,Somerville,MA,4,7,1,1,1,4,,1,1,,1,1,,,,,,,,,,,,,,,,,0,0,0,,,,,0,,,,,,,,,,,,,,,,,,,,,,0,,,,,,,,,,,,,,,,,,,,,,,,,,
02/08/2015,16:00,56 Broadway,Somerville,MA,"4, 5",3,1,1,3,3,,1,1,,1,,,,,,,,,,,,,,,,,,0,0,0,,,,,0,,,,,,,,,,,,,,,,,,,,,,0,,,,,,,,,,,,,,,,,,,,,,,,,,
02/08/2015,12:03,Franey Rd & Cedar St,Somerville,MA,4,2,1,3,1,4,2,2,1,,,,,,,,,,,,,,,,,,,,0,0,0,,,,,0,,,,,,,,,,,,,,,,,,,,,,1,DPW vehicle sideswiped parked MV,,,,,,,,,,,,,,,,,,,,,,,,,
02/08/2015,19:58,Garden Ct,Somerville,MA,"4,8",3,1,1,1,1,2,2,1,,7,99,,,,,,,,,,,,,,,,,0,0,0,,,,,0,,,,,,,,,,,,,,,,,,,,,,1,Contractor; struck parked MV during snow removal,,,,,,,,,,,,,,,,,,,,,,,,,
02/09/2015,9:36,Broadway & Charles E. Ryan Rd,Somerville,MA,"4, 5",3,1,3,1,4,,1,99,,2,97,,,,,,,,,,,,,,,,,0,0,0,,,,,0,,,,,,,,,,,,,,,,,,,,,,0,,,,,,,,,,,,,,,,,,,,,,,,,,
02/09/2015,10:40,Broadway & Marshall St,Somerville,MA,"4, 8",3,1,3,2,2,,2,5,7,1,1,,,,,,,,,,,,,,,,,0,0,0,,,,,0,,,,,,,,,,,,,,,,,,,,,,0,,,,,,,,,,,,,,,,,,,,,,,,,,
02/09/2015,13:00,Broadway & Belknap St,Somerville,MA,4,3,1,3,1,3,,1,1,,2,1,,,,,,,,,,,,,,,,,0,0,0,,,,,0,,,,,,,,,,,,,,,,,,,,,,0,,,,,,,,,,,,,,,,,,,,,,,,,,
02/09/2015,13:41,118 Prospect St,Somerville,MA,"4, 97",7,1,9,1,3,,2,1,,2,99,,,,,,,,,,,,,,,,,0,0,0,,,,,0,,,,,,,,,,,,,,,,,,,,,,0,,,,,,,,,,,,,,,,,,,,,,,,,,
02/09/2015,10:00,53 Montrose St,Somerville,MA,"2, 9",3,1,1,4,5,2,2,99,,1,1,,,,,,,,,,,,,,,,,0,0,0,,,,,0,,,,,,,,,,,,,,,,,,,,,,1,"DPW vehicle allegedly sideswiped parked MV, pushing into intersection; op. denies",,,,,,,,,,,,,,,,,,,,,,,,,
02/09/2015,16:09,51 Montrose St,Somerville,MA,3,3,1,1,4,4,2,2,99,,1,1,,,,,,,,,,,,,,,,,0,0,0,,,,,0,,,,,,,,,,,,,,,,,,,,,,1,DPW vehicle sideswiped parked MV (see also 53 Montrose St),,,,,,,,,,,,,,,,,,,,,,,,,
02/10/2015,15:27,Medford St & Central St,Somerville,MA,2,3,3,2,1,1,1,8,1,,,,,,,,,,,,,,,,,,,,0,1,0,4,2,,7,0,,,,,,,,,,,,,,,,,,,,,,0,,,,,,,,,,,,,,,,,,,,,,,,,,
02/12/2015,8:05,Cross St & Tufts St,Somerville,MA,2,7,2,3,1,3,,2,4,,1,1,,,,,,,,,,,,,,,,,0,0,0,,,,,0,,,,,,,,,,,,,,,,,,,,,,0,,,,,,,,,,,,,,,,,,,,,,,,,,
02/12/2015,23:45,Edgar Ave & Edgar Terr,Somerville,MA,"4, 8",3,1,1,1,4,,1,99,,2,1,,,,,,,,,,,,,,,,,0,0,0,,,,,0,,,,,,,,,,,,,,,,,,,,,,0,,,,,,,,,,,,,,,,,,,,,,,,,,
02/13/2015,16:18,45 Union Sq,Somerville,MA,1,3,3,4,3,2,2,97,1,,1,1,,,,,,,,,,,,,,,,,0,0,0,,,,,0,,,,,,,,,,,,,,,,,,,,,,1,"Snow removal pushed bike rack into street; MV tried to avoid by changing lanes, sideswiping City MV",,,,,,,,,,,,,,,,,,,,,,,,,
02/14/2015,2:10,Curtis St & Fairmount Ave,Somerville,MA,1,4,1,3,4,2,,1,99,,1,99,,,,,,,,,,,,,,,,,0,0,0,,,,,0,,,,,,,,,,,,,,,,,,,,,,0,,,,,,,,,,,,,,,,,,,,,,,,,,
02/14/2015,2:25,25 Victoria St,Somerville,MA,2,1,1,1,4,2,,1,1,1,1,10,10,,,,,,,,,,,,,,,,0,0,0,,,,,0,,,,,,,,,,,,,,,,,,,,,,0,,,,,,,,,,,,,,,,,,,,,,,,,,
02/14/2015,11:45,162 Broadway,Somerville,MA,2,2,1,1,1,6,,1,4,,,1,,,,,,,,,,,,,,,,,0,0,0,,,,,1,,1,58,3,1,,,,,,,,,,,,,,,,,0,,,,,,,,,,,,,,,,,,,,,,,,,,
02/14/2015,14:10,532 Medford St,Somerville,MA,4,1,1,1,2,3,,1,99,,1,,,,,,,,,,,,,,,,,,0,0,0,,,,,1,,1,39,4,0,,,,,,,,,,,,,,,,,0,,,,,,,,,,,,,,,,,,,,,,,,,,
02/14/2015,21:52,15 Pitman St,Somerville,MA,"4,8",3,2,3,4,3,2,6,1,,1,1,,,,,,,,,,,,,,,,,0,0,0,,,,,0,,,,,,,,,,,,,,,,,,,,,,1,"As SFD engine turned, lost traction in heavy slush & struck parked MV",,,,,,,,,,,,,,,,,,,,,,,,,
02/15/2015,20:10,80 Webster Ave,Somerville,MA,1,3,1,1,2,2,,1,1,,2,14,,,,,,,,,,,,,,,,,0,0,0,,,,,0,,,,,,,,,,,,,,,,,,,,,,0,,,,,,,,,,,,,,,,,,,,,,,,,,
02/15/2015,0:35,Wigglesworth St,Somerville,MA,2,3,1,1,4,2,1,1,10,,,,,,,,,,,,,,,,,,,,0,1,0,4,7,,4,0,,,,,,,,,,,,,,,,,,,,,,0,,,,,,,,,,,,,,,,,,,,,,,,,,
02/15/2015,8:56,Harding St & South St,Somerville,MA,4,"3, 4",2,2,4,3,2,2,99,,2,99,,,,,,,,,,,,,,,,,0,0,0,,,,,0,,,,,,,,,,,,,,,,,,,,,,1,DPW MV & Uhaul collided at intersection,,,,,,,,,,,,,,,,,,,,,,,,,
02/16/2015,14:26,531 Somerville Ave,Somerville,MA,"4, 97",7,1,1,2,2,,1,1,99,1,1,,1,,,2,,,2,,,,,,,,,0,0,0,,,,,0,,,,,,,,,,,,,,,,,,,,,,0,,,,,,,,,,,,,,,,,,,,,,,,,,
02/16/2015,17:23,273 Broadway,Somerville,MA,99,99,99,99,99,99,,1,1,,1,1,,,,,,,,,,,,,,,,,0,0,0,,,,,0,,,,,,,,,,,,,,,,,,,,,,0,,,,,,,,,,,,,,,,,,,,,,,,,,
02/17/2015,16:45,20 Mt Vernon St,Somerville,MA,4,"3, 7",1,3,4,3,,1,1,,1,4,,,,,,,,,,,,,,,,,0,0,0,,,,,0,,,,,,,,,,,,,,,,,,,,,,0,,,,,,,,,,,,,,,,,,,,,,,,,,
02/17/2015,9:16,265 Medford St,Somerville,MA,2,4,1,1,3,2,2,2,1,,1,1,,,,,,,,,,,,,,,,,0,0,0,,,,,0,,,,,,,,,,,,,,,,,,,,,,1,SPD cruiser rear-ended MV due to slick road conditions,,,,,,,,,,,,,,,,,,,,,,,,,
02/18/2015,11:27,28 Elmwood St,Somerville,MA,1,3,1,1,1,3,2,2,99,,2,99,,,,,,,,,,,,,,,,,0,0,0,,,,,0,,,,,,,,,,,,,,,,,,,,,,1,"MV, backing out of driveway, struck DPW travelling up street",,,,,,,,,,,,,,,,,,,,,,,,,
02/19/2015,5:50,Washington St & Beacon St,Somerville,MA,2,2,3,2,1,6,,1,99,,1,99,,,,,,,,,,,,,,,,,0,0,0,,,,,0,,,,,,,,,,,,,,,,,,,,,,0,,,,,,,,,,,,,,,,,,,,,,,,,,
02/19/2015,6:15,Revolution Dr,Somerville,MA,2,3,2,2,2,3,,1,1,,1,97,,,,,,,,,,,,,,,,,0,0,0,,,,,0,,,,,,,,,,,,,,,,,,,,,,0,,,,,,,,,,,,,,,,,,,,,,,,,,
02/20/2015,14:10,8 Tyler St,Somerville,MA,1,6,1,1,1,4,,2,1,,2,,,,,,,,,,,,,,,,,,0,0,0,,,,,0,,,,,,,,,,,,,,,,,,,,,,0,,,,,,,,,,,,,,,,,,,,,,,,,,
02/20/2015,19:26,Everett St & Newton St,Somerville,MA,4,4,1,3,4,2,,1,1,,,,,,,,,,,,,,,,,,,,0,0,0,,,,,0,,,,,,,,,,,,,,,,,,,,,,0,,,,,,,,,,,,,,,,,,,,,,,,,,
02/20/2015,11:00,13 Atherton St,Somerville,MA,1,7,1,1,4,4,2,1,1,,1,1,,,,,,,,,,,,,,,,,0,0,0,,,,,0,,,,,,,,,,,,,,,,,,,,,,1,SFD engine sideswiped parked MV,,,,,,,,,,,,,,,,,,,,,,,,,
02/22/2015,3:02,Shore Dr & Puritan Rd,Somerville,MA,"4, 8",3,99,1,2,1,1,1,1,1,,,,,,,,,,,,,,,,,,,0,0,1,,,Light pole,,0,,,,,,,,,,,,,,,,,,,,,,0,,,,,,,,,,,,,,,,,,,,,,,,,,
02/23/2015,11:43,Highland Ave & Hamlet St,Somerville,MA,1,1,3,1,3,4,,1,99,,7,99,,,,,,,,,,,,,,,,,0,0,0,,,,,0,,,,,,,,,,,,,,,,,,,,,,0,,,,,,,,,,,,,,,,,,,,,,,,,,
02/24/2015,10:27,Marshall St & Pearl St,Somerville,MA,1,1,2,3,4,2,,1,1,,1,1,,,,,,,,,,,,,,,,,0,0,0,,,,,1,,1,44,4,0,,,,,,,,,,,,,,,,,0,,,,,,,,,,,,,,,,,,,,,,,,,,
02/26/2015,10:56,63 Putnam St,Somerville,MA,2,7,1,1,1,4,2,2,1,,1,,,,,,,,,,,,,,,,,,0,0,0,,,,,0,,,,,,,,,,,,,,,,,,,,,,1,DPW vehicle sideswiped parked MV while trying to avoid oncoming MV on narrow road; struck MV out from curb,,,,,,,,,,,,,,,,,,,,,,,,,
02/28/2015,22:00,24 Century St,Somerville,MA,1,4,1,1,1,5,2,2,1,,,1,,,,,,,,,,,,,,,,,0,0,0,,,,,0,,,,,,,,,,,,,,,,,,,,,,1,"SPD cruiser, responding to call, struck mirror of opposite facing MV (parked?)",,,,,,,,,,,,,,,,,,,,,,,,,
03/01/2015,8:30,51 Alston St,Somerville,MA,1,1,1,1,4,2,,1,99,,1,,,,,,,,,,,,,,,,,,0,0,0,,,,,0,,,,,,,,,,,,,,,,,,,,,,0,,,,,,,,,,,,,,,,,,,,,,,,,,
03/02/2015,6:35,New Rd,Somerville,MA,4,3,1,2,3,6,,2,1,,1,4,,,,,,,,,,,,,,,,,0,0,0,,,,,0,,,,,,,,,,,,,,,,,,,,,,0,,,,,,,,,,,,,,,,,,,,,,,,,,
03/02/2015,8:36,Broadway & Cutter St,Somerville,MA,1,6,1,3,2,2,,7,5,,1,1,,2,1,,,,,,,,,,,,,,0,0,0,,,,,1,,0,61,4,1,,,,,,,,,,,,,,,,,0,,,,,,,,,,,,,,,,,,,,,,,,,,
03/02/2015,9:40,Holland St & Cameron Ave,Somerville,MA,99,99,99,99,99,99,,1,5,,1,1,,,,,,,,,,,,,,,,,0,0,0,,,,,0,,,,,,,,,,,,,,,,,,,,,,0,,,,,,,,,,,,,,,,,,,,,,,,,,
03/02/2015,11:15,5 Seven Pines Ave,Somerville,MA,99,99,99,99,99,99,,2,99,,1,1,,,,,,,,,,,,,,,,,0,0,0,,,,,0,,,,,,,,,,,,,,,,,,,,,,0,,,,,,,,,,,,,,,,,,,,,,,,,,
03/03/2015,16:10,390 Broadway,Somerville,MA,2,1,3,3,1,1,1,2,1,,,,,,,,,,,,,,,,,,,,1,0,0,4,2,,5,0,,,,,,,,,,,,,,,,,,,,,,0,,,,,,,,,,,,,,,,,,,,,,,,,,
03/03/2015,9:16,Grand Union Blvd & Revolution Drive,Somerville,MA,1,1,3,2,1,2,2,1,20,,2,1,,,,,,,,,,,,,,,,,0,0,0,,,,,0,,,,,,,,,,,,,,,,,,,,,,1,MV rear-ended SPD Traffic cruiser,,,,,,,,,,,,,,,,,,,,,,,,,
03/04/2015,7:47,Somerville Ave & Washington St,Somerville,MA,2,2,3,3,2,3,,2,1,,1,99,,,,,,,,,,,,,,,,,0,0,0,,,,,0,,,,,,,,,,,,,,,,,,,,,,0,,,,,,,,,,,,,,,,,,,,,,,,,,
03/04/2015,11:34,212 Somerville Ave,Somerville,MA,2,2,1,1,1,4,,1,1,,1,1,,1,99,,,,,,,,,,,,,,0,0,0,,,,,0,,,,,,,,,,,,,,,,,,,,,,0,,,,,,,,,,,,,,,,,,,,,,,,,,
03/04/2015,12:30,Broadway & Cross St,Somerville,MA,2,1,3,2,2,4,,1,1,,6,6,,,,,,,,,,,,,,,,,0,0,0,,,,,0,,,,,,,,,,,,,,,,,,,,,,0,,,,,,,,,,,,,,,,,,,,,,,,,,
03/05/2015,18:20,College Ave & Morrison Ave,Somerville,MA,1,1,3,3,1,2,,1,1,,1,6,,,,,,,,,,,,,,,,,0,0,0,,,,,0,,,,,,,,,,,,,,,,,,,,,,0,,,,,,,,,,,,,,,,,,,,,,,,,,
03/06/2015,8:45,Packard Ave & Sawyer Ave,Somerville,MA,1,7,1,1,1,4,,1,97,,2,1,,,,,,,,,,,,,,,,,0,0,0,,,,,0,,,,,,,,,,,,,,,,,,,,,,0,,,,,,,,,,,,,,,,,,,,,,,,,,
03/06/2015,16:49,Mt Pleasant St & Perkins St,Somerville,MA,1,1,1,3,4,3,2,99,1,,1,,,,,,,,,,,,,,,,,,0,0,0,,,,,0,,,,,,,,,,,,,,,,,,,,,,1,"SFD engine turning, tried to avoid MV parked too far into street, struck parked MV on other side of street",,,,,,,,,,,,,,,,,,,,,,,,,
03/07/2015,11:52,500 Broadway,Somerville,MA,1,1,3,1,2,2,,1,99,,2,99,,,,,,,,,,,,,,,,,0,0,0,,,,,1,2,0,23,4,1,0,57,4,1,,,,,,,,,,,,,0,,,,,,,,,,,,,,,,,,,,,,,,,,
03/07/2015,20:00,471 Somerville Ave,Somerville,MA,1,1,1,1,1,4,,1,1,,1,9,,,,,,,,,,,,,,,,,0,0,0,,,,,0,,,,,,,,,,,,,,,,,,,,,,0,,,,,,,,,,,,,,,,,,,,,,,,,,
03/10/2015,6:09,Highland Ave & Walnut St,Somerville,MA,1,1,3,2,99,99,2,1,3,,1,1,,,,,,,,,,,,,,,,,0,0,1,,,"Trash barrel, MBTA glass display",,1,2,1,73,4,1,0,72,4,1,,,,,,,,,,,,,0,,,,,,,,,,,,,,,,,,,,,,,,,,
03/12/2015,15:06,150 Lowell St,Somerville,MA,1,1,1,9,4,1,1,13,1,,,,,,,,,,,,,,,,,,,,0,0,1,,,Tree,,0,,,,,,,,,,,,,,,,,,,,,,0,,,,,,,,,,,,,,,,,,,,,,,,,,
03/12/2015,19:45,Pearl St & Marshall St,Somerville,MA,1,1,2,3,1,6,1,1,99,,,99,,,,,,,,,,,,,,,,,1,0,0,2,1,,5,1,,1,24,4,1,,,,,,,,,,,,,,,,,0,,,,,,,,,,,,,,,,,,,,,,,,,,
03/14/2015,3:00,16 Lee St,Somerville,MA,3,2,1,1,1,4,,1,1,,1,99,,,,,,,,,,,,,,,,,0,0,0,,,,,0,,,,,,,,,,,,,,,,,,,,,,0,,,,,,,,,,,,,,,,,,,,,,,,,,
03/14/2015,19:14,490 Broadway,Somerville,MA,3,2,3,1,2,2,,1,19,,1,1,,,,,,,,,,,,,,,,,0,0,0,,,,,0,,,,,,,,,,,,,,,,,,,,,,0,,,,,,,,,,,,,,,,,,,,,,,,,,
03/14/2015,19:26,38 Medford St,Somerville,MA,3,2,1,1,1,4,,1,97,,6,1,,,,,,,,,,,,,,,,,0,0,0,,,,,0,,,,,,,,,,,,,,,,,,,,,,0,,,,,,,,,,,,,,,,,,,,,,,,,,
03/14/2015,18:19,Washington St & Beacon St,Somerville,MA,3,2,3,2,1,1,1,1,1,,,,,,,,,,,,,,,,,,,,0,1,0,1,1,,2,0,,,,,,,,,,,,,,,,,,,,,,0,,,,,,,,,,,,,,,,,,,,,,,,,,
03/15/2015,1:21,Cameron Ave & Holland St,Somerville,MA,2,1,1,3,2,1,1,1,14,14,,,,,,,,,,,,,,,,,,,0,0,1,,,Bus enclosure,,0,,,,,,,,,,,,,,,,,,,,,,0,,,,,,,,,,,,,,,,,,,,,,,,,,
03/15/2015,15:20,39 Pearson Rd,Somerville,MA,3,2,1,1,4,2,2,2,1,,1,,,,,,,,,,,,,,,,,,0,0,0,,,,,0,,,,,,,,,,,,,,,,,,,,,,1,SPD cruiser backed up into parked MV,,,,,,,,,,,,,,,,,,,,,,,,,
03/20/2015,8:44,125 Central St,Somerville,MA,99,99,99,99,99,99,,1,99,,1,,,,,,,,,,,,,,,,,,0,0,0,,,,,0,,,,,,,,,,,,,,,,,,,,,,0,,,,,,,,,,,,,,,,,,,,,,,,,,
03/22/2015,2:30,Franklin St & Broadway,Somerville,MA,1,1,3,3,3,6,,2,3,,1,1,,,,,,,,,,,,,,,,,0,0,0,,,,,0,,,,,,,,,,,,,,,,,,,,,,0,,,,,,,,,,,,,,,,,,,,,,,,,,
03/22/2015,10:45,84 Ten Hills Rd,Somerville,MA,1,1,1,1,1,1,1,2,99,99,,,,,,,,,,,,,,,,,,,0,0,1,,,Front stairs,,0,,,,,,,,,,,,,,,,,,,,,,0,,,,,,,,,,,,,,,,,,,,,,,,,,
03/22/2015,15:14,Kidder Ave & Lowden Ave,Somerville,MA,1,1,2,2,1,3,,97,3,,,1,,,,,,,,,,,,,,,,,0,0,0,,,,,0,,,,,,,,,,,,,,,,,,,,,,0,,,,,,,,,,,,,,,,,,,,,,,,,,
03/22/2015,19:24,Temple St & Jaques St,Somerville,MA,1,1,3,2,2,2,,1,1,1,,,,,,,,,,,,,,,,,,,0,0,0,,,,,0,,,,,,,,,,,,,,,,,,,,,,0,,,,,,,,,,,,,,,,,,,,,,,,,,
03/23/2015,12:12,Walnut St & Medford St,Somerville,MA,1,1,3,2,2,3,,1,3,13,1,1,1,,,,,,,,,,,,,,,,0,0,0,,,,,0,,,,,,,,,,,,,,,,,,,,,,0,,,,,,,,,,,,,,,,,,,,,,,,,,
03/23/2015,13:38,Ivaloo St & Mondamin Ct,Somerville,MA,1,1,1,3,1,1,1,7,1,,,,,,,,,,,,,,,,,,,,0,0,1,4,97,Sink hole,,0,,,,,,,,,,,,,,,,,,,,,,0,,,,,,,,,,,,,,,,,,,,,,,,,,
03/23/2015,15:39,Broadway & Cross St,Somerville,MA,1,1,3,3,1,2,,1,1,,1,99,,,,,,,,,,,,,,,,,0,0,0,,,,,1,2,0,53,3,1,1,49,4,1,,,,,,,,,,,,,0,,,,,,,,,,,,,,,,,,,,,,,,,,
03/23/2015,16:05,Highland Ave & School St,Somerville,MA,1,1,3,3,1,4,1,1,99,,,,,,,,,,,,,,,,,,,,0,1,0,4,1,,1,1,,0,16,4,1,,,,,,,,,,,,,,,,,0,,,,,,,,,,,,,,,,,,,,,,,,,,
03/25/2015,7:54,Beacon St & Kent St,Somerville,MA,1,1,4,3,1,1,1,7,9,,,,,,,,,,,,,,,,,,,,0,0,1,,,Traffic sign,,0,,,,,,,,,,,,,,,,,,,,,,0,,,,,,,,,,,,,,,,,,,,,,,,,,
03/25/2015,12:15,570 Somerville Ave,Somerville,MA,1,1,3,1,1,2,,2,20,,1,1,,,,,,,,,,,,,,,,,0,0,0,,,,,1,,0,62,3,1,,,,,,,,,,,,,,,,,0,,,,,,,,,,,,,,,,,,,,,,,,,,
03/25/2015,23:12,35 Warwick St,Somerville,MA,3,2,1,1,4,4,,1,99,,1,,,,,,,,,,,,,,,,,,0,0,0,,,,,0,,,,,,,,,,,,,,,,,,,,,,0,,,,,,,,,,,,,,,,,,,,,,,,,,
03/26/2015,11:34,College Ave & Dearborn Rd,Somerville,MA,2,1,1,3,1,2,,1,1,,1,1,,,,,,,,,,,,,,,,,0,0,0,,,,,1,,0,67,4,1,,,,,,,,,,,,,,,,,0,,,,,,,,,,,,,,,,,,,,,,,,,,
03/28/2015,14:44,643 Broadway,Somerville,MA,4,2,1,1,2,99,,2,1,,2,99,,,,,,,,,,,,,,,,,0,0,0,,,,,0,,,,,,,,,,,,,,,,,,,,,,0,,,,,,,,,,,,,,,,,,,,,,,,,,
03/29/2015,14:00,53 Sycamore St,Somerville,MA,1,1,1,1,4,2,,1,99,,1,1,,,,,,,,,,,,,,,,,0,0,0,,,,,1,2,0,85,3,1,0,92,3,1,,,,,,,,,,,,,0,,,,,,,,,,,,,,,,,,,,,,,,,,
03/29/2015,16:20,Broadway & School St,Somerville,MA,99,99,99,99,99,99,,1,3,,2,1,,,,,,,,,,,,,,,,,0,0,0,,,,,1,,1,75,4,0,,,,,,,,,,,,,,,,,0,,,,,,,,,,,,,,,,,,,,,,,,,,
03/29/2015,19:29,Walnut St & Columbus Ave,Somerville,MA,1,1,1,3,4,4,,1,20,,1,1,,,,,,,,,,,,,,,,,0,0,0,,,,,0,,,,,,,,,,,,,,,,,,,,,,0,,,,,,,,,,,,,,,,,,,,,,,,,,