Date,Time,Location,City,State,Weather (2&3),Road Surface (6),Traffic Control Device (4),Intersection Type (7),Traffic Way Desc (8),Collision Manner (11),# of Involved Vehicles,Vehicle1 Configuration (21),Driver1 Contrib Code1 (25),Driver1 Contrib Code2 (25),Vehicle2 Configuration (21),Driver2 Contrib Code1 (25),Driver2 Contrib Code2 (25),Vehicle3 Configuration (21),Driver3 Contrib Code1 (25),Driver3 Contrib Code2 (25),Vehicle4 Configuration (21),Driver4 Contrib Code1 (25),Driver4 Contrib Code2 (25),Vehicle5 Configuration (21),Driver5 Contrib Code1 (25),Driver5 Contrib Code2 (25),Vehicle6 Configuration (21),Driver6 Contrib Code1 (25),Driver6 Contrib Code2 (25),Vehicle7 Configuration (21),Driver7 Contrib Code1 (25),Driver7 Contrib Code2 (25),Bicycle,Pedestrian,Non-MV,Non-Motorist Location (16),Non-Motorist Action (15),Non-Motorist Type,Manner of Non-Motorist (Person) Collision,Injury,Multiple,Gender1,Age1,Severity1,Hospital1,Gender2,Age2,Severity2,Hospital2,Gender3,Age3,Severity3,Hospital3,Gender4,Age4,Severity4,Hospital4,Gender5,Age5,Severity5,Hospital5,City Vehicle?,Notes,column 65,column 66,column 67,column 68,column 69,column 70,column 71,column 72,column 73,column 74,column 75,column 76,column 77,column 78,column 79,column 80,column 81,column 82,column 83,column 84,column 85,column 86,column 87,column 88,column 89
06/04/2015,11:00,220 Broadway,Somerville,MA,1,1,1,1,4,4,,1,4,,13,1,,,,,,,,,,,,,,,,,0,0,0,,,,,0,,,,,,,,,,,,,,,,,,,,,,0,,,,,,,,,,,,,,,,,,,,,,,,,,
06/04/2015,14:22,502B Medford St,Somerville,MA,1,1,1,1,2,1,1,10,99,,,,,,,,,,,,,,,,,,,,0,0,1,,,Light pole,,0,,,,,,,,,,,,,,,,,,,,,,0,,,,,,,,,,,,,,,,,,,,,,,,,,
06/05/2015,8:32,College Ave & Kidder Ave,Somerville,MA,1,1,2,2,1,6,,1,1,,1,4,,,,,,,,,,,,,,,,,0,0,0,,,,,0,,,,,,,,,,,,,,,,,,,,,,0,,,,,,,,,,,,,,,,,,,,,,,,,,
06/06/2015,22:26,87 Temple St,Somerville,MA,1,1,1,1,1,2,,1,97,,2,1,,2,99,,,,,,,,,,,,,,0,0,0,,,,,0,,,,,,,,,,,,,,,,,,,,,,0,,,,,,,,,,,,,,,,,,,,,,,,,,
06/07/2015,6:54,101 School St,Somerville,MA,1,1,1,1,4,99,,2,1,,2,1,,,,,,,,,,,,,,,,,0,0,0,,,,,0,,,,,,,,,,,,,,,,,,,,,,0,,,,,,,,,,,,,,,,,,,,,,,,,,
06/07/2015,22:13,124 Cedar St,Somerville,MA,1,1,1,1,1,1,1,1,23,,,,,,,,,,,,,,,,,,,,0,0,1,,,Light pole,,0,,,,,,,,,,,,,,,,,,,,,,0,,,,,,,,,,,,,,,,,,,,,,,,,,
06/08/2015,14:55,428 Broadway,Somerville,MA,1,1,1,1,1,1,1,2,9,3,,,,,,,,,,,,,,,,,,,0,0,1,,,"2 MBTA signs, metal bench, metal trash can",,0,,,,,,,,,,,,,,,,,,,,,,0,,,,,,,,,,,,,,,,,,,,,,,,,,
06/09/2015,2:20,270 Washington St,Somerville,MA,2,1,1,1,1,2,,97,1,,1,1,,,,,,,,,,,,,,,,,0,0,0,,,,,1,,1,37,3,1,,,,,,,,,,,,,,,,,0,,,,,,,,,,,,,,,,,,,,,,,,,,
06/10/2015,4:55,10C Memorial Rd,Somerville,MA,1,1,1,1,1,4,,1,2,10,1,,,1,,,,,,,,,,,,,,,0,0,1,,,Fence,,1,2,0,24,3,1,0,23,3,1,,,,,,,,,,,,,0,,,,,,,,,,,,,,,,,,,,,,,,,,
06/11/2015,16:22,Washington St & Inner Belt Rd,Somerville,MA,1,1,3,3,1,2,,2,5,19,1,5,,2,1,,,,,,,,,,,,,,0,0,0,,,,,1,,1,44,4,1,,,,,,,,,,,,,,,,,0,,,,,,,,,,,,,,,,,,,,,,,,,,
06/11/2015,8:44,Washington St & Tufts St,Somerville,MA,2,1,1,3,1,1,1,1,4,,,,,,,,,,,,,,,,,,,,1,0,0,2,1,,2,1,,0,34,4,0,,,,,,,,,,,,,,,,,0,,,,,,,,,,,,,,,,,,,,,,,,,,
06/11/2015,20:17,Broadway & Mt. Vernon St,Somerville,MA,2,1,3,3,4,3,1,2,1,,97,3,4,,,,,,,,,,,,,,,,1,0,0,10,1,,5,1,,1,21,3,1,,,,,,,,,,,,,,,,,1,SPD cruiser struck bike traveling against light at intersection,,,,,,,,,,,,,,,,,,,,,,,,,
06/12/2015,13:55,238 Somerville Ave,Somerville,MA,1,1,3,1,2,1,1,1,14,,,,,,,,,,,,,,,,,,,,0,0,1,,,Tree,,1,,1,71,3,0,,,,,,,,,,,,,,,,,0,,,,,,,,,,,,,,,,,,,,,,,,,,
06/13/2015,2:26,Powder House Blvd & Curtis St,Somerville,MA,3,1,3,2,2,1,,1,4,4,1,1,1,,,,,,,,,,,,,,,,0,0,0,,,,,0,,,,,,,,,,,,,,,,,,,,,,0,,,,,,,,,,,,,,,,,,,,,,,,,,
06/13/2015,19:12,Broadway & Walnut St,Somerville,MA,1,1,1,3,2,2,,2,5,19,1,1,,,,,,,,,,,,,,,,,0,0,0,,,,,0,,,,,,,,,,,,,,,,,,,,,,0,,,,,,,,,,,,,,,,,,,,,,,,,,
06/14/2015,11:06,Medford St & School St,Somerville,MA,1,1,3,2,1,3,,1,1,,1,1,,1,,,,,,,,,,,,,,,0,0,0,,,,,1,,0,29,3,1,,,,,,,,,,,,,,,,,0,,,,,,,,,,,,,,,,,,,,,,,,,,
06/15/2015,7:26,Heath St & Temple St,Somerville,MA,3,2,2,2,1,3,,1,4,,1,1,,,,,,,,,,,,,,,,,0,0,0,,,,,0,,,,,,,,,,,,,,,,,,,,,,0,,,,,,,,,,,,,,,,,,,,,,,,,,
06/15/2015,10:35,75 Myrtle St,Somerville,MA,3,2,1,1,1,3,,1,99,,,1,,,,,,,,,,,,,,,,,0,0,0,,,,,0,,,,,,,,,,,,,,,,,,,,,,0,,,,,,,,,,,,,,,,,,,,,,,,,,
06/16/2015,8:35,College Ave & Talbot Ave,Somerville,MA,3,2,1,3,2,2,,1,1,,1,97,,,,,,,,,,,,,,,,,0,0,0,,,,,1,2,0,47,4,0,1,38,4,0,,,,,,,,,,,,,0,,,,,,,,,,,,,,,,,,,,,,,,,,
06/16/2015,16:43,Willow Ave & Highland Ave,Somerville,MA,2,1,3,2,1,2,,1,19,,1,1,,,,,,,,,,,,,,,,,0,0,0,,,,,0,,,,,,,,,,,,,,,,,,,,,,0,,,,,,,,,,,,,,,,,,,,,,,,,,
06/16/2015,18:47,Broadway & Willow Ave,Somerville,MA,2,1,3,2,1,3,,2,1,,1,4,,,,,,,,,,,,,,,,,0,0,0,,,,,0,,,,,,,,,,,,,,,,,,,,,,0,,,,,,,,,,,,,,,,,,,,,,,,,,
06/17/2015,8:30,Washington St & Myrtle St,Somerville,MA,1,1,1,3,1,3,1,15,99,,1,99,,,,,,,,,,,,,,,,,0,0,1,2,1,Moped,2,1,,1,52,3,1,,,,,,,,,,,,,,,,,0,,,,,,,,,,,,,,,,,,,,,,,,,,
06/18/2015,10:06,570 Somerville Ave,Somerville,MA,1,1,1,1,1,2,,1,97,,1,1,,2,1,,,,,,,,,,,,,,0,0,0,,,,,1,,0,60,4,1,,,,,,,,,,,,,,,,,0,,,,,,,,,,,,,,,,,,,,,,,,,,
06/19/2015,17:24,261 Highland Ave,Somerville,MA,1,1,1,1,1,4,,1,97,,2,1,,,,,,,,,,,,,,,,,0,0,0,,,,,0,,,,,,,,,,,,,,,,,,,,,,0,,,,,,,,,,,,,,,,,,,,,,,,,,
06/20/2015,2:15,66 Central St,Somerville,MA,1,1,1,1,1,5,,2,10,,2,1,,1,1,,,,,,,,,,,,,,0,0,0,,,,,0,,,,,,,,,,,,,,,,,,,,,,0,,,,,,,,,,,,,,,,,,,,,,,,,,
06/20/2015,2:35,51 Bow St,Somerville,MA,1,1,99,1,4,2,,1,1,,1,1,,,,,,,,,,,,,,,,,0,0,0,,,,,0,,,,,,,,,,,,,,,,,,,,,,0,Hit & run,,,,,,,,,,,,,,,,,,,,,,,,,
06/20/2015,9:29,374 Mystic Ave,Somerville,MA,1,1,1,1,1,99,,1,1,,99,99,,,,,,,,,,,,,,,,,0,0,0,,,,,0,,,,,,,,,,,,,,,,,,,,,,0,Possible hit & run,,,,,,,,,,,,,,,,,,,,,,,,,
06/20/2015,12:49,373 Broadway,Somerville,MA,1,1,99,99,99,2,,2,1,1,2,1,,,,,,,,,,,,,,,,,0,0,0,,,,,1,,1,49,3,0,,,,,,,,,,,,,,,,,0,,,,,,,,,,,,,,,,,,,,,,,,,,
06/20/2015,13:35,151 Linwood St,Somerville,MA,1,1,1,9,1,4,,8,1,,1,,,,,,,,,,,,,,,,,,0,0,0,,,,,0,,,,,,,,,,,,,,,,,,,,,,0,,,,,,,,,,,,,,,,,,,,,,,,,,
06/20/2015,15:55,Highland Ave & Walnut St,Somerville,MA,1,1,3,2,2,1,1,1,4,,,,,,,,,,,,,,,,,,,,0,1,0,1,1,,2,1,,0,79,4,1,,,,,,,,,,,,,,,,,0,,,,,,,,,,,,,,,,,,,,,,,,,,
06/21/2015,0:01,366 Somerville Ave,Somerville,MA,3,2,1,1,4,4,,2,9,11,1,1,,,,,,,,,,,,,,,,,0,0,0,,,,,1,,0,35,4,0,,,,,,,,,,,,,,,,,0,,,,,,,,,,,,,,,,,,,,,,,,,,
06/21/2015,0:01,Beacon St & Washington St,Somerville,MA,3,2,3,2,1,3,,1,1,,1,1,,,,,,,,,,,,,,,,,0,0,0,,,,,0,,,,,,,,,,,,,,,,,,,,,,0,,,,,,,,,,,,,,,,,,,,,,,,,,
06/21/2015,1:01,101 Highland Ave,Somerville,MA,3,2,1,1,1,99,,1,7,,1,1,,1,1,,,,,,,,,,,,,,0,0,0,,,,,0,,,,,,,,,,,,,,,,,,,,,,0,,,,,,,,,,,,,,,,,,,,,,,,,,
06/21/2015,10:15,Webster Ave & Newton St,Somerville,MA,3,2,1,3,1,2,,1,1,1,1,5,5,,,,,,,,,,,,,,,,0,0,0,,,,,1,2,0,36,4,1,1,81,4,1,,,,,,,,,,,,,0,,,,,,,,,,,,,,,,,,,,,,,,,,
06/22/2015,8:17,Rossmore St & Washington St,Somerville,MA,1,1,1,3,1,2,,1,1,,2,99,,1,1,,,,,,,,,,,,,,0,0,0,,,,,0,,,,,,,,,,,,,,,,,,,,,,0,,,,,,,,,,,,,,,,,,,,,,,,,,
06/22/2015,10:16,43 Third Ave,Somerville,MA,1,1,1,1,2,4,,8,99,,1,99,,,,,,,,,,,,,,,,,0,0,0,,,,,0,,,,,,,,,,,,,,,,,,,,,,0,,,,,,,,,,,,,,,,,,,,,,,,,,
06/23/2015,16:16,301 Medford St,Somerville,MA,1,1,1,1,4,4,,1,99,,1,99,,,,,,,,,,,,,,,,,0,0,0,,,,,0,,,,,,,,,,,,,,,,,,,,,,0,,,,,,,,,,,,,,,,,,,,,,,,,,
06/23/2015,8:51,Elm St,Somerville,MA,2,1,1,1,1,3,1,6,1,,,1,,,,,,,,,,,,,,,,,1,0,0,4,2,,5,0,,,,,,,,,,,,,,,,,,,,,,0,,,,,,,,,,,,,,,,,,,,,,,,,,
06/24/2015,18:03,499 Foley St,Somerville,MA,1,1,1,1,1,3,1,1,99,,99,99,,,,,,,,,,,,,,,,,1,0,0,4,7,,4,1,,1,15,3,1,,,,,,,,,,,,,,,,,0,,,,,,,,,,,,,,,,,,,,,,,,,,
06/24/2015,9:45,Concord Ave & Beacon St,Somerville,MA,2,1,1,3,99,1,2,1,1,,97,1,,,,,,,,,,,,,,,,,0,0,0,,,,,0,,,,,,,,,,,,,,,,,,,,,,1,SFD engine making turn sideswiped MV pulled over due to 3rd MV parked too far into street,,,,,,,,,,,,,,,,,,,,,,,,,
06/25/2015,9:06,Revolution Dr & Great River Rd,Somerville,MA,1,1,1,1,1,5,2,8,1,,1,,,,,,,,,,,,,,,,,,0,0,1,,,2 metal columns,,0,,,,,,,,,,,,,,,,,,,,,,0,,,,,,,,,,,,,,,,,,,,,,,,,,
06/25/2015,9:15,Broadway & Kenneson Rd,Somerville,MA,1,1,1,3,2,2,,1,1,,1,97,6,,,,,,,,,,,,,,,,0,0,0,,,,,0,,,,,,,,,,,,,,,,,,,,,,0,,,,,,,,,,,,,,,,,,,,,,,,,,
06/26/2015,17:47,17 Beacon St,Somerville,MA,1,1,1,1,1,1,,2,5,19,1,1,,1,1,,,,,,,,,,,,,,0,0,0,,,,,1,,1,21,3,1,,,,,,,,,,,,,,,,,0,,,,,,,,,,,,,,,,,,,,,,,,,,
06/27/2015,15:16,59 Grant St,Somerville,MA,1,1,1,1,4,4,,1,1,,1,1,,,,,,,,,,,,,,,,,0,0,0,,,,,0,,,,,,,,,,,,,,,,,,,,,,0,,,,,,,,,,,,,,,,,,,,,,,,,,
06/27/2015,22:23,Broadway & Main St,Somerville,MA,3,2,3,3,3,3,,1,99,,1,99,,,,,,,,,,,,,,,,,0,0,0,,,,,0,,,,,,,,,,,,,,,,,,,,,,0,,,,,,,,,,,,,,,,,,,,,,,,,,
06/29/2015,7:15,701 Somerville Ave,Somerville,MA,99,99,99,99,99,2,2,2,4,,,1,,,,,,,,,,,,,,,,,0,0,1,10,2,Moped,1,1,,1,29,4,1,,,,,,,,,,,,,,,,,0,,,,,,,,,,,,,,,,,,,,,,,,,,
06/30/2015,20:23,Temple Rd & Putnam Rd,Somerville,MA,2,1,2,2,4,1,1,2,7,10,,,,,,,,,,,,,,,,,,,0,0,1,,,Residence,,0,,,,,,,,,,,,,,,,,,,,,,0,,,,,,,,,,,,,,,,,,,,,,,,,,
07/01/2015,8:45,Glenwood Rd & Medford St,Somerville,MA,3,2,2,3,1,3,,2,1,,2,4,,,,,,,,,,,,,,,,,0,0,0,,,,,0,,,,,,,,,,,,,,,,,,,,,,0,,,,,,,,,,,,,,,,,,,,,,,,,,
07/01/2015,14:23,Central St & Vernon St,Somerville,MA,1,1,2,3,1,3,,1,99,,1,1,,,,,,,,,,,,,,,,,0,0,0,,,,,0,,,,,,,,,,,,,,,,,,,,,,0,,,,,,,,,,,,,,,,,,,,,,,,,,
07/02/2015,18:15,Jaques St & Bond St,Somerville,MA,1,1,1,3,4,2,,2,1,,2,10,,,,,,,,,,,,,,,,,0,0,0,,,,,0,,,,,,,,,,,,,,,,,,,,,,0,,,,,,,,,,,,,,,,,,,,,,,,,,
07/03/2015,2:50,55 School St,Somerville,MA,1,1,99,1,4,5,,1,1,,1,8,,,,,,,,,,,,,,,,,0,0,0,,,,,0,,,,,,,,,,,,,,,,,,,,,,0,,,,,,,,,,,,,,,,,,,,,,,,,,
07/05/2015,17:03,Highland Ave & School St,Somerville,MA,1,1,3,3,1,3,,1,99,,1,99,,,,,,,,,,,,,,,,,0,0,0,,,,,0,,,,,,,,,,,,,,,,,,,,,,0,,,,,,,,,,,,,,,,,,,,,,,,,,
07/05/2015,17:41,21 Chetwynd Rd,Somerville,MA,1,1,1,1,4,2,,2,1,,,99,,,,,,,,,,,,,,,,,0,0,0,,,,,0,,,,,,,,,,,,,,,,,,,,,,0,,,,,,,,,,,,,,,,,,,,,,,,,,
07/07/2015,2:33,Lee St & Richdale St,Somerville,MA,1,1,1,1,4,4,,1,99,,8,1,,,,,,,,,,,,,,,,,0,0,0,,,,,0,,,,,,,,,,,,,,,,,,,,,,0,,,,,,,,,,,,,,,,,,,,,,,,,,
07/07/2015,15:13,278 Broadway,Somerville,MA,1,1,1,1,2,2,,1,1,,1,19,,,,,,,,,,,,,,,,,0,0,0,,,,,0,,,,,,,,,,,,,,,,,,,,,,0,,,,,,,,,,,,,,,,,,,,,,,,,,
07/07/2015,19:30,Broadway & Temple St,Somerville,MA,1,1,3,3,2,2,,1,7,3,1,1,,,,,,,,,,,,,,,,,0,0,0,,,,,1,2,0,63,4,1,0,48,4,1,,,,,,,,,,,,,0,,,,,,,,,,,,,,,,,,,,,,,,,,
07/08/2015,12:37,Warner St & Broadway,Somerville,MA,1,1,4,7,1,4,1,2,1,,,,,,,,,,,,,,,,,,,,1,0,0,4,2,,1,1,,1,38,3,0,,,,,,,,,,,,,,,,,0,,,,,,,,,,,,,,,,,,,,,,,,,,
07/09/2015,19:30,179 School St,Somerville,MA,1,1,1,1,1,4,,1,1,,1,,,,,,,,,,,,,,,,,,0,0,0,,,,,0,,,,,,,,,,,,,,,,,,,,,,0,,,,,,,,,,,,,,,,,,,,,,,,,,
07/10/2015,8:11,School St & Medford St,Somerville,MA,2,1,3,1,2,3,,1,1,,1,1,,,,,,,,,,,,,,,,,0,0,0,,,,,1,,0,48,4,1,,,,,,,,,,,,,,,,,0,,,,,,,,,,,,,,,,,,,,,,,,,,
07/11/2015,15:10,Cedar St & Broadway,Somerville,MA,1,1,3,3,1,1,1,1,99,,,,,,,,,,,,,,,,,,,,0,0,1,4,1,Tree,,1,,1,68,3,1,,,,,,,,,,,,,,,,,0,,,,,,,,,,,,,,,,,,,,,,,,,,
07/12/2015,0:44,8 Lincoln St,Somerville,MA,1,1,1,1,4,4,,1,1,,1,1,,,,,,,,,,,,,,,,,0,0,0,,,,,0,,,,,,,,,,,,,,,,,,,,,,0,Hit & run,,,,,,,,,,,,,,,,,,,,,,,,,
07/13/2015,9:20,Kidder Ave & College Ave,Somerville,MA,1,1,2,2,2,3,,1,1,,1,9,,,,,,,,,,,,,,,,,0,0,0,,,,,0,,,,,,,,,,,,,,,,,,,,,,0,,,,,,,,,,,,,,,,,,,,,,,,,,
07/13/2015,13:06,268 Washington St,Somerville,MA,2,1,1,1,1,2,,1,1,,1,1,,,,,,,,,,,,,,,,,0,0,0,,,,,0,,,,,,,,,,,,,,,,,,,,,,0,,,,,,,,,,,,,,,,,,,,,,,,,,
07/14/2015,8:10,59 Washington St,Somerville,MA,1,1,1,1,1,2,,1,99,,1,99,,,,,,,,,,,,,,,,,0,0,0,,,,,0,,,,,,,,,,,,,,,,,,,,,,0,,,,,,,,,,,,,,,,,,,,,,,,,,
07/14/2015,17:38,322 Lowell St,Somerville,MA,1,1,1,1,1,1,1,9,19,,,,,,,,,,,,,,,,,,,,0,0,1,,,Fire hydrant,,0,,,,,,,,,,,,,,,,,,,,,,0,,,,,,,,,,,,,,,,,,,,,,,,,,
07/14/2015,19:30,46 Spring St,Somerville,MA,1,1,1,1,1,1,,2,10,,1,1,,,,,,,,,,,,,,,,,0,0,0,,,,,0,,,,,,,,,,,,,,,,,,,,,,0,,,,,,,,,,,,,,,,,,,,,,,,,,
07/15/2015,17:41,40 Holland St,Somerville,MA,2,1,1,1,1,1,1,1,1,,,,,,,,,,,,,,,,,,,,0,1,0,4,1,,4,1,,1,74,4,0,,,,,,,,,,,,,,,,,0,,,,,,,,,,,,,,,,,,,,,,,,,,
07/17/2015,2:45,787 Broadway,Somerville,MA,1,1,1,1,1,1,1,1,1,,,,,,,,,,,,,,,,,,,,0,0,1,4,7,Curb,,0,,,,,,,,,,,,,,,,,,,,,,0,,,,,,,,,,,,,,,,,,,,,,,,,,
07/17/2015,7:33,Broadway & Chandler St,Somerville,MA,1,1,1,3,1,1,,1,1,,1,4,,,,,,,,,,,,,,,,,0,0,0,,,,,1,,0,34,4,1,,,,,,,,,,,,,,,,,0,,,,,,,,,,,,,,,,,,,,,,,,,,
07/17/2015,17:02,Cedar St & Franey Rd,Somerville,MA,1,1,1,3,1,1,1,1,19,7,,,,,,,,,,,,,,,,,,,0,0,1,,,"Fences, fire hydrant",,1,,0,35,4,1,,,,,,,,,,,,,,,,,0,,,,,,,,,,,,,,,,,,,,,,,,,,
07/19/2015,16:30,Sunnyside Ave & Walnut St,Somerville,MA,1,1,1,3,4,3,,1,99,,1,2,,,,,,,,,,,,,,,,,0,0,0,,,,,0,,,,,,,,,,,,,,,,,,,,,,0,,,,,,,,,,,,,,,,,,,,,,,,,,
07/20/2015,8:57,Boston Ave & Broadway,Somerville,MA,1,1,3,2,1,3,,2,4,,1,1,,,,,,,,,,,,,,,,,0,0,0,,,,,1,,0,62,4,1,,,,,,,,,,,,,,,,,0,,,,,,,,,,,,,,,,,,,,,,,,,,
07/21/2015,9:00,40 Wigglesworth St,Somerville,MA,1,1,1,1,4,3,,2,1,,1,99,,,,,,,,,,,,,,,,,0,0,0,,,,,0,,,,,,,,,,,,,,,,,,,,,,0,,,,,,,,,,,,,,,,,,,,,,,,,,
07/21/2015,11:41,16 Lincoln St,Somerville,MA,2,1,1,1,4,4,,1,1,,13,99,,,,,,,,,,,,,,,,,0,0,0,,,,,0,,,,,,,,,,,,,,,,,,,,,,0,,,,,,,,,,,,,,,,,,,,,,,,,,
07/21/2015,18:27,Washington St & Boston St,Somerville,MA,1,1,7,3,1,1,1,2,9,,,,,,,,,,,,,,,,,,,,0,0,1,4,7,Jersey barrier,,0,,,,,,,,,,,,,,,,,,,,,,0,,,,,,,,,,,,,,,,,,,,,,,,,,
07/23/2015,7:35,220 Broadway,Somerville,MA,1,1,1,3,3,1,1,1,1,,,3,,,,,,,,,,,,,,,,,1,0,0,4,2,,5,0,,,,,,,,,,,,,,,,,,,,,,0,Exiting parking lot; bike going wrong way,,,,,,,,,,,,,,,,,,,,,,,,,
07/24/2015,8:30,Holland St & Cameron Ave,Somerville,MA,1,1,1,3,1,1,1,1,1,,,1,,,,,,,,,,,,,,,,,1,0,0,2,1,,2,1,,0,28,4,1,,,,,,,,,,,,,,,,,0,,,,,,,,,,,,,,,,,,,,,,,,,,
07/25/2015,16:59,Grand Union Blvd,Somerville,MA,2,1,2,3,2,3,,1,3,4,1,1,,,,,,,,,,,,,,,,,0,0,0,,,,,0,,,,,,,,,,,,,,,,,,,,,,0,,,,,,,,,,,,,,,,,,,,,,,,,,
07/26/2015,16:00,Pearl St & Florence St,Somerville,MA,1,1,2,2,1,3,,2,1,,1,99,,,,,,,,,,,,,,,,,0,0,0,,,,,1,2,0,40,4,0,1,27,4,0,,,,,,,,,,,,,0,,,,,,,,,,,,,,,,,,,,,,,,,,
07/26/2015,18:21,26 School St,Somerville,MA,2,1,1,1,4,4,,1,1,,2,1,,,,,,,,,,,,,,,,,0,0,0,,,,,0,,,,,,,,,,,,,,,,,,,,,,0,,,,,,,,,,,,,,,,,,,,,,,,,,
07/26/2015,19:54,55 Summer St,Somerville,MA,1,1,1,1,1,4,,1,99,,1,99,1,99,,,,,,,,,,,,,,,0,0,0,,,,,0,,,,,,,,,,,,,,,,,,,,,,0,,,,,,,,,,,,,,,,,,,,,,,,,,
07/27/2015,8:33,577 Somerville Ave,Somerville,MA,2,1,1,1,1,3,1,1,1,,,,,,,,,,,,,,,,,,,,1,0,0,2,1,,2,1,,1,53,3,0,,,,,,,,,,,,,,,,,0,,,,,,,,,,,,,,,,,,,,,,,,,,
07/28/2015,12:18,45 Broadway,Somerville,MA,2,1,1,1,3,4,,10,6,,1,99,,10,6,,1,99,,1,99,,,,,,,,0,0,0,,,,,0,,,,,,,,,,,,,,,,,,,,,,0,,,,,,,,,,,,,,,,,,,,,,,,,,
07/28/2015,21:52,Temple St,Somerville,MA,1,1,1,1,1,5,,2,14,,2,1,,2,1,,1,1,,2,1,,,,,,,,0,0,0,,,,,0,,,,,,,,,,,,,,,,,,,,,,0,,,,,,,,,,,,,,,,,,,,,,,,,,
07/30/2015,0:40,32 Springfield St,Somerville,MA,1,1,1,1,1,4,,2,99,,2,1,,,,,,,,,,,,,,,,,0,0,0,,,,,0,,,,,,,,,,,,,,,,,,,,,,0,,,,,,,,,,,,,,,,,,,,,,,,,,
07/30/2015,15:27,Willow Ave & Broadway,Somerville,MA,99,99,99,99,99,unk,,1,1,,1,1,,,,,,,,,,,,,,,,,0,0,0,,,,,0,,,,,,,,,,,,,,,,,,,,,,0,,,,,,,,,,,,,,,,,,,,,,,,,,
07/30/2015,20:01,34 Highland Ave,Somerville,MA,2,2,1,1,1,2,,2,99,,2,99,,1,99,,1,99,,,,,,,,,,,0,0,0,,,,,1,,0,30,4,1,,,,,,,,,,,,,,,,,0,,,,,,,,,,,,,,,,,,,,,,,,,,
07/30/2015,18:28,Cutter Ave & Summer St,Somerville,MA,99,99,99,99,99,unk,1,2,1,,,,,,,,,,,,,,,,,,,,0,1,0,1,1,,2,1,,,,,,,,,,,,,,,,,,,,,,0,,,,,,,,,,,,,,,,,,,,,,,,,,
07/30/2015,18:00,624 Somerville Ave,Somerville,MA,1,1,1,1,1,6,1,2,4,,,,,,,,,,,,,,,,,,,,1,0,0,10,1,,2,1,,1,30,4,0,,,,,,,,,,,,,,,,,0,,,,,,,,,,,,,,,,,,,,,,,,,,
07/31/2015,10:50,Broadway & Bond St,Somerville,MA,1,1,3,1,2,2,2,2,1,,1,1,,,,,,,,,,,,,,,,,0,0,0,,,,,0,,,,,,,,,,,,,,,,,,,,,,1,City MV stopped for light; MV op could not stop & rear-ended,,,,,,,,,,,,,,,,,,,,,,,,,
07/31/2015,12:10,Dartmouth St & Medford St,Somerville,MA,1,1,1,3,1,1,2,2,1,,,1,,,,,,,,,,,,,,,,,0,0,0,,,,,0,,,,,,,,,,,,,,,,,,,,,,1,"SFD engine responding to call made turn, struck stopped MV in front bumper",,,,,,,,,,,,,,,,,,,,,,,,,
07/31/2015,11:00,Washington St & McGrath Hwy,Somerville,MA,1,1,4,3,4,1,1,2,6,10,,,,,,,,,,,,,,,,,,,0,1,0,4,3,,2,1,,1,25,4,0,,,,,,,,,,,,,,,,,1,SPD Detail,,,,,,,,,,,,,,,,,,,,,,,,,
08/02/2015,5:44,27 Claremon St,Somerville,MA,1,1,1,1,4,4,,1,1,,1,1,,,,,,,,,,,,,,,,,0,0,0,,,,,0,,,,,,,,,,,,,,,,,,,,,,0,,,,,,,,,,,,,,,,,,,,,,,,,,
08/03/2015,8:40,7B Grandview Ave,Somerville,MA,1,1,1,1,1,6,,1,99,,1,99,,,,,,,,,,,,,,,,,0,0,0,,,,,0,,,,,,,,,,,,,,,,,,,,,,0,,,,,,,,,,,,,,,,,,,,,,,,,,
08/03/2015,16:05,Broadway & Glen St,Somerville,MA,1,1,5,2,3,1,1,2,3,4,1,,,,,,,,,,,,,,,,,,1,0,0,4,1,,5,1,,0,22,3,1,,,,,,,,,,,,,,,,,0,,,,,,,,,,,,,,,,,,,,,,,,,,
08/04/2015,8:14,194 Holland St,Somerville,MA,2,2,1,1,2,3,1,10,19,,,,,,,,,,,,,,,,,,,,0,0,1,,,Tree,,0,,,,,,,,,,,,,,,,,,,,,,0,,,,,,,,,,,,,,,,,,,,,,,,,,
08/04/2015,12:32,Medford St & Bartlett St,Somerville,MA,2,1,1,2,1,1,,1,3,,1,1,,,,,,,,,,,,,,,,,0,0,0,,,,,0,,,,,,,,,,,,,,,,,,,,,,0,,,,,,,,,,,,,,,,,,,,,,,,,,
08/05/2015,1:01,Linden St & Somerville Ave,Somerville,MA,1,1,1,1,1,2,,1,1,,2,99,,,,,,,,,,,,,,,,,0,0,0,,,,,1,,1,23,4,0,0,26,4,0,,,,,,,,,,,,,0,,,,,,,,,,,,,,,,,,,,,,,,,,