Date,Time,Location,City,State,Weather (2&3),Road Surface (6),Traffic Control Device (4),Intersection Type (7),Traffic Way Desc (8),Collision Manner (11),# of Involved Vehicles,Vehicle1 Configuration (21),Driver1 Contrib Code1 (25),Driver1 Contrib Code2 (25),Vehicle2 Configuration (21),Driver2 Contrib Code1 (25),Driver2 Contrib Code2 (25),Vehicle3 Configuration (21),Driver3 Contrib Code1 (25),Driver3 Contrib Code2 (25),Vehicle4 Configuration (21),Driver4 Contrib Code1 (25),Driver4 Contrib Code2 (25),Vehicle5 Configuration (21),Driver5 Contrib Code1 (25),Driver5 Contrib Code2 (25),Vehicle6 Configuration (21),Driver6 Contrib Code1 (25),Driver6 Contrib Code2 (25),Vehicle7 Configuration (21),Driver7 Contrib Code1 (25),Driver7 Contrib Code2 (25),Bicycle,Pedestrian,Non-MV,Non-Motorist Location (16),Non-Motorist Action (15),Non-Motorist Type,Manner of Non-Motorist (Person) Collision,Injury,Multiple,Gender1,Age1,Severity1,Hospital1,Gender2,Age2,Severity2,Hospital2,Gender3,Age3,Severity3,Hospital3,Gender4,Age4,Severity4,Hospital4,Gender5,Age5,Severity5,Hospital5,City Vehicle?,Notes,column 65,column 66,column 67,column 68,column 69,column 70,column 71,column 72,column 73,column 74,column 75,column 76,column 77,column 78,column 79,column 80,column 81,column 82,column 83,column 84,column 85,column 86,column 87,column 88,column 89
12/10/2015,20:42,266 Broadway,Somerville,MA,1,1,2,1,4,3,1,1,1,,,,,,,,,,,,,,,,,,,,1,0,0,2,1,,1,1,,1,34,3,1,,,,,,,,,,,,,,,,,0,,,,,,,,,,,,,,,,,,,,,,,,,,
12/12/2015,4:50,Highland Ave & Central St,Somerville,MA,1,1,3,2,1,6,,1,3,,1,1,,,,,,,,,,,,,,,,,0,0,0,,,,,1,,,,,,,,,,,,,,,,,,,,,,0,,,,,,,,,,,,,,,,,,,,,,,,,,
12/12/2015,18:08,Broadway & Cross St,Somerville,MA,1,1,3,2,1,3,,2,3,,2,1,,,,,,,,,,,,,,,,,0,0,0,,,,,0,,,,,,,,,,,,,,,,,,,,,,0,,,,,,,,,,,,,,,,,,,,,,,,,,
12/13/2015,3:55,Temple St & Derby St,Somerville,MA,1,1,1,3,1,6,,1,10,97,1,1,,,,,,,,,,,,,,,,,0,0,0,,,,,1,,1,33,3,,,,,,,,,,,,,,,,,,0,,,,,,,,,,,,,,,,,,,,,,,,,,
12/14/2015,15:48,Beacon St & Washington St,Somerville,MA,1,99,3,2,1,1,1,1,99,,,,,,,,,,,,,,,,,,,,0,0,1,,,Light Pole,,1,,,,,,,,,,,,,,,,,,,,,,0,,,,,,,,,,,,,,,,,,,,,,,,,,
12/14/2015,22:47,Webster Ave & Prospect St,Somerville,MA,3,2,3,3,4,1,1,1,99,,,,,,,,,,,,,,,,,,,,0,0,1,,,Median/curb,,0,,,,,,,,,,,,,,,,,,,,,,0,,,,,,,,,,,,,,,,,,,,,,,,,,
12/15/2015,10:46,School St & Medford St,Somerville,MA,1,1,3,2,1,3,,1,1,,1,3,,,,,,,,,,,,,,,,,0,0,0,,,,,0,,,,,,,,,,,,,,,,,,,,,,0,,,,,,,,,,,,,,,,,,,,,,,,,,
12/15/2015,18:17,14 Broadway,Somerville,MA,1,1,1,1,4,4,,1,99,,2,99,,,,,,,,,,,,,,,,,0,0,0,,,,,0,,,,,,,,,,,,,,,,,,,,,,0,,,,,,,,,,,,,,,,,,,,,,,,,,
12/15/2015,20:53,43 Temple St,Somerville,MA,1,1,1,1,4,2,,1,1,,1,19,,,,,,,,,,,,,,,,,0,0,0,,,,,0,,,,,,,,,,,,,,,,,,,,,,0,"inattention, texting",,,,,,,,,,,,,,,,,,,,,,,,,
12/16/2015,12:39,Grove St & Elm St,Somerville,MA,1,1,2,3,2,3,,2,99,,1,1,,,,,,,,,,,,,,,,,0,0,0,,,,,0,,,,,,,,,,,,,,,,,,,,,,0,,,,,,,,,,,,,,,,,,,,,,,,,,
12/16/2015,14:30,137 Sycamore St,Somerville,MA,1,1,1,1,4,4,,2,19,,2,1,,,,,,,,,,,,,,,,,0,0,0,,,,,0,,,,,,,,,,,,,,,,,,,,,,0,,,,,,,,,,,,,,,,,,,,,,,,,,
12/17/2015,16:40,Broadway & Winchester St,Somerville,MA,3,2,1,2,1,4,1,1,99,,,,,,,,,,,,,,,,,,,,1,0,0,2,7,,4,1,,0,24,99,,,,,,,,,,,,,,,,,,0,"bicyclists claimed she was fine, refused medical. Small cut on left leg",,,,,,,,,,,,,,,,,,,,,,,,,
12/18/2015,9:21,Broadway & Leonard St,Somerville,MA,2,1,1,2,1,2,,1,5,,2,1,,,,,,,,,,,,,,,,,0,0,0,,,,,0,,,,,,,,,,,,,,,,,,,,,,0,,,,,,,,,,,,,,,,,,,,,,,,,,
12/18/2015,16:13,Prospect Hill Pkwy,Somerville,MA,2,2,1,1,1,1,,1,1,,,,,,,,,,,,,,,,,,,,0,0,0,,,,,0,,,,,,,,,,,,,,,,,,,,,,0,,,,,,,,,,,,,,,,,,,,,,,,,,
12/18/2015,18:45,547 Broadway,Somerville,MA,1,1,1,1,1,12,,1,4,,1,1,,,,,,,,,,,,,,,,,0,0,0,,,,,1,,1,49,3,1,,,,,,,,,,,,,,,,,0,,,,,,,,,,,,,,,,,,,,,,,,,,
12/19/2015,10:32,288 Cedar St,Somerville,MA,1,1,1,1,1,1,1,1,99,,,,,,,,,,,,,,,,,,,,0,0,1,,,Utility pole,,1,,1,80,99,1,,,,,,,,,,,,,,,,,0,,,,,,,,,,,,,,,,,,,,,,,,,,
12/19/2015,11:47,Broadway & Wallace St,Somerville,MA,1,1,2,2,2,2,,1,1,,1,1,,,,,,,,,,,,,,,,,0,0,0,,,,,0,,,,,,,,,,,,,,,,,,,,,,0,,,,,,,,,,,,,,,,,,,,,,,,,,
12/19/2015,12:45,355 Broadway,Somerville,MA,1,1,1,1,3,4,,1,1,,1,,,,,,,,,,,,,,,,,,0,0,0,,,,,0,,,,,,,,,,,,,,,,,,,,,,0,,,,,,,,,,,,,,,,,,,,,,,,,,
12/20/2015,9:00,220 Broadway,Somerville,MA,1,1,1,1,1,3,,1,99,,1,4,,,,,,,,,,,,,,,,,0,0,0,,,,,0,,,,,,,,,,,,,,,,,,,,,,0,,,,,,,,,,,,,,,,,,,,,,,,,,
12/20/2015,12:50,Highland Ave & Willow Ave,Somerville,MA,1,1,3,2,1,3,,1,1,,1,4,,,,,,,,,,,,,,,,,0,0,0,,,,,0,,,,,,,,,,,,,,,,,,,,,,0,refused medical treatment,,,,,,,,,,,,,,,,,,,,,,,,,
12/20/2015,16:17,532 Medford St,Somerville,MA,1,1,1,9,1,8,,2,99,,2,1,,,,,,,,,,,,,,,,,0,0,0,,,,,0,,,,,,,,,,,,,,,,,,,,,,0,,,,,,,,,,,,,,,,,,,,,,,,,,
12/20/2015,16:53,132 College Ave,Somerville,MA,2,1,1,1,1,1,1,2,1,,,,,,,,,,,,,,,,,,,,0,1,0,4,2,,1,1,,1,28,4,1,,,,,,,,,,,,,,,,,0,,,,,,,,,,,,,,,,,,,,,,,,,,
12/21/2015,7:15,Elm St & White St,Somerville,MA,1,1,1,3,1,2,,2,99,,1,1,,,,,,,,,,,,,,,,,0,0,0,,,,,0,,,,,,,,,,,,,,,,,,,,,,0,,,,,,,,,,,,,,,,,,,,,,,,,,
12/21/2015,19:27,399 Highland Ave,Somerville,MA,1,1,1,1,4,2,,1,1,,2,5,20,,,,,,,,,,,,,,,,0,0,0,,,,,0,,,,,,,,,,,,,,,,,,,,,,0,,,,,,,,,,,,,,,,,,,,,,,,,,
12/22/2015,12:31,Broadway & Holland St,Somerville,MA,3,2,3,2,1,2,,1,1,,2,5,,,,,,,,,,,,,,,,,0,0,0,,,,,1,,0,74,3,1,,,,,,,,,,,,,,,,,0,,,,,,,,,,,,,,,,,,,,,,,,,,
12/22/2015,16:00,Washington St & McGrath Hwy,Somerville,MA,3,2,3,4,4,3,,1,1,,1,1,,,,,,,,,,,,,,,,,0,0,0,,,,,0,,,,,,,,,,,,,,,,,,,,,,0,refused medical treatment,,,,,,,,,,,,,,,,,,,,,,,,,
12/22/2015,17:28,131 College Ave,Somerville,MA,3,2,1,1,1,2,,1,9,,2,,,,,,,,,,,,,,,,,,0,0,0,,,,,0,,,,,,,,,,,,,,,,,,,,,,0,,,,,,,,,,,,,,,,,,,,,,,,,,
12/22/2015,17:36,Broadway & Wisconsin Ave,Somerville,MA,3,2,1,3,2,1,1,3,1,,,,,,,,,,,,,,,,,,,,0,1,1,4,12,Motorcycle,5,1,,1,47,4,,,,,,,,,,,,,,,,,,0,pedestrian refused medical,,,,,,,,,,,,,,,,,,,,,,,,,
12/22/2015,15:39,Temple St & Broadway,Somerville,MA,2,2,3,2,3,4,2,1,1,,7,1,,,,,,,,,,,,,,,,,0,0,0,,,,,0,,,,,,,,,,,,,,,,,,,,,,1,"SFD engine responding to call; while turning, rear struck side of stopped MV",,,,,,,,,,,,,,,,,,,,,,,,,
12/23/2015,9:11,43 Third Ave,Somerville,MA,1,1,1,1,1,5,,10,19,,2,1,,,,,,,,,,,,,,,,,0,0,0,,,,,0,,,,,,,,,,,,,,,,,,,,,,0,,,,,,,,,,,,,,,,,,,,,,,,,,
12/23/2015,14:20,Washington St & Joy St,Somerville,MA,1,1,1,3,1,3,,1,1,,2,1,,,,,,,,,,,,,,,,,0,0,0,,,,,1,,1,18,3,1,,,,,,,,,,,,,,,,,0,,,,,,,,,,,,,,,,,,,,,,,,,,
12/23/2015,17:33,Middlesex Ave,Somerville,MA,2,2,3,1,2,2,,2,1,,2,5,20,,,,,,,,,,,,,,,,0,0,0,,,,,0,,,,,,,,,,,,,,,,,,,,,,0,"aditional contrib code ( 7, 14)",,,,,,,,,,,,,,,,,,,,,,,,,
12/23/2015,18:00,College Ave & Broadway,Somerville,MA,3,2,3,8,2,2,,2,99,,1,1,,,,,,,,,,,,,,,,,0,0,0,,,,,0,,,,,,,,,,,,,,,,,,,,,,0,,,,,,,,,,,,,,,,,,,,,,,,,,
12/23/2015,19:20,Cutter Ave & Summer St,Somerville,MA,3,2,3,2,4,1,1,1,1,,,,,,,,,,,,,,,,,,,,0,1,0,1,1,,2,0,,,,,,,,,,,,,,,,,,,,,,0,both pedesterian and motorist refused medical,,,,,,,,,,,,,,,,,,,,,,,,,
12/24/2015,20:41,266 Broadway,Somerville,MA,1,1,1,1,2,3,,2,99,,2,99,,,,,,,,,,,,,,,,,0,0,0,,,,,0,,,,,,,,,,,,,,,,,,,,,,0,,,,,,,,,,,,,,,,,,,,,,,,,,
12/25/2015,4:31,Washington St & Dane St,Somerville,MA,1,2,3,2,1,3,,1,1,,1,3,,,,,,,,,,,,,,,,,0,0,0,,,,,0,,,,,,,,,,,,,,,,,,,,,,0,,,,,,,,,,,,,,,,,,,,,,,,,,
12/26/2015,9:40,Highland Ave & Walnut St,Somerville,MA,1,1,3,2,1,3,,1,3,,1,1,,,,,,,,,,,,,,,,,0,0,0,,,,,0,,,,,,,,,,,,,,,,,,,,,,0,,,,,,,,,,,,,,,,,,,,,,,,,,
12/26/2015,15:21,72 Holland St,Somerville,MA,2,1,1,1,1,1,1,1,1,,,,,,,,,,,,,,,,,,,,1,0,0,4,2,,7,1,,1,31,4,,,,,,,,,,,,,,,,,,0,"cyclist refused medical, minor injury to fingers",,,,,,,,,,,,,,,,,,,,,,,,,
12/28/2015,14:26,Broadway & Central St,Somerville,MA,1,1,1,3,1,3,,2,1,,2,99,,,,,,,,,,,,,,,,,0,0,0,,,,,1,,0,32,4,,,,,,,,,,,,,,,,,,0,,,,,,,,,,,,,,,,,,,,,,,,,,
12/29/2015,6:29,252 Medford St,Somerville,MA,4,3,5,1,3,1,,2,99,,,,,,,,,,,,,,,,,,,,0,0,0,,,,,1,,1,45,99,,,,,,,,,,,,,,,,,,0,,,,,,,,,,,,,,,,,,,,,,,,,,
12/29/2015,15:55,26 Central St,Somerville,MA,5,7,2,1,4,1,1,1,1,,,,,,,,,,,,,,,,,,,,0,1,0,8,5,,7,1,,0,66,3,1,,,,,,,,,,,,,,,,,0,,,,,,,,,,,,,,,,,,,,,,,,,,
12/31/2015,18:45,Warner St & Broadway,Somerville,MA,1,1,4,7,1,2,,1,1,,1,1,,,,,,,,,,,,,,,,,0,0,0,,,,,0,,,,,,,,,,,,,,,,,,,,,,0,,,,,,,,,,,,,,,,,,,,,,,,,,
01/03/2016,1:30,Marshall St & Pearl St,Somerville,MA,1,1,1,3,1,4,2,1,1,,1,2,,,,,,,,,,,,,,,,,0,0,0,,,,,0,,,,,,,,,,,,,,,,,,,,,,0,,,,,,,,,,,,,,,,,,,,,,,,,,
01/03/2016,13:52,Broadway & Charles E Ryan Rd,Somerville,MA,1,1,1,3,1,2,2,2,1,,2,20,,,,,,,,,,,,,,,,,0,0,0,,,,,1,3,1,22,4,0,1,58,4,0,1,13,4,0,,,,,,,,,0,,,,,,,,,,,,,,,,,,,,,,,,,,
01/04/2016,7:40,12 Francis St,Somerville,MA,2,1,1,3,4,2,2,6,99,,1,,,,,,,,,,,,,,,,,,0,0,0,,,,,0,,,,,,,,,,,,,,,,,,,,,,0,,,,,,,,,,,,,,,,,,,,,,,,,,
01/04/2016,8:48,624 Somerville Ave,Somerville,MA,1,1,1,1,1,3,2,1,4,,2,1,,,,,,,,,,,,,,,,,0,0,0,,,,,0,,,,,,,,,,,,,,,,,,,,,,0,,,,,,,,,,,,,,,,,,,,,,,,,,
01/04/2016,12:11,120 School St,Somerville,MA,2,1,1,1,4,4,2,2,1,,10,,,,,,,,,,,,,,,,,,0,0,0,,,,,0,,,,,,,,,,,,,,,,,,,,,,1,,,,,,,,,,,,,,,,,,,,,,,,,,
01/04/2016,13:25,Washington St & Inner Belt Rd,Somerville,MA,2,1,3,3,1,2,2,1,5,,1,1,,,,,,,,,,,,,,,,,0,0,0,,,,,0,,,,,,,,,,,,,,,,,,,,,,0,,,,,,,,,,,,,,,,,,,,,,,,,,
01/04/2016,18:37,264 Washington St,Somerville,MA,1,1,3,3,2,2,2,1,19,,2,1,,,,,,,,,,,,,,,,,0,0,0,,,,,0,,,,,,,,,,,,,,,,,,,,,,0,,,,,,,,,,,,,,,,,,,,,,,,,,
01/05/2016,8:05,42 Stone Ave,Somerville,MA,1,1,1,1,1,5,3,1,10,,2,,,1,,,,,,,,,,,,,,,0,0,1,,97,Building,,0,,,,,,,,,,,,,,,,,,,,,,0,,,,,,,,,,,,,,,,,,,,,,,,,,
01/05/2016,15:29,19 Herbert St,Somerville,MA,1,1,1,1,1,8,2,6,1,,1,1,,,,,,,,,,,,,,,,,0,0,0,,,,,0,,,,,,,,,,,,,,,,,,,,,,1,,,,,,,,,,,,,,,,,,,,,,,,,,
01/08/2016,11:30,81 Liberty Ave,Somerville,MA,2,1,1,1,1,1,1,8,1,,,,,,,,,,,,,,,,,,,,0,0,1,,97,"Brick barrier, wooden post",,0,,,,,,,,,,,,,,,,,,,,,,0,,,,,,,,,,,,,,,,,,,,,,,,,,
01/08/2016,17:32,34 North St,Somerville,MA,2,1,1,1,99,1,1,1,19,20,,,,,,,,,,,,,,,,,,,1,0,0,5,2,,4,1,,1,13,4,1,,,,,,,,,,,,,,,,,0,,,,,,,,,,,,,,,,,,,,,,,,,,
01/10/2016,15:29,Grand Union Blvd & Foley St,Somerville,MA,3,2,2,2,1,3,2,2,1,,1,3,7,,,,,,,,,,,,,,,,0,0,0,,,,,0,,,,,,,,,,,,,,,,,,,,,,0,,,,,,,,,,,,,,,,,,,,,,,,,,
01/10/2016,18:08,Grand Union Blvd & Foley St,Somerville,MA,3,2,2,2,2,3,2,1,99,,2,99,,,,,,,,,,,,,,,,,0,0,0,,,,,0,,,,,,,,,,,,,,,,,,,,,,0,,,,,,,,,,,,,,,,,,,,,,,,,,
01/12/2016,11:57,Summer St & Benton Rd,Somerville,MA,1,1,2,3,1,3,2,1,1,,1,1,,,,,,,,,,,,,,,,,0,0,0,,,,,0,,,,,,,,,,,,,,,,,,,,,,0,,,,,,,,,,,,,,,,,,,,,,,,,,
01/12/2016,19:01,514 Medford St,Somerville,MA,"3, 4","2,3",1,1,2,4,2,2,1,,1,99,,,,,,,,,,,,,,,,,0,0,0,,,,,0,,,,,,,,,,,,,,,,,,,,,,1,,,,,,,,,,,,,,,,,,,,,,,,,,
01/12/2016,19:44,School St & Central St,Somerville,MA,4,2,3,2,4,1,1,2,1,,,,,,,,,,,,,,,,,,,,0,1,0,1,1,,1,1,,0,15,3,1,,,,,,,,,,,,,,,,,0,,,,,,,,,,,,,,,,,,,,,,,,,,
01/14/2016,8:00,206 Lowell St,Somerville,MA,unk,unk,unk,unk,unk,unk,2,2,99,,1,99,,,,,,,,,,,,,,,,,0,0,0,,,,,0,,,,,,,,,,,,,,,,,,,,,,0,,,,,,,,,,,,,,,,,,,,,,,,,,
01/16/2016,0:21,Summer St & Lowell St,Somerville,MA,1,2,2,2,1,99,2,2,99,,1,99,,,,,,,,,,,,,,,,,0,0,0,,,,,0,,,,,,,,,,,,,,,,,,,,,,0,,,,,,,,,,,,,,,,,,,,,,,,,,
01/16/2016,14:45,304 Somerville Ave,Somerville,MA,2,2,1,1,4,3,1,1,99,,,99,,,,,,,,,,,,,,,,,0,0,1,4,97,Scooter,7,1,,0,38,3,1,,,,,,,,,,,,,,,,,0,,,,,,,,,,,,,,,,,,,,,,,,,,
01/16/2016,17:16,14 Broadway,Somerville,MA,1,1,3,2,4,2,2,1,1,,1,1,,,,,,,,,,,,,,,,,0,0,0,,,,,0,,,,,,,,,,,,,,,,,,,,,,0,,,,,,,,,,,,,,,,,,,,,,,,,,
01/16/2016,22:50,257 Highland Ave,Somerville,MA,1,2,1,1,1,2,2,2,1,,1,1,,,,,,,,,,,,,,,,,0,0,0,,,,,0,,,,,,,,,,,,,,,,,,,,,,0,,,,,,,,,,,,,,,,,,,,,,,,,,
01/16/2016,11:53,Somerville Ave & Properzi Way,Somerville,MA,3,2,1,3,1,1,1,2,99,,,,,,,,,,,,,,,,,,,,0,1,0,1,1,,2,1,,0,38,3,1,,,,,,,,,,,,,,,,,0,,,,,,,,,,,,,,,,,,,,,,,,,,
01/17/2016,8:12,Broadway & Clarendon Ave,Somerville,MA,1,1,1,3,1,2,2,1,1,,1,99,,,,,,,,,,,,,,,,,0,0,0,,,,,1,,1,42,4,0,,,,,,,,,,,,,,,,,0,,,,,,,,,,,,,,,,,,,,,,,,,,
01/17/2016,12:51,301 Washington St,Somerville,MA,1,1,3,1,2,2,2,1,3,,2,1,,,,,,,,,,,,,,,,,0,0,0,,,,,1,,0,55,3,1,,,,,,,,,,,,,,,,,0,,,,,,,,,,,,,,,,,,,,,,,,,,
01/17/2016,15:41,Cedar Ave & Cedar St,Somerville,MA,unk,unk,unk,unk,unk,unk,2,1,3,,1,1,,,,,,,,,,,,,,,,,0,0,0,,,,,0,,,,,,,,,,,,,,,,,,,,,,0,,,,,,,,,,,,,,,,,,,,,,,,,,
01/18/2016,1:36,25 Kidder Ave,Somerville,MA,"4,8",2,1,1,1,3,4,2,21,,1,1,,,,,,,,,,,,,,,,,0,0,0,,,,,0,,,,,,,,,,,,,,,,,,,,,,0,,,,,,,,,,,,,,,,,,,,,,,,,,
01/20/2016,11:34,225 Elm St,Somerville,MA,1,1,1,1,4,1,1,6,1,,,,,,,,,,,,,,,,,,,,0,0,1,9,97,Lamp post,,0,,,,,,,,,,,,,,,,,,,,,,1,,,,,,,,,,,,,,,,,,,,,,,,,,
01/20/2016,11:46,Medford St & Lowell St,Somerville,MA,unk,unk,unk,unk,unk,unk,2,2,1,,10,6,,,,,,,,,,,,,,,,,0,0,0,,,,,0,,,,,,,,,,,,,,,,,,,,,,0,,,,,,,,,,,,,,,,,,,,,,,,,,
01/20/2016,13:40,Temple St & Sewall St,Somerville,MA,1,1,1,2,1,3,2,1,1,,1,99,,,,,,,,,,,,,,,,,0,0,0,,,,,0,,,,,,,,,,,,,,,,,,,,,,0,,,,,,,,,,,,,,,,,,,,,,,,,,
01/22/2016,7:09,50 Webster Ave,Somerville,MA,1,1,1,1,4,8,2,1,1,,8,1,,,,,,,,,,,,,,,,,0,0,0,,,,,0,,,,,,,,,,,,,,,,,,,,,,0,V1 and V2 refused medical,,,,,,,,,,,,,,,,,,,,,,,,,
01/22/2016,17:21,Broadway & Warner St,Somerville,MA,1,1,4,7,4,3,2,1,99,,1,99,,,,,,,,,,,,,,,,,0,0,0,,,,,0,,,,,,,,,,,,,,,,,,,,,,0,,,,,,,,,,,,,,,,,,,,,,,,,,
01/22/2016,18:51,College Ave & Summit St,Somerville,MA,1,1,1,2,1,1,1,1,4,,,,,,,,,,,,,,,,,,,,0,1,0,1,2,,5,1,,0,57,2,1,,,,,,,,,,,,,,,,,0,,,,,,,,,,,,,,,,,,,,,,,,,,
01/23/2016,18:46,75 Union Sq,Somerville,MA,4,3,1,1,1,7,2,2,18,,1,1,,,,,,,,,,,,,,,,,0,0,0,,,,,0,,,,,,,,,,,,,,,,,,,,,,1,,,,,,,,,,,,,,,,,,,,,,,,,,
01/24/2016,14:54,Medford St & Walnut St,Somerville,MA,"1,97",2,3,3,1,9,2,1,3,,1,1,,,,,,,,,,,,,,,,,0,0,0,,,,,0,,,,,,,,,,,,,,,,,,,,,,0,,,,,,,,,,,,,,,,,,,,,,,,,,
01/25/2016,12:24,60 Highland Rd,Somerville,MA,1,1,1,1,1,8,2,2,20,,1,1,,,,,,,,,,,,,,,,,0,0,0,,,,,0,,,,,,,,,,,,,,,,,,,,,,0,,,,,,,,,,,,,,,,,,,,,,,,,,
01/25/2016,18:50,Broadway & Michigan St,Somerville,MA,1,2,1,3,3,4,2,2,1,,1,99,,,,,,,,,,,,,,,,,0,0,0,,,,,0,,,,,,,,,,,,,,,,,,,,,,0,,,,,,,,,,,,,,,,,,,,,,,,,,
01/25/2016,15:49,Washington St & Joy St,Somerville,MA,1,2,1,3,1,1,1,2,4,97,,,,,,,,,,,,,,,,,,,0,1,0,1,1,,2,1,,1,72,3,1,,,,,,,,,,,,,,,,,0,,,,,,,,,,,,,,,,,,,,,,,,,,
01/26/2016,15:03,191 Morrison Ave,Somerville,MA,2,2,1,9,1,3,2,1,4,,1,1,,,,,,,,,,,,,,,,,0,0,0,,,,,1,,0,22,4,,,,,,,,,,,,,,,,,,0,,,,,,,,,,,,,,,,,,,,,,,,,,
01/26/2016,19:41,Broadway & Warner St,Somerville,MA,1,1,2,7,unk,4,2,1,99,,1,99,,,,,,,,,,,,,,,,,0,0,0,,,,,0,,,,,,,,,,,,,,,,,,,,,,0,,,,,,,,,,,,,,,,,,,,,,,,,,
01/29/2016,16:03,35 Temple St,Somerville,MA,2,1,1,1,1,1,1,2,4,,,,,,,,,,,,,,,,,,,,0,1,0,4,2,,2,1,,1,16,3,1,,,,,,,,,,,,,,,,,0,,,,,,,,,,,,,,,,,,,,,,,,,,
01/30/2016,13:09,2 North St,Somerville,MA,1,1,3,1,1,2,2,1,1,,1,99,,,,,,,,,,,,,,,,,0,0,0,,,,,0,,,,,,,,,,,,,,,,,,,,,,0,,,,,,,,,,,,,,,,,,,,,,,,,,
01/31/2016,23:29,Franklin St & Arlington St,Somerville,MA,1,1,1,3,4,3,2,1,2,10,2,1,,,,,,,,,,,,,,,,,0,0,0,,,,,0,,,,,,,,,,,,,,,,,,,,,,0,,,,,,,,,,,,,,,,,,,,,,,,,,
02/02/2016,6:50,Concord Ave & Dimick St,Somerville,MA,1,1,2,3,1,9,2,1,1,,2,99,,,,,,,,,,,,,,,,,0,0,0,,,,,1,,1,55,3,1,,,,,,,,,,,,,,,,,0,,,,,,,,,,,,,,,,,,,,,,,,,,
02/03/2016,7:20,269 Somerville Ave,Somerville,MA,1,1,1,1,1,2,2,1,1,,1,13,,,,,,,,,,,,,,,,,0,0,0,,,,,0,,,,,,,,,,,,,,,,,,,,,,0,,,,,,,,,,,,,,,,,,,,,,,,,,
02/03/2016,7:51,1159 Broadway,Somerville,MA,1,1,1,1,1,2,2,1,1,,1,99,,,,,,,,,,,,,,,,,0,0,0,,,,,0,,,,,,,,,,,,,,,,,,,,,,0,,,,,,,,,,,,,,,,,,,,,,,,,,
02/04/2016,17:04,149 Washington St,Somerville,MA,2,1,1,1,1,2,2,2,5,,2,1,,,,,,,,,,,,,,,,,0,0,0,,,,,0,,,,,,,,,,,,,,,,,,,,,,0,,,,,,,,,,,,,,,,,,,,,,,,,,
02/04/2016,23:56,Somerville Ave & Webster Ave,Somerville,MA,"3,5",2,3,2,1,2,2,2,1,,2,19,,,,,,,,,,,,,,,,,0,0,0,,,,,1,2,1,39,3,1,0,26,4,0,,,,,,,,,,,,,1,D2 refused medical attention,,,,,,,,,,,,,,,,,,,,,,,,,
02/05/2016,13:47,269 Somerville Ave,Somerville,MA,4,3,3,1,1,2,2,2,1,,1,11,,,,,,,,,,,,,,,,,0,0,0,,,,,0,,,,,,,,,,,,,,,,,,,,,,0,,,,,,,,,,,,,,,,,,,,,,,,,,
02/05/2016,14:20,Dane St & Washington St,Somerville,MA,4,3,3,2,1,3,2,1,1,,2,1,,,,,,,,,,,,,,,,,0,0,0,,,,,0,,,,,,,,,,,,,,,,,,,,,,0,,,,,,,,,,,,,,,,,,,,,,,,,,
02/06/2016,9:15,26 Pearl St,Somerville,MA,1,2,1,1,1,3,3,1,4,,2,1,,2,,,,,,,,,,,,,,,0,0,0,,,,,0,,,,,,,,,,,,,,,,,,,,,,0,,,,,,,,,,,,,,,,,,,,,,,,,,
02/08/2016,7:12,Gilman St & Walnut St,Somerville,MA,"4,8",3,1,99,4,2,2,1,1,,1,1,,,,,,,,,,,,,,,,,0,0,0,,,,,0,,,,,,,,,,,,,,,,,,,,,,0,,,,,,,,,,,,,,,,,,,,,,,,,,
02/09/2016,6:25,Cutter Ave & Highland Ave,Somerville,MA,2,2,"3,5",4,4,3,2,1,1,,1,4,9,,,,,,,,,,,,,,,,0,0,0,,,,,0,,,,,,,,,,,,,,,,,,,,,,0,D1 & d2 refused medical attention,,,,,,,,,,,,,,,,,,,,,,,,,
02/09/2016,15:41,Temple St & Memorial Rd,Somerville,MA,2,2,1,3,1,2,2,1,1,,1,1,,,,,,,,,,,,,,,,,0,0,0,,,,,0,,,,,,,,,,,,,,,,,,,,,,0,,,,,,,,,,,,,,,,,,,,,,,,,,
02/09/2016,18:48,Newton St & Webster Ave,Somerville,MA,1,2,2,2,4,3,2,1,11,,1,1,,,,,,,,,,,,,,,,,0,0,0,,,,,0,,,,,,,,,,,,,,,,,,,,,,0,,,,,,,,,,,,,,,,,,,,,,,,,,
02/10/2016,14:15,Broadway & Paulina St,Somerville,MA,2,2,2,3,1,3,2,2,4,,2,1,,,,,,,,,,,,,,,,,0,0,0,,,,,1,2,0,55,3,0,0,66,3,0,,,,,,,,,,,,,0,,,,,,,,,,,,,,,,,,,,,,,,,,
02/12/2016,9:26,Medford St & Bartlett St,Somerville,MA,1,1,2,2,1,3,2,2,99,,2,99,,,,,,,,,,,,,,,,,0,0,0,,,,,0,,,,,,,,,,,,,,,,,,,,,,0,,,,,,,,,,,,,,,,,,,,,,,,,,