Date,Time,Location,City,State,Weather (2&3),Road Surface (6),Traffic Control Device (4),Intersection Type (7),Traffic Way Desc (8),Collision Manner (11),# of Involved Vehicles,Vehicle1 Configuration (21),Driver1 Contrib Code1 (25),Driver1 Contrib Code2 (25),Vehicle2 Configuration (21),Driver2 Contrib Code1 (25),Driver2 Contrib Code2 (25),Vehicle3 Configuration (21),Driver3 Contrib Code1 (25),Driver3 Contrib Code2 (25),Vehicle4 Configuration (21),Driver4 Contrib Code1 (25),Driver4 Contrib Code2 (25),Vehicle5 Configuration (21),Driver5 Contrib Code1 (25),Driver5 Contrib Code2 (25),Vehicle6 Configuration (21),Driver6 Contrib Code1 (25),Driver6 Contrib Code2 (25),Vehicle7 Configuration (21),Driver7 Contrib Code1 (25),Driver7 Contrib Code2 (25),Bicycle,Pedestrian,Non-MV,Non-Motorist Location (16),Non-Motorist Action (15),Non-Motorist Type,Manner of Non-Motorist (Person) Collision,Injury,Multiple,Gender1,Age1,Severity1,Hospital1,Gender2,Age2,Severity2,Hospital2,Gender3,Age3,Severity3,Hospital3,Gender4,Age4,Severity4,Hospital4,Gender5,Age5,Severity5,Hospital5,City Vehicle?,Notes,column 65,column 66,column 67,column 68,column 69,column 70,column 71,column 72,column 73,column 74,column 75,column 76,column 77,column 78,column 79,column 80,column 81,column 82,column 83,column 84,column 85,column 86,column 87,column 88,column 89
05/05/2016,7:45,300 Broadway,Somerville,MA,2,1,1,1,3,2,2,2,99,,1,99,,,,,,,,,,,,,,,,,0,0,0,,,,,0,,,,,,,,,,,,,,,,,,,,,,0,,,,,,,,,,,,,,,,,,,,,,,,,,
05/05/2016,11:38,76 Middlesex Ave,Somerville,MA,"2,3",2,1,1,2,1,1,10,99,,,,,,,,,,,,,,,,,,,,0,0,1,,,Light pole,,0,,,,,,,,,,,,,,,,,,,,,,0,,,,,,,,,,,,,,,,,,,,,,,,,,
05/05/2016,13:55,93 Summer St,Somerville,MA,3,2,1,1,1,4,2,1,99,,1,,,,,,,,,,,,,,,,,,0,0,0,,,,,0,,,,,,,,,,,,,,,,,,,,,,1,,,,,,,,,,,,,,,,,,,,,,,,,,
05/05/2016,7:00,Broadway & Lowden Ave,Somerville,MA,3,2,2,3,1,5,2,1,1,,1,4,,,,,,,,,,,,,,,,,0,0,0,,,,,0,,,,,,,,,,,,,,,,,,,,,,0,,,,,,,,,,,,,,,,,,,,,,,,,,
05/05/2016,14:56,15 Elm St,Somerville,MA,1,1,unk,1,1,3,2,2,1,,2,6,,,,,,,,,,,,,,,,,0,0,0,,,,,0,,,,,,,,,,,,,,,,,,,,,,0,,,,,,,,,,,,,,,,,,,,,,,,,,
05/06/2015,21:56,Beacon St & Prentiss St,Somerville,MA,1,1,1,3,1,1,1,1,4,,,,,,,,,,,,,,,,,,,,1,0,0,2,2,,2,1,,0,25,3,1,,,,,,,,,,,,,,,,,0,,,,,,,,,,,,,,,,,,,,,,,,,,
05/06/2016,8:00,Willow Ave & Morrison Ave,Somerville,MA,2,2,2,1,1,4,2,2,1,,2,1,,,,,,,,,,,,,,,,,0,0,0,,,,,0,,,,,,,,,,,,,,,,,,,,,,0,,,,,,,,,,,,,,,,,,,,,,,,,,
05/06/2016,17:06,Somerville Ave & Washington St & Prospect Ave,Somerville,MA,2,1,3,3,2,3,2,1,1,,2,3,,,,,,,,,,,,,,,,,0,0,0,,,,,0,,,,,,,,,,,,,,,,,,,,,,0,,,,,,,,,,,,,,,,,,,,,,,,,,
05/07/2016,11:12,13 Elm St,Somerville,MA,2,1,1,1,1,4,2,1,99,,1,99,,,,,,,,,,,,,,,,,0,0,0,,,,,0,,,,,,,,,,,,,,,,,,,,,,0,,,,,,,,,,,,,,,,,,,,,,,,,,
05/08/2016,10:28,Sanborn Ave & Warren St,Somerville,MA,"2,3",2,2,3,1,3,2,1,4,,6,1,,,,,,,,,,,,,,,,,0,0,0,,,,,0,,,,,,,,,,,,,,,,,,,,,,0,,,,,,,,,,,,,,,,,,,,,,,,,,
05/08/2016,11:00,Morrison Ave & Boston Ave,Somerville,MA,"3,2",2,1,3,1,6,3,2,1,,1,1,,1,1,,,,,,,,,,,,,,0,0,0,,,,,1,8,0,46,4,1,0,63,4,1,0,64,4,1,0,16,4,1,1,39,4,1,0,,,,,,,,,,,,,,,,,,,,,,,,,,
05/09/2016,16:07,3 Washington St,Somerville,MA,"1,2",1,1,1,2,3,2,1,1,,1,4,,,,,,,,,,,,,,,,,0,0,0,,,,,0,,,,,,,,,,,,,,,,,,,,,,0,,,,,,,,,,,,,,,,,,,,,,,,,,
05/10/2016,19:16,McGrath Hwy & Grand Union Blvd,Somerville,MA,1,1,1,1,3,2,2,1,1,,1,20,,,,,,,,,,,,,,,,,0,0,0,,,,,0,,,,,,,,,,,,,,,,,,,,,,1,,,,,,,,,,,,,,,,,,,,,,,,,,
05/10/2016,10:46,34 Highland Ave,Somerville,MA,1,1,1,1,1,1,1,1,19,,,,,,,,,,,,,,,,,,,,1,0,0,2,2,,3,1,,1,32,4,0,,,,,,,,,,,,,,,,,0,,,,,,,,,,,,,,,,,,,,,,,,,,
05/11/2016,21:55,Broadway & Magoun Sq Muni Lot,Somerville,MA,1,1,3,8,1,3,2,1,10,,1,1,,,,,,,,,,,,,,,,,0,0,0,,,,,0,,,,,,,,,,,,,,,,,,,,,,0,,,,,,,,,,,,,,,,,,,,,,,,,,
05/13/2016,14:50,Elm St & Grove St,Somerville,MA,1,1,1,3,4,1,1,1,19,,,,,,,,,,,,,,,,,,,,0,1,0,1,1,,5,0,,,,,,,,,,,,,,,,,,,,,,0,,,,,,,,,,,,,,,,,,,,,,,,,,
05/13/2016,16:44,Central St & Hudson St,Somerville,MA,"1,2",1,1,3,2,3,3,2,1,,1,1,,1,19,,,,,,,,,,,,,,0,0,0,,,,,0,,,,,,,,,,,,,,,,,,,,,,0,,,,,,,,,,,,,,,,,,,,,,,,,,
05/13/2016,8:14,363 Beacon St,Somerville,MA,1,1,1,3,2,4,1,1,4,,,,,,,,,,,,,,,,,,,,1,0,0,4,2,,1,1,,0,53,3,1,,,,,,,,,,,,,,,,,0,,,,,,,,,,,,,,,,,,,,,,,,,,
05/14/2016,12:21,Holland St & Buena Vista Rd,Somerville,MA,1,1,1,3,2,3,2,1,1,,2,19,,,,,,,,,,,,,,,,,0,0,0,,,,,0,,,,,,,,,,,,,,,,,,,,,,0,,,,,,,,,,,,,,,,,,,,,,,,,,
05/18/2016,4:46,13 Warren Ave,Somerville,MA,1,1,1,9,1,1,1,1,99,,,,,,,,,,,,,,,,,,,,0,0,1,,,"Street sign, fence",,0,,,,,,,,,,,,,,,,,,,,,,0,,,,,,,,,,,,,,,,,,,,,,,,,,
05/18/2016,23:36,School St & Berkley St,Somerville,MA,1,1,1,3,4,4,2,1,9,,1,1,,,,,,,,,,,,,,,,,0,0,0,,,,,1,2,1,26,3,1,0,29,4,0,,,,,,,,,,,,,0,,,,,,,,,,,,,,,,,,,,,,,,,,
05/18/2016,15:48,34 Central St,Somerville,MA,1,1,1,1,4,2,3,2,10,,2,1,,1,1,,,,,,,,,,,,,,0,0,0,,,,,1,2,1,49,4,0,1,63,4,0,,,,,,,,,,,,,0,,,,,,,,,,,,,,,,,,,,,,,,,,
05/18/2016,17:07,Middlesex Ave & Cummings St,Somerville,MA,1,1,1,3,1,2,2,2,10,,1,1,,,,,,,,,,,,,,,,,0,0,0,,,,,1,2,1,22,4,0,0,28,4,0,,,,,,,,,,,,,0,,,,,,,,,,,,,,,,,,,,,,,,,,
05/19/2016,19:48,Beacon St & Properzi Way,Somerville,MA,2,1,1,3,1,"3,4",1,2,4,,,,,,,,,,,,,,,,,,,,1,0,0,10,2,,1,1,,1,58,2,1,,,,,,,,,,,,,,,,,0,,,,,,,,,,,,,,,,,,,,,,,,,,
05/20/2016,13:00,Broadway & Russell Rd,Somerville,MA,1,1,1,3,1,3,2,1,1,,1,1,,,,,,,,,,,,,,,,,0,0,0,,,,,0,,,,,,,,,,,,,,,,,,,,,,0,,,,,,,,,,,,,,,,,,,,,,,,,,
05/20/2016,19:57,383 Broadway,Somerville,MA,1,1,3,1,2,2,2,1,99,,1,19,,,,,,,,,,,,,,,,,0,0,0,,,,,0,,,,,,,,,,,,,,,,,,,,,,0,,,,,,,,,,,,,,,,,,,,,,,,,,
05/20/2016,21:08,Washington St & Beacon St,Somerville,MA,1,1,3,2,1,2,1,1,5,,,,,,,,,,,,,,,,,,,,1,0,0,1,97,,4,0,,,,,,,,,,,,,,,,,,,,,,0,,,,,,,,,,,,,,,,,,,,,,,,,,
05/21/2016,2:00,62 Highland Ave,Somerville,MA,1,1,1,1,1,3,4,1,99,,1,1,,1,1,,1,1,,,,,,,,,,,0,0,0,,,,,1,,1,47,4,1,,,,,,,,,,,,,,,,,0,,,,,,,,,,,,,,,,,,,,,,,,,,
05/21/2016,8:05,Elm St & Dover St,Somerville,MA,1,1,3,3,99,8,2,1,99,,6,99,,,,,,,,,,,,,,,,,0,0,0,,,,,0,,,,,,,,,,,,,,,,,,,,,,1,,,,,,,,,,,,,,,,,,,,,,,,,,
05/22/2016,13:43,61 Central St,Somerville,MA,2,1,1,1,1,4,2,6,1,,2,,,,,,,,,,,,,,,,,,0,0,0,,,,,0,,,,,,,,,,,,,,,,,,,,,,1,,,,,,,,,,,,,,,,,,,,,,,,,,
05/23/2016,12:40,Kensington Ave & Middlesex Ave,Somerville,MA,1,1,1,1,1,4,2,6,1,,1,,,,,,,,,,,,,,,,,,0,0,0,,,,,0,,,,,,,,,,,,,,,,,,,,,,1,,,,,,,,,,,,,,,,,,,,,,,,,,
05/23/2016,10:20,Highland Ave & Benton Rd,Somerville,MA,1,1,2,2,1,3,2,1,99,,1,99,,,,,,,,,,,,,,,,,0,0,0,,,,,0,,,,,,,,,,,,,,,,,,,,,,0,,,,,,,,,,,,,,,,,,,,,,,,,,
05/23/2016,16:42,285 Highland Ave,Somerville,MA,1,1,1,1,1,3,2,1,4,,15,99,,,,,,,,,,,,,,,,,1,0,0,4,2,,2,1,,1,31,3,0,,,,,,,,,,,,,,,,,0,,,,,,,,,,,,,,,,,,,,,,,,,,
05/23/2016,19:45,273 Washington St,Somerville,MA,1,1,1,1,1,2,4,2,1,,1,1,,2,1,,1,1,,,,,,,,,,,0,0,0,,,,,1,,1,35,4,0,,,,,,,,,,,,,,,,,0,,,,,,,,,,,,,,,,,,,,,,,,,,
05/24/2016,15:26,Kidder Ave & Lowden Ave,Somerville,MA,2,1,2,2,1,3,2,1,4,,1,1,,,,,,,,,,,,,,,,,0,0,0,,,,,0,,,,,,,,,,,,,,,,,,,,,,0,,,,,,,,,,,,,,,,,,,,,,,,,,
05/24/2016,11:00,Broadway & College Ave,Somerville,MA,"2,3",2,2,2,1,1,1,8,1,,,,,,,,,,,,,,,,,,,,0,0,1,,,Street sign,,0,,,,,,,,,,,,,,,,,,,,,,1,,,,,,,,,,,,,,,,,,,,,,,,,,
05/25/2016,16:24,Medford St & Somerville Ave,Somerville,MA,1,1,1,9,1,3,1,1,4,,,,,,,,,,,,,,,,,,,,1,0,0,4,2,,2,1,,0,39,3,0,,,,,,,,,,,,,,,,,0,,,,,,,,,,,,,,,,,,,,,,,,,,
05/26/2016,10:15,6 Radcliffe Rd,Somerville,MA,1,1,1,1,1,4,2,1,1,,1,99,,,,,,,,,,,,,,,,,0,0,0,,,,,0,,,,,,,,,,,,,,,,,,,,,,0,,,,,,,,,,,,,,,,,,,,,,,,,,
05/26/2016,8:35,400 Somerville Ave,Somerville,MA,1,1,1,9,1,1,1,2,4,,,,,,,,,,,,,,,,,,,,1,0,0,1,2,,2,1,,1,40,4,0,,,,,,,,,,,,,,,,,0,,,,,,,,,,,,,,,,,,,,,,,,,,
05/26/2016,13:05,School St & Somerville Ave,Somerville,MA,1,1,1,3,4,4,2,2,9,,7,1,,,,,,,,,,,,,,,,,0,0,0,,,,,0,,,,,,,,,,,,,,,,,,,,,,0,,,,,,,,,,,,,,,,,,,,,,,,,,
05/26/2016,18:05,Foley St & Grand Union Blvd,Somerville,MA,1,1,2,2,1,3,2,1,1,,1,1,,,,,,,,,,,,,,,,,0,0,0,,,,,1,2,0,18,4,1,0,34,4,0,,,,,,,,,,,,,0,,,,,,,,,,,,,,,,,,,,,,,,,,
05/26/2016,22:26,16 Beacon St,Somerville,MA,1,1,2,3,1,3,1,1,4,,,,,,,,,,,,,,,,,,,,1,0,0,10,2,,5,1,,1,27,3,0,,,,,,,,,,,,,,,,,0,,,,,,,,,,,,,,,,,,,,,,,,,,
05/27/2016,12:10,Temple St,Somerville,MA,1,1,1,1,1,4,2,1,1,,1,1,,,,,,,,,,,,,,,,,0,0,0,,,,,0,,,,,,,,,,,,,,,,,,,,,,0,,,,,,,,,,,,,,,,,,,,,,,,,,
05/27/2016,18:35,60 Dartmouth St,Somerville,MA,1,1,1,1,4,2,2,1,99,,1,99,,,,,,,,,,,,,,,,,0,0,0,,,,,0,,,,,,,,,,,,,,,,,,,,,,0,,,,,,,,,,,,,,,,,,,,,,,,,,
05/27/2016,18:50,Alewife Brook Pkwy & Broadway,Somerville,MA,1,1,1,2,1,4,2,2,1,,1,4,,,,,,,,,,,,,,,,,0,0,0,,,,,0,,,,,,,,,,,,,,,,,,,,,,0,,,,,,,,,,,,,,,,,,,,,,,,,,
05/27/2016,22:54,333 Highland Ave,Somerville,MA,1,1,1,1,2,4,2,2,99,,2,99,,,,,,,,,,,,,,,,,0,0,0,,,,,0,,,,,,,,,,,,,,,,,,,,,,0,,,,,,,,,,,,,,,,,,,,,,,,,,
05/30/2016,12:10,Mystic Ave & Temple St,Somerville,MA,2,2,3,2,1,3,2,1,99,,1,99,,,,,,,,,,,,,,,,,0,0,0,,,,,1,,1,41,3,1,,,,,,,,,,,,,,,,,1,,,,,,,,,,,,,,,,,,,,,,,,,,
05/30/2016,12:26,Broadway & Packard Ave,Somerville,MA,3,2,3,3,2,2,2,1,1,,2,99,,,,,,,,,,,,,,,,,0,0,0,,,,,0,,,,,,,,,,,,,,,,,,,,,,0,,,,,,,,,,,,,,,,,,,,,,,,,,
05/30/2016,12:30,1298 Broadway,Somerville,MA,3,2,1,1,1,4,2,1,1,,1,1,,,,,,,,,,,,,,,,,0,0,0,,,,,0,,,,,,,,,,,,,,,,,,,,,,0,,,,,,,,,,,,,,,,,,,,,,,,,,
05/31/2016,18:33,Somerville Ave & Dane St,Somerville,MA,1,1,3,2,1,3,2,2,1,,1,99,,,,,,,,,,,,,,,,,0,0,0,,,,,0,,,,,,,,,,,,,,,,,,,,,,0,,,,,,,,,,,,,,,,,,,,,,,,,,
06/01/2016,13:46,52 School St,Somerville,MA,1,1,1,1,4,2,2,1,1,,1,19,,,,,,,,,,,,,,,,,0,0,0,,,,,1,,1,48,4,0,,,,,,,,,,,,,,,,,0,,,,,,,,,,,,,,,,,,,,,,,,,,
06/02/2016,18:16,Highland Ave & Benton Rd,Somerville,MA,2,1,2,2,1,3,2,1,1,,1,4,,,,,,,,,,,,,,,,,0,0,0,,,,,0,,,,,,,,,,,,,,,,,,,,,,0,,,,,,,,,,,,,,,,,,,,,,,,,,
06/03/2016,9:58,Washington St & Inner Belt Rd,Somerville,MA,1,1,3,3,1,2,2,1,99,,7,99,,,,,,,,,,,,,,,,,0,0,0,,,,,1,,1,78,4,1,,,,,,,,,,,,,,,,,0,,,,,,,,,,,,,,,,,,,,,,,,,,
06/03/2016,11:20,136 Highland Ave,Somerville,MA,2,1,1,1,1,2,2,1,1,,1,20,,,,,,,,,,,,,,,,,0,0,0,,,,,0,,,,,,,,,,,,,,,,,,,,,,0,,,,,,,,,,,,,,,,,,,,,,,,,,
06/03/2016,11:23,14 McGrath Hwy,Somerville,MA,2,1,1,1,1,1,1,1,99,,,,,,,,,,,,,,,,,,,,0,1,0,5,1,,5,1,,0,55,3,1,,,,,,,,,,,,,,,,,0,,,,,,,,,,,,,,,,,,,,,,,,,,
06/03/2016,12:15,Middlesex Ave & McGrath Hwy,Somerville,MA,1,1,7,4,2,3,2,1,1,,2,6,3,,,,,,,,,,,,,,,,0,0,0,,,,,1,,1,22,4,1,,,,,,,,,,,,,,,,,0,,,,,,,,,,,,,,,,,,,,,,,,,,
06/04/2016,1:01,19 Clark St,Somerville,MA,1,1,1,1,4,4,2,99,1,,1,1,,,,,,,,,,,,,,,,,0,0,0,,,,,0,,,,,,,,,,,,,,,,,,,,,,0,,,,,,,,,,,,,,,,,,,,,,,,,,
06/06/2016,15:23,533 Medford St,Somerville,MA,1,1,1,1,1,1,1,1,99,,,,,,,,,,,,,,,,,,,,0,1,0,4,2,,5,1,,1,11,3,1,,,,,,,,,,,,,,,,,0,,,,,,,,,,,,,,,,,,,,,,,,,,
06/07/2016,14:26,Medford St & McGrath Hwy,Somerville,MA,1,1,3,3,2,1,1,1,4,,,,,,,,,,,,,,,,,,,,0,0,1,,,pole,,0,,,,,,,,,,,,,,,,,,,,,,0,,,,,,,,,,,,,,,,,,,,,,,,,,
06/07/2016,21:43,Broadway & Garfield Ave,Somerville,MA,"3,2",2,3,3,3,3,2,1,1,,2,99,,,,,,,,,,,,,,,,,0,0,0,,,,,1,2,0,24,99,0,1,31,99,0,,,,,,,,,,,,,0,,,,,,,,,,,,,,,,,,,,,,,,,,
06/09/2016,9:12,278 Broadway,Somerville,MA,1,1,1,1,4,4,2,2,1,,,1,,,,,,,,,,,,,,,,,0,0,0,,,,,0,,,,,,,,,,,,,,,,,,,,,,1,,,,,,,,,,,,,,,,,,,,,,,,,,
06/09/2016,15:00,250 Elm St,Somerville,MA,1,1,1,1,4,4,2,1,19,6,1,1,,,,,,,,,,,,,,,,,0,0,0,,,,,0,,,,,,,,,,,,,,,,,,,,,,0,,,,,,,,,,,,,,,,,,,,,,,,,,
06/09/2016,19:03,750 Broadway,Somerville,MA,1,1,1,1,1,3,2,1,3,,1,1,,,,,,,,,,,,,,,,,0,0,0,,,,,0,,,,,,,,,,,,,,,,,,,,,,0,,,,,,,,,,,,,,,,,,,,,,,,,,
06/10/2016,8:10,Elm St & Day St,Somerville,MA,1,1,1,3,99,1,1,1,10,19,,,,,,,,,,,,,,,,,,,1,0,0,4,2,,7,1,,1,32,4,0,,,,,,,,,,,,,,,,,0,,,,,,,,,,,,,,,,,,,,,,,,,,
06/10/2016,16:44,301 Great River Rd,Somerville,MA,1,1,5,7,1,3,2,1,1,,2,4,,,,,,,,,,,,,,,,,0,0,0,,,,,0,,,,,,,,,,,,,,,,,,,,,,0,,,,,,,,,,,,,,,,,,,,,,,,,,
06/12/2016,7:45,Temple St & Heath St,Somerville,MA,1,1,2,3,1,5,3,1,99,,2,1,,1,99,,,,,,,,,,,,,,0,0,1,,,tree,,0,,,,,,,,,,,,,,,,,,,,,,0,,,,,,,,,,,,,,,,,,,,,,,,,,
06/12/2016,15:20,Pennsylvania Ave & Connecticut Ave,Somerville,MA,2,1,2,3,4,3,2,2,1,,1,4,,,,,,,,,,,,,,,,,0,0,0,,,,,0,,,,,,,,,,,,,,,,,,,,,,0,,,,,,,,,,,,,,,,,,,,,,,,,,
06/12/2016,20:14,48 Summer St,Somerville,MA,1,1,2,4,1,2,3,1,12,,1,,,2,,,,,,,,,,,,,,,0,0,0,,,,,0,,,,,,,,,,,,,,,,,,,,,,0,,,,,,,,,,,,,,,,,,,,,,,,,,
06/12/2016,unk,10 Memorial Rd,Somerville,MA,99,99,1,1,1,4,2,2,1,,2,21,,,,,,,,,,,,,,,,,0,0,0,,,,,0,,,,,,,,,,,,,,,,,,,,,,0,,,,,,,,,,,,,,,,,,,,,,,,,,
06/13/2016,10:45,Buena Vista Rd,Somerville,MA,1,1,1,1,1,1,1,6,1,,,,,,,,,,,,,,,,,,,,0,0,1,,,light pole,,0,,,,,,,,,,,,,,,,,,,,,,0,,,,,,,,,,,,,,,,,,,,,,,,,,
06/13/2016,11:38,196 Pearl St,Somerville,MA,99,99,99,99,99,99,1,8,1,,,,,,,,,,,,,,,,,,,,0,0,1,,,tree,,0,,,,,,,,,,,,,,,,,,,,,,0,,,,,,,,,,,,,,,,,,,,,,,,,,
06/13/2016,17:06,Somerville Ave & Bow St,Somerville,MA,2,1,1,4,4,4,1,10,1,,,,,,,,,,,,,,,,,,,,0,0,1,,,"light pole, trash can",,0,,,,,,,,,,,,,,,,,,,,,,0,,,,,,,,,,,,,,,,,,,,,,,,,,
06/14/2016,11:11,Summer St & School St,Somerville,MA,1,1,3,2,1,3,2,2,3,,1,1,,,,,,,,,,,,,,,,,0,0,0,,,,,0,,,,,,,,,,,,,,,,,,,,,,0,,,,,,,,,,,,,,,,,,,,,,,,,,
06/15/2016,15:16,College Ave & Summit St,Somerville,MA,1,1,1,3,1,1,1,2,4,13,,,,,,,,,,,,,,,,,,,1,0,0,4,2,,2,1,,0,34,4,1,,,,,,,,,,,,,,,,,0,,,,,,,,,,,,,,,,,,,,,,,,,,
06/15/2016,18:35,Medford St & Somerville Ave,Somerville,MA,1,1,1,1,1,1,3,1,1,,2,1,,1,1,,,,,,,,,,,,,,0,0,0,,,,,1,,1,59,99,1,,,,,,,,,,,,,,,,,0,,,,,,,,,,,,,,,,,,,,,,,,,,
06/17/2016,8:00,Elm St & Grove St,Somerville,MA,1,1,2,2,1,3,2,1,1,,1,4,,,,,,,,,,,,,,,,,0,0,0,,,,,0,,,,,,,,,,,,,,,,,,,,,,0,,,,,,,,,,,,,,,,,,,,,,,,,,
06/18/2016,1:15,128 Cedar St,Somerville,MA,1,1,1,1,1,8,2,1,1,,,,,,,,,,,,,,,,,,,,0,0,0,,,,,0,,,,,,,,,,,,,,,,,,,,,,0,,,,,,,,,,,,,,,,,,,,,,,,,,
06/19/2016,10:29,30 Washington St,Somerville,MA,1,1,1,1,1,2,2,1,1,,,,,,,,,,,,,,,,,,,,0,0,0,,,,,0,,,,,,,,,,,,,,,,,,,,,,0,,,,,,,,,,,,,,,,,,,,,,,,,,
06/20/2016,18:43,Broadway & Medford St,Somerville,MA,1,1,3,8,1,"3,4",3,1,9,,1,1,,,1,,,,,,,,,,,,,,0,0,0,,,,,0,,,,,,,,,,,,,,,,,,,,,,0,,,,,,,,,,,,,,,,,,,,,,,,,,
06/20/2016,20:54,Pearl St & Mt. Vernon St,Somerville,MA,1,1,2,3,1,1,1,7,97,,,,,,,,,,,,,,,,,,,,0,0,1,,,"fire alarm box, street sign",,0,,,,,,,,,,,,,,,,,,,,,,0,,,,,,,,,,,,,,,,,,,,,,,,,,
06/21/2016,18:10,Pearl St & Pearl St Pl,Somerville,MA,1,1,1,3,1,3,2,1,99,,1,1,,,,,,,,,,,,,,,,,0,0,0,,,,,0,,,,,,,,,,,,,,,,,,,,,,0,,,,,,,,,,,,,,,,,,,,,,,,,,
06/21/2016,7:39,Oliver St & Franklin St,Somerville,MA,1,1,2,3,1,3,2,1,3,,1,99,,,,,,,,,,,,,,,,,0,0,0,,,,,1,,0,57,4,0,,,,,,,,,,,,,,,,,0,,,,,,,,,,,,,,,,,,,,,,,,,,
06/24/2016,21:01,Highland Ave & Medford St,Somerville,MA,1,1,3,4,3,3,3,1,7,11,1,,,2,7,11,,,,,,,,,,,,,0,0,0,,,,,0,,,,,,,,,,,,,,,,,,,,,,0,,,,,,,,,,,,,,,,,,,,,,,,,,
06/24/2016,23:34,32 Jaques St,Somerville,MA,1,1,1,1,1,1,2,1,1,,1,6,,,,,,,,,,,,,,,,,0,0,0,,,,,1,,0,40,3,0,,,,,,,,,,,,,,,,,0,,,,,,,,,,,,,,,,,,,,,,,,,,
06/25/2016,16:29,Somerville Ave & Washington St & Webster Ave,Somerville,MA,1,1,3,2,3,4,2,10,1,,1,9,,,,,,,,,,,,,,,,,0,0,0,,,,,0,,,,,,,,,,,,,,,,,,,,,,0,,,,,,,,,,,,,,,,,,,,,,,,,,
06/25/2016,22:15,400 Somerville Ave,Somerville,MA,1,1,1,1,1,3,2,3,99,,2,1,,,,,,,,,,,,,,,,,0,0,1,,,motorcycle,,0,,,,,,,,,,,,,,,,,,,,,,0,,,,,,,,,,,,,,,,,,,,,,,,,,
06/26/2016,1:53,Washington St & Bonner Ave,Somerville,MA,1,1,1,1,1,3,2,2,9,,2,1,,,,,,,,,,,,,,,,,0,0,0,,,,,0,,,,,,,,,,,,,,,,,,,,,,0,,,,,,,,,,,,,,,,,,,,,,,,,,
06/26/2016,21:43,201 Elm St,Somerville,MA,1,1,3,1,4,1,1,1,20,,,,,,,,,,,,,,,,,,,,0,0,1,,,tree,,1,2,0,24,3,1,1,1,99,1,,,,,,,,,,,,,0,,,,,,,,,,,,,,,,,,,,,,,,,,
06/26/2016,13:21,75 Cross St,Somerville,MA,1,1,1,1,2,4,2,2,1,,2,19,,,,,,,,,,,,,,,,,0,0,0,,,,,0,,,,,,,,,,,,,,,,,,,,,,1,,,,,,,,,,,,,,,,,,,,,,,,,,
06/26/2016,13:30,660 Broadway,Somerville,MA,1,1,3,2,1,3,2,2,4,,2,1,,,,,,,,,,,,,,,,,0,0,0,,,,,0,,,,,,,,,,,,,,,,,,,,,,0,,,,,,,,,,,,,,,,,,,,,,,,,,
06/27/2016,11:00,Pearl St & Marshall St,Somerville,MA,1,1,1,1,1,5,2,2,99,,2,1,,,,,,,,,,,,,,,,,0,0,0,,,,,1,,1,40,4,0,,,,,,,,,,,,,,,,,0,,,,,,,,,,,,,,,,,,,,,,,,,,
06/27/2016,11:27,Albion St & Lowell St,Somerville,MA,1,1,2,2,4,1,1,1,16,,,,,,,,,,,,,,,,,,,,0,0,1,,,"street sign, fire alarm box, tree, fence",,1,,1,47,4,1,,,,,,,,,,,,,,,,,0,,,,,,,,,,,,,,,,,,,,,,,,,,
06/27/2016,17:45,New Washington St & Cobble Hill Rd,Somerville,MA,1,1,1,3,1,1,1,1,99,,,,,,,,,,,,,,,,,,,,0,0,1,,,fence,,1,,0,19,3,1,,,,,,,,,,,,,,,,,0,,,,,,,,,,,,,,,,,,,,,,,,,,
06/27/2016,15:12,Temple St & Broadway,Somerville,MA,1,1,3,3,1,1,1,10,6,,,,,,,,,,,,,,,,,,,,0,0,1,,,traffic control signal,,0,,,,,,,,,,,,,,,,,,,,,,0,,,,,,,,,,,,,,,,,,,,,,,,,,
06/28/2016,15:57,29 Heath St,Somerville,MA,2,1,4,1,4,4,3,1,1,,1,21,,1,1,,,,,,,,,,,,,,0,0,0,,,,,1,,1,36,99,1,,,,,,,,,,,,,,,,,0,,,,,,,,,,,,,,,,,,,,,,,,,,
06/28/2016,20:00,Maine Ave & Pennsylvania Ave,Somerville,MA,1,1,2,3,4,3,2,1,1,,1,1,,,,,,,,,,,,,,,,,0,0,0,,,,,1,,,,,,,,,,,,,,,,,,,,,,0,,,,,,,,,,,,,,,,,,,,,,,,,,
06/29/2016,7:15,624 Somerville Ave,Somerville,MA,1,1,1,1,1,6,1,1,4,,,,,,,,,,,,,,,,,,,,1,0,0,4,2,,2,1,,1,47,3,0,,,,,,,,,,,,,,,,,0,,,,,,,,,,,,,,,,,,,,,,,,,,
06/29/2016,15:50,Washington St & McGrath Hwy,Somerville,MA,1,1,1,2,4,4,2,1,4,,1,1,,,,,,,,,,,,,,,,,0,0,0,,,,,0,,,,,,,,,,,,,,,,,,,,,,0,,,,,,,,,,,,,,,,,,,,,,,,,,
06/30/2016,17:05,Broadway & Dartmouth St,Somerville,MA,1,1,2,3,3,9,2,1,1,,1,4,,,,,,,,,,,,,,,,,0,0,0,,,,,0,,,,,,,,,,,,,,,,,,,,,,0,,,,,,,,,,,,,,,,,,,,,,,,,,