Date,Time,Location,City,State,Weather (2&3),Road Surface (6),Traffic Control Device (4),Intersection Type (7),Traffic Way Desc (8),Collision Manner (11),# of Involved Vehicles,Vehicle1 Configuration (21),Driver1 Contrib Code1 (25),Driver1 Contrib Code2 (25),Vehicle2 Configuration (21),Driver2 Contrib Code1 (25),Driver2 Contrib Code2 (25),Vehicle3 Configuration (21),Driver3 Contrib Code1 (25),Driver3 Contrib Code2 (25),Vehicle4 Configuration (21),Driver4 Contrib Code1 (25),Driver4 Contrib Code2 (25),Vehicle5 Configuration (21),Driver5 Contrib Code1 (25),Driver5 Contrib Code2 (25),Vehicle6 Configuration (21),Driver6 Contrib Code1 (25),Driver6 Contrib Code2 (25),Vehicle7 Configuration (21),Driver7 Contrib Code1 (25),Driver7 Contrib Code2 (25),Bicycle,Pedestrian,Non-MV,Non-Motorist Location (16),Non-Motorist Action (15),Non-Motorist Type,Manner of Non-Motorist (Person) Collision,Injury,Multiple,Gender1,Age1,Severity1,Hospital1,Gender2,Age2,Severity2,Hospital2,Gender3,Age3,Severity3,Hospital3,Gender4,Age4,Severity4,Hospital4,Gender5,Age5,Severity5,Hospital5,City Vehicle?,Notes,column 65,column 66,column 67,column 68,column 69,column 70,column 71,column 72,column 73,column 74,column 75,column 76,column 77,column 78,column 79,column 80,column 81,column 82,column 83,column 84,column 85,column 86,column 87,column 88,column 89
05/14/2017,18:00,Jasper St & Pearl St,Somerville,MA,3,2,2,3,1,3,2,1,1,,1,4,,,,,,,,,,,,,,,,,0,0,0,,,,,0,,,,,,,,,,,,,,,,,,,,,,0,,,,,,,,,,,,,,,,,,,,,,,,,,
05/15/2017,13:00,181 Washington St,Somerville,MA,2,1,1,1,1,1,1,2,1,,,,,,,,,,,,,,,,,,,,0,1,0,4,1,,5,1,,1,58,4,1,,,,,,,,,,,,,,,,,0,,,,,,,,,,,,,,,,,,,,,,,,,,
05/15/2017,18:58,Broadway & Alfred St,Somerville,MA,1,1,1,3,1,3,2,2,4,,3,1,,,,,,,,,,,,,,,,,0,0,0,,,,,1,,1,33,3,1,,,,,,,,,,,,,,,,,0,,,,,,,,,,,,,,,,,,,,,,,,,,
05/16/2017,10:42,Temple St & Broadway,Somerville,MA,1,1,3,1,3,2,2,2,1,,1,19,,,,,,,,,,,,,,,,,0,0,0,,,,,0,,,,,,,,,,,,,,,,,,,,,,0,,,,,,,,,,,,,,,,,,,,,,,,,,
05/17/2017,14:22,Washington St & New Washington St,Somerville,MA,1,1,1,3,1,3,2,1,4,,2,1,,,,,,,,,,,,,,,,,0,0,0,,,,,0,,,,,,,,,,,,,,,,,,,,,,0,,,,,,,,,,,,,,,,,,,,,,,,,,
05/18/2017,8:06,350 Broadway,Somerville,MA,1,1,3,1,4,2,2,1,1,,1,1,,,,,,,,,,,,,,,,,0,0,0,,,,,0,,,,,,,,,,,,,,,,,,,,,,0,,,,,,,,,,,,,,,,,,,,,,,,,,
05/18/2017,11:47,Bow St & Wesley Pk,Somerville,MA,1,1,1,4,4,99,1,2,4,,,,,,,,,,,,,,,,,,,,1,0,0,4,2,,1,0,,,,,,,,,,,,,,,,,,,,,,0,,,,,,,,,,,,,,,,,,,,,,,,,,
05/19/2017,7:34,Broadway & Warner St,Somerville,MA,1,1,2,7,4,4,2,1,3,,1,1,,,,,,,,,,,,,,,,,0,0,0,,,,,0,,,,,,,,,,,,,,,,,,,,,,0,,,,,,,,,,,,,,,,,,,,,,,,,,
05/19/2017,11:38,Crescent St & Washington St,Somerville,MA,1,1,2,3,2,3,2,2,1,,1,99,,,,,,,,,,,,,,,,,0,0,0,,,,,0,,,,,,,,,,,,,,,,,,,,,,0,,,,,,,,,,,,,,,,,,,,,,,,,,
05/22/2017,4:43,Broadway & Winchester St,Somerville,MA,3,2,1,4,1,1,1,1,99,,,,,,,,,,,,,,,,,,,,0,1,0,2,1,,2,1,,0,41,3,1,,,,,,,,,,,,,,,,,0,,,,,,,,,,,,,,,,,,,,,,,,,,
05/22/2017,18:50,Meacham St & Freemont St,Somerville,MA,3,2,2,2,1,3,2,1,4,,1,1,,,,,,,,,,,,,,,,,0,0,0,,,,,1,,0,40,3,0,,,,,,,,,,,,,,,,,0,,,,,,,,,,,,,,,,,,,,,,,,,,
05/23/2017,8:38,Broadway & Walnut St,Somerville,MA,2,2,1,3,2,1,1,2,4,10,,,,,,,,,,,,,,,,,,,1,0,0,10,2,,1,1,,1,36,4,0,,,,,,,,,,,,,,,,,0,,,,,,,,,,,,,,,,,,,,,,,,,,
05/23/2017,10:30,Inner Belt Rd & Third Ave,Somerville,MA,1,1,1,3,1,1,1,1,97,,,,,,,,,,,,,,,,,,,,0,1,0,2,13,,2,1,,1,43,4,0,,,,,,,,,,,,,,,,,0,,,,,,,,,,,,,,,,,,,,,,,,,,
05/23/2017,10:58,372 Highland Ave,Somerville,MA,2,1,1,1,1,3,2,2,4,10,2,1,,,,,,,,,,,,,,,,,0,0,0,,,,,1,,0,43,3,1,,,,,,,,,,,,,,,,,0,,,,,,,,,,,,,,,,,,,,,,,,,,
05/23/2017,13:40,45 Meacham Rd,Somerville,MA,1,1,1,1,4,4,3,1,1,,2,99,,1,1,,,,,,,,,,,,,,0,0,0,,,,,0,,,,,,,,,,,,,,,,,,,,,,0,,,,,,,,,,,,,,,,,,,,,,,,,,
05/23/2017,21:49,445 Artisan Way,Somerville,MA,1,1,1,1,1,4,2,1,97,,1,1,,,,,,,,,,,,,,,,,0,0,0,,,,,1,,1,55,4,0,,,,,,,,,,,,,,,,,0,,,,,,,,,,,,,,,,,,,,,,,,,,
05/24/2017,7:40,195 School St,Somerville,MA,"1,2",1,1,9,1,2,2,2,1,,1,1,,,,,,,,,,,,,,,,,0,0,0,,,,,0,,,,,,,,,,,,,,,,,,,,,,0,,,,,,,,,,,,,,,,,,,,,,,,,,
05/24/2017,19:27,1370 Broadway,Somerville,MA,1,1,1,1,1,1,1,1,2,20,,,,,,,,,,,,,,,,,,,0,0,1,,,Hubway station,,0,,,,,,,,,,,,,,,,,,,,,,0,,,,,,,,,,,,,,,,,,,,,,,,,,
05/25/2017,9:44,Mason St & Broadway,Somerville,MA,3,2,2,3,2,6,2,1,1,,1,1,,,,,,,,,,,,,,,,,0,0,0,,,,,1,,1,28,4,1,,,,,,,,,,,,,,,,,0,,,,,,,,,,,,,,,,,,,,,,,,,,
05/25/2017,12:47,Artisan Way & Grand Union Blvd,Somerville,MA,3,2,2,2,1,3,2,2,4,,2,1,,,,,,,,,,,,,,,,,0,0,0,,,,,1,2,1,52,4,1,0,51,4,1,,,,,,,,,,,,,0,,,,,,,,,,,,,,,,,,,,,,,,,,
05/25/2017,13:42,86 Concord Ave,Somerville,MA,3,2,1,1,1,1,1,13,19,,,,,,,,,,,,,,,,,,,,0,0,1,,,fire hydrant,,0,,,,,,,,,,,,,,,,,,,,,,0,,,,,,,,,,,,,,,,,,,,,,,,,,
05/25/2017,16:34,26 Union Sq,Somerville,MA,3,2,3,3,3,3,2,1,1,,2,1,,,,,,,,,,,,,,,,,0,0,0,,,,,0,,,,,,,,,,,,,,,,,,,,,,0,,,,,,,,,,,,,,,,,,,,,,,,,,
05/25/2017,16:30,643 Broadway,Somerville,MA,"3,2",2,1,1,2,2,2,1,5,19,2,1,,,,,,,,,,,,,,,,,0,0,0,,,,,0,,,,,,,,,,,,,,,,,,,,,,0,,,,,,,,,,,,,,,,,,,,,,,,,,
05/29/2017,5:00,Broadway & Temple St,Somerville,MA,1,1,3,2,2,2,2,1,3,,2,1,,,,,,,,,,,,,,,,,0,0,0,,,,,0,,,,,,,,,,,,,,,,,,,,,,0,,,,,,,,,,,,,,,,,,,,,,,,,,
05/29/2017,9:38,Medford St & School St,Somerville,MA,2,1,3,2,2,3,2,1,1,,1,1,,,,,,,,,,,,,,,,,0,0,0,,,,,0,,,,,,,,,,,,,,,,,,,,,,0,,,,,,,,,,,,,,,,,,,,,,,,,,
05/30/2017,14:06,Calvin St & Marrion St,Somerville,MA,1,1,1,4,1,4,2,1,1,,1,1,,,,,,,,,,,,,,,,,0,0,0,,,,,0,,,,,,,,,,,,,,,,,,,,,,0,,,,,,,,,,,,,,,,,,,,,,,,,,
05/31/2017,12:13,Myrtle St & Pearl St,Somerville,MA,2,1,1,3,1,4,2,2,99,,1,1,,,,,,,,,,,,,,,,,0,0,0,,,,,0,,,,,,,,,,,,,,,,,,,,,,0,,,,,,,,,,,,,,,,,,,,,,,,,,
06/01/2017,17:48,Broadway & Medford St,Somerville,MA,1,1,3,4,4,4,2,2,19,,1,1,,,,,,,,,,,,,,,,,0,0,0,,,,,0,,,,,,,,,,,,,,,,,,,,,,0,,,,,,,,,,,,,,,,,,,,,,,,,,
06/02/2017,15:49,67 Boston St,Somerville,MA,1,1,2,3,1,5,2,4,1,,2,1,,,,,,,,,,,,,,,,,0,0,0,,,,,0,,,,,,,,,,,,,,,,,,,,,,1,,,,,,,,,,,,,,,,,,,,,,,,,,
06/04/2017,7:17,Washington St & Beacon St,Somerville,MA,1,1,3,2,1,2,3,1,99,,1,1,,2,1,,,,,,,,,,,,,,0,0,0,,,,,1,2,0,43,3,1,1,26,4,1,,,,,,,,,,,,,0,,,,,,,,,,,,,,,,,,,,,,,,,,
06/04/2017,16:40,Broadway & Dartmouth St,Somerville,MA,"2,3",1,1,unk,1,4,2,6,1,,2,1,,,,,,,,,,,,,,,,,0,0,0,,,,,0,,,,,,,,,,,,,,,,,,,,,,0,,,,,,,,,,,,,,,,,,,,,,,,,,
06/05/2017,17:23,17 McGrath Hwy,Somerville,MA,2,2,3,1,unk,2,2,1,1,,2,1,,,,,,,,,,,,,,,,,0,0,0,,,,,0,,,,,,,,,,,,,,,,,,,,,,0,,,,,,,,,,,,,,,,,,,,,,,,,,
06/06/2017,9:12,81 Highland Ave,Somerville,MA,3,2,1,9,1,3,2,1,4,,1,1,,,,,,,,,,,,,,,,,0,0,0,,,,,1,,0,25,4,1,,,,,,,,,,,,,,,,,0,,,,,,,,,,,,,,,,,,,,,,,,,,
06/07/2017,10:41,9 Teele Ave,Somerville,MA,1,1,1,1,4,1,2,6,1,,2,1,,,,,,,,,,,,,,,,,0,0,1,,,tree branch,,0,,,,,,,,,,,,,,,,,,,,,,0,,,,,,,,,,,,,,,,,,,,,,,,,,
06/07/2017,12:50,Norwood Ave & Broadway,Somerville,MA,1,1,1,3,4,2,2,1,1,,2,5,,,,,,,,,,,,,,,,,0,0,0,,,,,0,,,,,,,,,,,,,,,,,,,,,,1,,,,,,,,,,,,,,,,,,,,,,,,,,
06/08/2017,8:34,Broadway & College Ave,Somerville,MA,1,1,3,7,99,2,2,1,1,,1,99,,,,,,,,,,,,,,,,,0,0,0,,,,,0,,,,,,,,,,,,,,,,,,,,,,0,,,,,,,,,,,,,,,,,,,,,,,,,,
06/08/2017,12:15,68 Willow Ave,Somerville,MA,1,1,1,1,4,1,1,2,9,,,,,,,,,,,,,,,,,,,,0,0,1,,,tree,,1,,1,64,3,1,,,,,,,,,,,,,,,,,0,,,,,,,,,,,,,,,,,,,,,,,,,,
06/08/2017,12:35,Washington St & Tufts St,Somerville,MA,1,1,1,3,1,2,2,2,97,,2,1,,,,,,,,,,,,,,,,,0,0,0,,,,,1,,0,34,4,1,,,,,,,,,,,,,,,,,0,,,,,,,,,,,,,,,,,,,,,,,,,,
06/09/2017,10:12,Medford St (50 ft S of Somerville Ave),Somerville,MA,1,1,1,1,1,3,1,1,1,,,,,,,,,,,,,,,,,,,,0,1,0,4,2,,7,1,,1,28,3,1,,,,,,,,,,,,,,,,,0,,,,,,,,,,,,,,,,,,,,,,,,,,
06/11/2017,17:03,Broadway & Warner St,Somerville,MA,1,1,2,7,4,1,1,1,9,19,,,,,,,,,,,,,,,,,,,0,0,1,,,"trees, control box",,1,,1,96,3,1,,,,,,,,,,,,,,,,,0,,,,,,,,,,,,,,,,,,,,,,,,,,
06/14/2017,6:57,Grand Union Blvd & Revolution Dr,Somerville,MA,1,1,3,2,2,3,2,1,4,10,1,1,,,,,,,,,,,,,,,,,0,0,0,,,,,1,,0,57,4,1,,,,,,,,,,,,,,,,,0,,,,,,,,,,,,,,,,,,,,,,,,,,
06/14/2017,12:16,Washington St & Mansfield St,Somerville,MA,1,1,2,3,1,3,2,1,4,,6,1,,,,,,,,,,,,,,,,,0,0,0,,,,,0,,,,,,,,,,,,,,,,,,,,,,0,,,,,,,,,,,,,,,,,,,,,,,,,,
06/14/2017,14:16,315 Broadway,Somerville,MA,1,1,1,1,3,4,2,1,19,,2,1,,,,,,,,,,,,,,,,,0,0,0,,,,,0,,,,,,,,,,,,,,,,,,,,,,1,,,,,,,,,,,,,,,,,,,,,,,,,,
06/15/2017,9:54,Kidder Ave & Willow Ave,Somerville,MA,1,1,2,2,2,3,2,1,99,,2,1,,,,,,,,,,,,,,,,,0,0,1,,,traffic pole,,0,,,,,,,,,,,,,,,,,,,,,,0,,,,,,,,,,,,,,,,,,,,,,,,,,
06/15/2017,20:26,Broadway & McGrath Hwy,Somerville,MA,1,1,3,2,3,3,2,2,1,,1,1,,,,,,,,,,,,,,,,,0,0,0,,,,,0,,,,,,,,,,,,,,,,,,,,,,1,,,,,,,,,,,,,,,,,,,,,,,,,,
06/16/2017,0:03,McGrath Hwy & Chester Ave,Somerville,MA,1,1,3,2,3,4,2,2,1,,2,99,,,,,,,,,,,,,,,,,0,0,0,,,,,0,,,,,,,,,,,,,,,,,,,,,,0,,,,,,,,,,,,,,,,,,,,,,,,,,
06/16/2017,16:53,50 Prospect St,Somerville,MA,3,2,1,1,4,99,2,1,99,,2,99,,,,,,,,,,,,,,,,,0,0,0,,,,,1,,0,26,4,1,,,,,,,,,,,,,,,,,0,,,,,,,,,,,,,,,,,,,,,,,,,,
06/17/2017,4:02,Washington St & Joy St,Somerville,MA,1,1,1,3,1,1,1,1,21,,,,,,,,,,,,,,,,,,,,0,0,1,,,"curb, fence",,0,,,,,,,,,,,,,,,,,,,,,,0,,,,,,,,,,,,,,,,,,,,,,,,,,
06/17/2017,10:38,Washington St & Bonner Ave,Somerville,MA,"2,3",2,1,3,1,1,1,1,1,,,,,,,,,,,,,,,,,,,,1,0,0,2,2,,5,1,,0,34,4,1,,,,,,,,,,,,,,,,,0,,,,,,,,,,,,,,,,,,,,,,,,,,
06/17/2017,17:20,12 Banks St,Somerville,MA,2,1,1,3,4,4,2,6,1,,1,1,,,,,,,,,,,,,,,,,0,0,0,,,,,0,,,,,,,,,,,,,,,,,,,,,,1,,,,,,,,,,,,,,,,,,,,,,,,,,
06/19/2017,16:45,403 Highland Ave,Somerville,MA,1,1,1,1,4,4,2,2,1,,2,4,,,,,,,,,,,,,,,,,0,0,0,,,,,0,,,,,,,,,,,,,,,,,,,,,,0,,,,,,,,,,,,,,,,,,,,,,,,,,
06/20/2017,14:44,Elm St & Beech St,Somerville,MA,1,1,2,3,2,1,1,1,99,,,,,,,,,,,,,,,,,,,,1,0,0,4,2,,4,1,,1,35,4,0,,,,,,,,,,,,,,,,,0,,,,,,,,,,,,,,,,,,,,,,,,,,
06/22/2017,21:03,1338 Broadway,Somerville,MA,1,1,1,1,1,1,1,2,99,,,,,,,,,,,,,,,,,,,,0,1,0,4,1,,5,1,,0,17,4,1,,,,,,,,,,,,,,,,,0,,,,,,,,,,,,,,,,,,,,,,,,,,
06/24/2017,18:02,Bow St & Summer St,Somerville,MA,1,1,1,4,4,1,1,2,1,,,,,,,,,,,,,,,,,,,,1,0,0,10,2,,1,0,,,,,,,,,,,,,,,,,,,,,,0,,,,,,,,,,,,,,,,,,,,,,,,,,
07/02/2017,18:20,McGrath Hwy & Grand Union Blvd,Somerville,MA,1,1,1,2,1,4,2,3,1,,1,6,9,,,,,,,,,,,,,,,,0,0,0,,,,,1,,1,27,3,1,,,,,,,,,,,,,,,,,0,,,,,,,,,,,,,,,,,,,,,,,,,,
07/02/2017,19:35,84 Prospect St,Somerville,MA,1,1,1,1,2,2,3,1,1,,1,1,,1,20,,,,,,,,,,,,,,0,0,0,,,,,0,,,,,,,,,,,,,,,,,,,,,,0,,,,,,,,,,,,,,,,,,,,,,,,,,
07/03/2017,12:27,Broadway & College Ave,Somerville,MA,1,1,2,7,3,4,2,2,9,,6,1,,,,,,,,,,,,,,,,,0,0,0,,,,,0,,,,,,,,,,,,,,,,,,,,,,0,,,,,,,,,,,,,,,,,,,,,,,,,,
07/03/2017,13:10,Alewife Brook Pkwy & High St,Somerville,MA,1,1,3,3,2,3,2,1,99,,2,1,,,,,,,,,,,,,,,,,0,0,0,,,,,0,,,,,,,,,,,,,,,,,,,,,,1,,,,,,,,,,,,,,,,,,,,,,,,,,
07/05/2017,8:00,Washington St & Kingman Rd,Somerville,MA,1,1,1,3,2,3,2,1,1,,1,4,,,,,,,,,,,,,,,,,0,0,0,,,,,0,,,,,,,,,,,,,,,,,,,,,,0,,,,,,,,,,,,,,,,,,,,,,,,,,
07/07/2017,16:08,Temple St & Memorial Rd,Somerville,MA,3,2,1,3,1,2,2,1,99,,2,1,,,,,,,,,,,,,,,,,0,0,1,,,church facade,,1,2,1,22,4,1,0,8,3,1,,,,,,,,,,,,,0,,,,,,,,,,,,,,,,,,,,,,,,,,
07/08/2017,9:40,Summer St & Lowell St,Somerville,MA,1,1,2,2,1,3,2,2,99,,2,99,,,,,,,,,,,,,,,,,0,0,0,,,,,1,,0,28,4,0,,,,,,,,,,,,,,,,,0,,,,,,,,,,,,,,,,,,,,,,,,,,
07/08/2017,22:55,Temple Rd & Governor Winthrop Rd,Somerville,MA,"2,3",2,1,2,4,4,2,1,99,,1,1,,,,,,,,,,,,,,,,,0,0,0,,,,,0,,,,,,,,,,,,,,,,,,,,,,0,,,,,,,,,,,,,,,,,,,,,,,,,,
07/09/2017,1:56,Washington St & McGrath Hwy,Somerville,MA,1,1,3,3,4,3,2,1,1,,1,3,,,,,,,,,,,,,,,,,0,0,0,,,,,0,,,,,,,,,,,,,,,,,,,,,,0,,,,,,,,,,,,,,,,,,,,,,,,,,
07/09/2017,19:15,13 Elm St,Somerville,MA,1,1,1,9,1,1,1,1,4,,,,,,,,,,,,,,,,,,,,1,0,0,4,2,,5,1,,0,29,3,1,,,,,,,,,,,,,,,,,0,,,,,,,,,,,,,,,,,,,,,,,,,,
07/09/2017,20:45,Craigie St & Somerville Ave,Somerville,MA,1,1,1,3,1,1,1,1,1,,,,,,,,,,,,,,,,,,,,1,0,0,4,2,,2,1,,1,32,3,1,,,,,,,,,,,,,,,,,0,,,,,,,,,,,,,,,,,,,,,,,,,,
07/11/2017,8:44,River Rd & Canal Ln,Somerville,MA,3,2,1,3,1,1,1,1,1,,,,,,,,,,,,,,,,,,,,0,0,0,,,,,0,,,,,,,,,,,,,,,,,,,,,,0,,,,,,,,,,,,,,,,,,,,,,,,,,
07/11/2017,12:55,Broadway & Mt Vernon St,Somerville,MA,1,1,1,2,1,4,2,8,1,,2,1,,,,,,,,,,,,,,,,,0,0,0,,,,,0,,,,,,,,,,,,,,,,,,,,,,0,,,,,,,,,,,,,,,,,,,,,,,,,,
07/12/2017,0:30,Broadway & Partridge Ave,Somerville,MA,1,1,1,1,2,2,2,1,20,,1,1,,,,,,,,,,,,,,,,,0,0,0,,,,,1,,1,58,3,1,,,,,,,,,,,,,,,,,0,,,,,,,,,,,,,,,,,,,,,,,,,,
07/12/2017,14:01,Broadway & Liberty Ave,Somerville,MA,1,2,1,3,1,3,2,2,1,,2,6,,,,,,,,,,,,,,,,,0,0,0,,,,,0,,,,,,,,,,,,,,,,,,,,,,0,,,,,,,,,,,,,,,,,,,,,,,,,,
07/12/2017,21:04,Exit 28 Off Ramp of Interstate 93 S,Somerville,MA,"2,3",2,1,6,4,2,2,2,1,,1,5,,,,,,,,,,,,,,,,,0,0,0,,,,,0,,,,,,,,,,,,,,,,,,,,,,0,,,,,,,,,,,,,,,,,,,,,,,,,,
07/14/2017,15:06,Washington St & Perry St,Somerville,MA,2,1,1,3,1,3,2,2,99,,1,99,,,,,,,,,,,,,,,,,0,0,0,,,,,0,,,,,,,,,,,,,,,,,,,,,,0,,,,,,,,,,,,,,,,,,,,,,,,,,
07/14/2017,20:49,Edgar Ave & Main St,Somerville,MA,1,1,2,3,1,1,1,1,4,,,,,,,,,,,,,,,,,,,,0,1,0,1,2,,1,1,,0,24,3,0,,,,,,,,,,,,,,,,,0,,,,,,,,,,,,,,,,,,,,,,,,,,
07/15/2017,13:39,Broadway & Temple St,Somerville,MA,1,1,3,3,3,4,2,1,1,,2,6,3,,,,,,,,,,,,,,,,0,0,0,,,,,0,,,,,,,,,,,,,,,,,,,,,,0,,,,,,,,,,,,,,,,,,,,,,,,,,
07/16/2017,7:06,Medford St & Somerville Ave,Somerville,MA,1,1,3,3,2,2,2,1,1,,1,1,,,,,,,,,,,,,,,,,0,0,0,,,,,0,,,,,,,,,,,,,,,,,,,,,,0,,,,,,,,,,,,,,,,,,,,,,,,,,
07/16/2017,20:05,Broadway & Wilson Ave,Somerville,MA,1,1,3,3,1,2,2,2,1,,2,99,,,,,,,,,,,,,,,,,0,0,0,,,,,1,3,1,38,4,0,0,62,4,1,0,52,4,1,,,,,,,,,0,,,,,,,,,,,,,,,,,,,,,,,,,,
07/17/2017,12:35,Broadway & Warner St,Somerville,MA,1,1,1,7,4,3,2,1,1,,2,19,,,,,,,,,,,,,,,,,0,0,0,,,,,0,,,,,,,,,,,,,,,,,,,,,,1,,,,,,,,,,,,,,,,,,,,,,,,,,
07/18/2017,15:16,Washington St & McGrath Hwy,Somerville,MA,1,1,3,2,2,4,2,2,1,,1,1,,,,,,,,,,,,,,,,,0,0,0,,,,,0,,,,,,,,,,,,,,,,,,,,,,0,,,,,,,,,,,,,,,,,,,,,,,,,,
07/22/2017,9:53,149 Boston Ave,Somerville,MA,2,1,1,1,1,3,2,2,99,,2,99,,,,,,,,,,,,,,,,,0,0,0,,,,,0,,,,,,,,,,,,,,,,,,,,,,0,,,,,,,,,,,,,,,,,,,,,,,,,,
07/26/2017,16:23,Bradley St & Pearl St,Somerville,MA,1,1,2,3,4,1,1,1,1,,,,,,,,,,,,,,,,,,,,1,0,0,1,2,,5,1,,1,14,3,0,,,,,,,,,,,,,,,,,0,,,,,,,,,,,,,,,,,,,,,,,,,,
07/27/2017,10:20,Highland Ave & Grove St,Somerville,MA,2,1,1,2,4,4,2,8,1,,1,1,,,,,,,,,,,,,,,,,0,0,0,,,,,0,,,,,,,,,,,,,,,,,,,,,,0,,,,,,,,,,,,,,,,,,,,,,,,,,
07/27/2017,16:13,8 Medford St,Somerville,MA,"2,3",2,1,1,1,1,1,1,99,,,,,,,,,,,,,,,,,,,,1,0,0,4,2,,1,0,,,,,,,,,,,,,,,,,,,,,,0,,,,,,,,,,,,,,,,,,,,,,,,,,
07/27/2017,16:48,497 Somerville Ave,Somerville,MA,3,2,1,1,unk,5,2,13,1,,1,1,,,,,,,,,,,,,,,,,0,0,0,,,,,0,,,,,,,,,,,,,,,,,,,,,,1,,,,,,,,,,,,,,,,,,,,,,,,,,
08/01/2017,0:02,Somerville Ave & Merriam St,Somerville,MA,1,1,1,1,1,3,2,1,4,,1,1,,,,,,,,,,,,,,,,,0,0,0,,,,,1,2,0,28,4,1,1,40,4,1,,,,,,,,,,,,,0,,,,,,,,,,,,,,,,,,,,,,,,,,
08/02/2017,10:17,Elm St & Dover St,Somerville,MA,1,1,3,2,1,1,1,6,6,,,,,,,,,,,,,,,,,,,,0,0,1,,,Traffic Signal,,0,,,,,,,,,,,,,,,,,,,,,,0,,,,,,,,,,,,,,,,,,,,,,,,,,
08/03/2017,20:19,83 Electric Ave,Somerville,MA,"1,2",1,1,1,1,3,2,1,7,,1,1,,,,,,,,,,,,,,,,,0,0,0,,,,,0,,,,,,,,,,,,,,,,,,,,,,0,,,,,,,,,,,,,,,,,,,,,,,,,,
08/04/2017,10:27,Highland Ave & Central St,Somerville,MA,1,1,3,2,1,99,2,2,1,,2,3,,,,,,,,,,,,,,,,,0,0,0,,,,,0,,,,,,,,,,,,,,,,,,,,,,0,,,,,,,,,,,,,,,,,,,,,,,,,,
08/04/2017,16:02,266 Broadway,Somerville,MA,1,1,4,1,3,3,2,1,4,,13,99,,,,,,,,,,,,,,,,,0,0,0,,,,,0,,,,,,,,,,,,,,,,,,,,,,1,Fire truck,,,,,,,,,,,,,,,,,,,,,,,,,
08/04/2017,16:48,Washington St & Merriam St,Somerville,MA,1,1,1,3,1,3,2,2,4,,3,1,,,,,,,,,,,,,,,,,0,0,0,,,,,0,,,,,,,,,,,,,,,,,,,,,,0,,,,,,,,,,,,,,,,,,,,,,,,,,
08/06/2017,12:00,Highland Ave & College Ave,Somerville,MA,1,1,3,3,4,4,2,1,1,,6,1,,,,,,,,,,,,,,,,,0,0,0,,,,,0,,,,,,,,,,,,,,,,,,,,,,1,,,,,,,,,,,,,,,,,,,,,,,,,,
08/06/2017,14:43,137 Washington St,Somerville,MA,1,1,1,1,1,2,2,1,4,,6,1,,,,,,,,,,,,,,,,,0,0,0,,,,,1,,0,33,4,1,,,,,,,,,,,,,,,,,0,,,,,,,,,,,,,,,,,,,,,,,,,,
08/07/2017,8:05,Flint St & Cross St,Somerville,MA,1,1,2,2,1,3,2,2,4,,1,1,,,,,,,,,,,,,,,,,0,0,0,,,,,0,,,,,,,,,,,,,,,,,,,,,,0,,,,,,,,,,,,,,,,,,,,,,,,,,
08/07/2017,20:25,509 Broadway,Somerville,MA,"1,2",1,2,3,1,3,2,1,4,97,2,1,,,,,,,,,,,,,,,,,0,0,0,,,,,0,,,,,,,,,,,,,,,,,,,,,,0,,,,,,,,,,,,,,,,,,,,,,,,,,
08/10/2017,9:24,Summer St & Cherry St,Somerville,MA,1,1,2,2,1,3,2,2,4,20,1,1,,,,,,,,,,,,,,,,,0,0,0,,,,,1,2,0,52,2,1,1,50,2,1,,,,,,,,,,,,,0,,,,,,,,,,,,,,,,,,,,,,,,,,
08/11/2017,7:30,Warner St & Bromfield Rd,Somerville,MA,1,1,1,3,1,3,2,3,8,9,2,1,,,,,,,,,,,,,,,,,0,0,0,,,,,1,,1,33,2,1,,,,,,,,,,,,,,,,,0,,,,,,,,,,,,,,,,,,,,,,,,,,
08/12/2017,10:37,Powder House Blvd & Curtis St,Somerville,MA,"1,2",1,3,2,1,3,2,1,1,,1,4,,,,,,,,,,,,,,,,,0,0,0,,,,,0,,,,,,,,,,,,,,,,,,,,,,0,,,,,,,,,,,,,,,,,,,,,,,,,,
08/13/2017,1:20,65 Cross St,Somerville,MA,1,1,1,1,1,4,2,3,1,,2,4,,,,,,,,,,,,,,,,,0,0,0,,,,,1,,1,53,4,1,,,,,,,,,,,,,,,,,0,,,,,,,,,,,,,,,,,,,,,,,,,,
08/16/2017,6:15,540 Broadway,Somerville,MA,1,1,1,1,1,2,2,1,1,,2,97,,,,,,,,,,,,,,,,,0,0,0,,,,,1,,1,17,3,0,,,,,,,,,,,,,,,,,0,,,,,,,,,,,,,,,,,,,,,,,,,,
08/16/2017,10:35,275 Willow Ave,Somerville,MA,1,1,3,1,1,4,2,2,1,,6,1,,,,,,,,,,,,,,,,,0,0,0,,,,,0,,,,,,,,,,,,,,,,,,,,,,1,,,,,,,,,,,,,,,,,,,,,,,,,,
08/16/2017,14:17,Lowell St & Richardson St,Somerville,MA,1,1,1,3,1,5,2,1,4,,1,1,,,,,,,,,,,,,,,,,0,0,0,,,,,0,,,,,,,,,,,,,,,,,,,,,,0,,,,,,,,,,,,,,,,,,,,,,,,,,