Date,Time,Location,City,State,Weather (2&3),Road Surface (6),Traffic Control Device (4),Intersection Type (7),Traffic Way Desc (8),Collision Manner (11),# of Involved Vehicles,Vehicle1 Configuration (21),Driver1 Contrib Code1 (25),Driver1 Contrib Code2 (25),Vehicle2 Configuration (21),Driver2 Contrib Code1 (25),Driver2 Contrib Code2 (25),Vehicle3 Configuration (21),Driver3 Contrib Code1 (25),Driver3 Contrib Code2 (25),Vehicle4 Configuration (21),Driver4 Contrib Code1 (25),Driver4 Contrib Code2 (25),Vehicle5 Configuration (21),Driver5 Contrib Code1 (25),Driver5 Contrib Code2 (25),Vehicle6 Configuration (21),Driver6 Contrib Code1 (25),Driver6 Contrib Code2 (25),Vehicle7 Configuration (21),Driver7 Contrib Code1 (25),Driver7 Contrib Code2 (25),Bicycle,Pedestrian,Non-MV,Non-Motorist Location (16),Non-Motorist Action (15),Non-Motorist Type,Manner of Non-Motorist (Person) Collision,Injury,Multiple,Gender1,Age1,Severity1,Hospital1,Gender2,Age2,Severity2,Hospital2,Gender3,Age3,Severity3,Hospital3,Gender4,Age4,Severity4,Hospital4,Gender5,Age5,Severity5,Hospital5,City Vehicle?,Notes,column 65,column 66,column 67,column 68,column 69,column 70,column 71,column 72,column 73,column 74,column 75,column 76,column 77,column 78,column 79,column 80,column 81,column 82,column 83,column 84,column 85,column 86,column 87,column 88,column 89
08/19/2017,10:40,Medford St & School St,Somerville,MA,1,1,3,2,1,2,2,1,1,,1,1,,,,,,,,,,,,,,,,,0,0,0,,,,,0,,,,,,,,,,,,,,,,,,,,,,0,,,,,,,,,,,,,,,,,,,,,,,,,,
08/20/2017,9:38,Sycamore St & Montrose St,Somerville,MA,1,1,2,3,4,4,2,1,97,,1,1,,,,,,,,,,,,,,,,,0,0,1,,,Fence,,0,,,,,,,,,,,,,,,,,,,,,,0,,,,,,,,,,,,,,,,,,,,,,,,,,
08/20/2017,19:59,72 Flint St,Somerville,MA,1,1,1,3,1,5,2,1,99,,1,1,,,,,,,,,,,,,,,,,0,0,0,,,,,0,,,,,,,,,,,,,,,,,,,,,,0,,,,,,,,,,,,,,,,,,,,,,,,,,
08/21/2017,8:45,579 Somerville Ave,Somerville,MA,1,1,3,1,2,1,1,1,1,,,,,,,,,,,,,,,,,,,,1,0,0,4,2,,2,0,,,,,,,,,,,,,,,,,,,,,,0,,,,,,,,,,,,,,,,,,,,,,,,,,
08/21/2017,12:06,593 Somerville Ave,Somerville,MA,1,1,3,3,1,3,4,2,1,,1,4,,1,1,,1,1,,,,,,,,,,,0,0,0,,,,,0,,,,,,,,,,,,,,,,,,,,,,0,,,,,,,,,,,,,,,,,,,,,,,,,,
08/21/2017,16:28,Powder House Blvd & Curtis St,Somerville,MA,1,1,3,1,1,2,2,1,19,,1,1,,,,,,,,,,,,,,,,,0,0,0,,,,,1,2,0,35,3,0,0,72,3,0,,,,,,,,,,,,,0,,,,,,,,,,,,,,,,,,,,,,,,,,
08/21/2017,18:24,20 Holland St,Somerville,MA,1,1,1,1,1,1,1,2,4,,,,,,,,,,,,,,,,,,,,1,0,0,4,2,,3,1,,0,26,3,1,,,,,,,,,,,,,,,,,0,,,,,,,,,,,,,,,,,,,,,,,,,,
08/22/2017,9:25,12 Newbury St,Somerville,MA,1,1,1,1,4,unk,2,2,1,,97,1,,,,,,,,,,,,,,,,,0,0,0,,,,,0,,,,,,,,,,,,,,,,,,,,,,1,Fire truck,,,,,,,,,,,,,,,,,,,,,,,,,
08/23/2017,14:20,Middlesex Ave & McGrath Hwy,Somerville,MA,1,1,2,3,1,6,2,1,99,,7,99,,,,,,,,,,,,,,,,,0,0,0,,,,,0,,,,,,,,,,,,,,,,,,,,,,0,,,,,,,,,,,,,,,,,,,,,,,,,,
08/24/2017,11:15,Broadway & Warner St,Somerville,MA,1,1,4,7,4,4,1,2,1,,,,,,,,,,,,,,,,,,,,1,0,0,4,2,,7,1,,0,26,3,0,,,,,,,,,,,,,,,,,0,,,,,,,,,,,,,,,,,,,,,,,,,,
08/24/2017,15:37,150 Hudson St,Somerville,MA,1,1,1,1,4,1,1,11,1,,,,,,,,,,,,,,,,,,,,0,0,1,,,Overhead Power Lines,,0,,,,,,,,,,,,,,,,,,,,,,0,,,,,,,,,,,,,,,,,,,,,,,,,,
08/25/2017,8:42,300 Beacon St,Somerville,MA,1,1,1,1,1,3,1,2,4,,,,,,,,,,,,,,,,,,,,1,0,0,4,2,,2,1,,1,34,3,0,,,,,,,,,,,,,,,,,0,,,,,,,,,,,,,,,,,,,,,,,,,,
08/26/2017,19:00,55 Wheatland St,Somerville,MA,1,1,1,1,4,3,2,2,1,,2,1,,,,,,,,,,,,,,,,,0,0,0,,,,,0,,,,,,,,,,,,,,,,,,,,,,0,,,,,,,,,,,,,,,,,,,,,,,,,,
08/28/2017,12:23,259 McGrath Hwy,Somerville,MA,1,1,1,1,99,1,1,1,10,,,,,,,,,,,,,,,,,,,,0,0,1,,,Curb and Flower Bed,,0,,,,,,,,,,,,,,,,,,,,,,0,,,,,,,,,,,,,,,,,,,,,,,,,,
08/28/2017,17:55,181 Somerville Ave,Somerville,MA,1,1,1,1,1,2,2,1,1,,1,99,,,,,,,,,,,,,,,,,0,0,0,,,,,0,,,,,,,,,,,,,,,,,,,,,,0,,,,,,,,,,,,,,,,,,,,,,,,,,
08/29/2017,7:30,Powder House Blvd & Packard Ave,Somerville,MA,1,1,2,2,2,2,2,1,1,,1,1,,,,,,,,,,,,,,,,,0,0,0,,,,,0,,,,,,,,,,,,,,,,,,,,,,0,,,,,,,,,,,,,,,,,,,,,,,,,,
08/29/2017,16:10,Paulina St & Broadway,Somerville,MA,"1,2",1,2,3,4,1,1,2,1,,,,,,,,,,,,,,,,,,,,0,1,0,1,2,,5,1,,1,24,4,1,,,,,,,,,,,,,,,,,0,,,,,,,,,,,,,,,,,,,,,,,,,,
08/30/2017,10:31,Broadway & Bay State Ave,Somerville,MA,1,1,1,3,1,2,2,1,97,,2,1,,,,,,,,,,,,,,,,,0,0,0,,,,,1,2,0,38,4,1,0,54,4,1,,,,,,,,,,,,,0,,,,,,,,,,,,,,,,,,,,,,,,,,
08/31/2017,23:38,159 Walnut St,Somerville,MA,1,1,1,1,4,4,3,1,14,,1,1,,1,1,,,,,,,,,,,,,,0,0,0,,,,,0,,,,,,,,,,,,,,,,,,,,,,0,,,,,,,,,,,,,,,,,,,,,,,,,,
09/01/2017,10:24,49 Preston Rd,Somerville,MA,1,1,1,1,1,3,2,99,99,,2,25,,,,,,,,,,,,,,,,,0,0,0,,,,,0,,,,,,,,,,,,,,,,,,,,,,1,Vehicle 1 was a backhoe,,,,,,,,,,,,,,,,,,,,,,,,,
09/01/2017,13:28,Dow St & Powder House Blvd,Somerville,MA,"1,2",1,2,3,2,3,2,1,4,,2,1,,,,,,,,,,,,,,,,,0,0,0,,,,,0,,,,,,,,,,,,,,,,,,,,,,0,,,,,,,,,,,,,,,,,,,,,,,,,,
09/04/2017,13:50,Lowell St & Hudson St,Somerville,MA,1,1,2,2,1,3,2,1,1,,1,99,,,,,,,,,,,,,,,,,0,0,0,,,,,0,,,,,,,,,,,,,,,,,,,,,,0,,,,,,,,,,,,,,,,,,,,,,,,,,
09/05/2017,17:35,622 Somerville Ave,Somerville,MA,"1,2",1,1,1,1,2,2,1,19,,1,1,,,,,,,,,,,,,,,,,0,0,0,,,,,1,,0,68,4,1,,,,,,,,,,,,,,,,,0,,,,,,,,,,,,,,,,,,,,,,,,,,
09/05/2017,23:35,105 Central St,Somerville,MA,1,1,1,1,1,2,2,1,5,,2,1,,,,,,,,,,,,,,,,,0,0,0,,,,,0,,,,,,,,,,,,,,,,,,,,,,0,,,,,,,,,,,,,,,,,,,,,,,,,,
09/06/2017,13:39,259 Lowell St,Somerville,MA,3,2,1,3,1,2,2,6,7,,2,1,,,,,,,,,,,,,,,,,0,0,0,,,,,0,,,,,,,,,,,,,,,,,,,,,,1,Vehicle 1 was a DPW F550 truck,,,,,,,,,,,,,,,,,,,,,,,,,
09/07/2017,11:38,530 Somerville Ave,Somerville,MA,2,1,1,1,unk,1,1,1,19,,,,,,,,,,,,,,,,,,,,0,0,1,,,HCP parking sign,,0,,,,,,,,,,,,,,,,,,,,,,0,,,,,,,,,,,,,,,,,,,,,,,,,,
09/11/2017,11:00,Broadway & Temple St,Somerville,MA,1,1,1,2,unk,1,1,6,1,,,,,,,,,,,,,,,,,,,,0,0,1,,,pedestrian crossing beacon,,0,,,,,,,,,,,,,,,,,,,,,,0,,,,,,,,,,,,,,,,,,,,,,,,,,
09/14/2017,13:20,60 Oak St,Somerville,MA,1,1,1,1,4,3,2,1,1,,7,1,,,,,,,,,,,,,,,,,0,0,0,,,,,0,,,,,,,,,,,,,,,,,,,,,,0,Vehicle 2 was a garbage truck,,,,,,,,,,,,,,,,,,,,,,,,,
09/14/2017,13:41,Broadway & Weston Ave,Somerville,MA,2,1,2,3,1,3,2,1,4,,1,1,,,,,,,,,,,,,,,,,0,0,0,,,,,1,,0,25,3,1,,,,,,,,,,,,,,,,,0,,,,,,,,,,,,,,,,,,,,,,,,,,
09/14/2017,21:04,Webster Ave & Tremont St,Somerville,MA,1,2,1,3,1,1,1,1,1,,,,,,,,,,,,,,,,,,,,1,0,0,4,2,,1,0,,,,,,,,,,,,,,,,,,,,,,0,Bicyclist strikes MV crossing Webster from Windsor to Tremont,,,,,,,,,,,,,,,,,,,,,,,,,
09/15/2017,15:18,159 College Ave,Somerville,MA,1,1,1,1,2,3,2,1,1,,1,4,,,,,,,,,,,,,,,,,0,0,0,,,,,0,,,,,,,,,,,,,,,,,,,,,,0,,,,,,,,,,,,,,,,,,,,,,,,,,
09/15/2017,19:00,Hudson St & Lowell St,Somerville,MA,"3,2",2,1,2,1,3,2,1,3,,1,1,,,,,,,,,,,,,,,,,0,0,0,,,,,0,,,,,,,,,,,,,,,,,,,,,,0,,,,,,,,,,,,,,,,,,,,,,,,,,
09/16/2017,15:13,Simpson Ave & Holland St,Somerville,MA,1,1,2,2,1,2,2,2,4,,2,1,,,,,,,,,,,,,,,,,0,0,0,,,,,0,,,,,,,,,,,,,,,,,,,,,,0,,,,,,,,,,,,,,,,,,,,,,,,,,
09/16/2017,11:12,Willow Ave & Bristol Rd,Somerville,MA,2,1,3,2,1,3,2,2,4,,1,1,,,,,,,,,,,,,,,,,0,0,0,,,,,0,,,,,,,,,,,,,,,,,,,,,,0,,,,,,,,,,,,,,,,,,,,,,,,,,
09/19/2017,9:37,South St & Medford St,Somerville,MA,2,1,1,3,1,1,1,2,9,,,,,,,,,,,,,,,,,,,,0,0,1,,,street tree,,1,,0,36,4,1,,,,,,,,,,,,,,,,,0,,,,,,,,,,,,,,,,,,,,,,,,,,
09/19/2017,5:30,Mystic Ave & Lombardi Way,Somerville,MA,2,1,3,2,2,3,2,1,99,,1,99,,,,,,,,,,,,,,,,,0,0,0,,,,,0,,,,,,,,,,,,,,,,,,,,,,0,,,,,,,,,,,,,,,,,,,,,,,,,,
09/21/2017,16:36,17 Oliver St,Somerville,MA,1,1,1,9,1,1,1,1,1,,,,,,,,,,,,,,,,,,,,0,0,1,,,pole,,0,,,,,,,,,,,,,,,,,,,,,,0,,,,,,,,,,,,,,,,,,,,,,,,,,
09/22/2017,12:07,Powder House Blvd & North St,Somerville,MA,"2,3",2,3,2,2,sideswipe (opp dir),2,2,1,,97,1,,,,,,,,,,,,,,,,,0,0,0,,,,,0,,,,,,,,,,,,,,,,,,,,,,1,Vehicle 2 was a fire truck,,,,,,,,,,,,,,,,,,,,,,,,,
09/23/2017,15:45,Highland Ave & Day St,Somerville,MA,1,1,3,3,1,6,2,1,1,,1,20,,,,,,,,,,,,,,,,,0,0,0,,,,,0,,,,,,,,,,,,,,,,,,,,,,0,,,,,,,,,,,,,,,,,,,,,,,,,,
09/23/2017,18:51,460 Medford St,Somerville,MA,1,1,1,1,1,5,2,1,1,,1,1,,,,,,,,,,,,,,,,,0,0,0,,,,,0,,,,,,,,,,,,,,,,,,,,,,0,,,,,,,,,,,,,,,,,,,,,,,,,,
09/26/2017,7:35,238 Washington St,Somerville,MA,2,1,1,1,1,4,2,7,4,,2,1,,,,,,,,,,,,,,,,,0,0,0,,,,,0,,,,,,,,,,,,,,,,,,,,,,0,V2 (Washington St EB) strikes V1 as it merges into traffic from a parked space,,,,,,,,,,,,,,,,,,,,,,,,,
09/26/2017,10:45,Broadway & Wisconsin Ave,Somerville,MA,1,1,1,3,2,3,2,1,1,,1,3,,,,,,,,,,,,,,,,,0,0,0,,,,,0,,,,,,,,,,,,,,,,,,,,,,1,Bicyclist (Webster NB) strikes MV as MV pulls out of driveway at 25 Webster Ave,,,,,,,,,,,,,,,,,,,,,,,,,
09/27/2017,8:02,25 Webster Ave,Somerville,MA,1,1,1,1,1,1,1,2,4,,,,,,,,,,,,,,,,,,,,1,0,0,4,2,,5,1,,0,41,4,0,,,,,,,,,,,,,,,,,0,,,,,,,,,,,,,,,,,,,,,,,,,,
09/28/2017,11:29,Washington St & Washington Terrace,Somerville,MA,1,1,1,1,1,1,1,1,1,,,,,,,,,,,,,,,,,,,,1,0,0,10,2,,1,0,,,,,,,,,,,,,,,,,,,,,,0,MV right hooks bicyclist traveling WB on Washington St,,,,,,,,,,,,,,,,,,,,,,,,,
09/28/2017,17:05,40 Bow St,Somerville,MA,1,1,1,1,1,3,2,1,1,,1,99,,,,,,,,,,,,,,,,,0,0,0,,,,,0,,,,,,,,,,,,,,,,,,,,,,0,,,,,,,,,,,,,,,,,,,,,,,,,,
09/28/2017,21:39,Medford St & Highland Ave,Somerville,MA,1,1,3,4,2,1,1,2,14,,,,,,,,,,,,,,,,,,,,0,0,1,,,concrete island and street sign,,0,,,,,,,,,,,,,,,,,,,,,,0,,,,,,,,,,,,,,,,,,,,,,,,,,
09/29/2017,9:01,College Ave & Chapel St,Somerville,MA,1,1,1,3,1,1,1,1,1,,,,,,,,,,,,,,,,,,,,1,0,0,4,2,,2,1,,1,46,4,0,,,,,,,,,,,,,,,,,0,,,,,,,,,,,,,,,,,,,,,,,,,,
09/30/2017,18:52,643 Broadway,Somerville,MA,3,2,1,1,1,2,3,2,99,,2,1,,1,1,,,,,,,,,,,,,,0,0,0,,,,,1,2,0,22,3,0,0,24,3,0,,,,,,,,,,,,,0,,,,,,,,,,,,,,,,,,,,,,,,,,
10/02/2017,12:15,Walnut St & Columbus Ave,Somerville,MA,1,1,2,3,4,3,2,1,99,,1,99,,,,,,,,,,,,,,,,,0,0,0,,,,,0,,,,,,,,,,,,,,,,,,,,,,0,,,,,,,,,,,,,,,,,,,,,,,,,,
10/03/2017,8:55,Central St & Somerville Ave,Somerville,MA,1,1,1,1,1,4,1,2,4,,,,,,,,,,,,,,,,,,,,1,0,0,4,2,,1,1,,1,24,4,1,,,,,,,,,,,,,,,,,0,"Report says Elm St, but narrative suggests that the crash took place on Central St",,,,,,,,,,,,,,,,,,,,,,,,,
10/06/2017,22:07,17 Hudson St,Somerville,MA,1,1,1,1,4,4,2,2,1,,1,10,,,,,,,,,,,,,,,,,0,0,0,,,,,0,,,,,,,,,,,,,,,,,,,,,,0,,,,,,,,,,,,,,,,,,,,,,,,,,
10/07/2017,12:15,Broadway & Holland St,Somerville,MA,1,1,3,3,1,2,2,2,1,,2,1,,,,,,,,,,,,,,,,,0,0,0,,,,,0,,,,,,,,,,,,,,,,,,,,,,0,,,,,,,,,,,,,,,,,,,,,,,,,,
10/08/2017,7:30,223 Washington St,Somerville,MA,2,1,1,1,1,4,1,2,4,,,,,,,,,,,,,,,,,,,,1,0,0,4,2,,1,1,,0,41,4,0,,,,,,,,,,,,,,,,,0,MV right hooks WB bicyclist while turning in parking lot at 223 Washington,,,,,,,,,,,,,,,,,,,,,,,,,
10/10/2017,19:00,1242 Broadway,Somerville,MA,1,1,1,1,2,2,2,2,1,,1,1,,,,,,,,,,,,,,,,,0,0,0,,,,,0,,,,,,,,,,,,,,,,,,,,,,0,,,,,,,,,,,,,,,,,,,,,,,,,,
10/13/2017,18:01,Washington St & Columbus Ave,Somerville,MA,1,1,1,3,2,1,1,2,3,,,,,,,,,,,,,,,,,,,,1,0,0,4,2,,1,0,,,,,,,,,,,,,,,,,,,,,,0,MV right hooks WB bicyclist,,,,,,,,,,,,,,,,,,,,,,,,,
10/17/2017,7:18,135 Central St,Somerville,MA,1,1,99,1,1,9,2,1,1,,1,1,,,,,,,,,,,,,,,,,0,0,0,,,,,0,,,,,,,,,,,,,,,,,,,,,,0,,,,,,,,,,,,,,,,,,,,,,,,,,
10/17/2017,10:10,Holland St & Paulina St,Somerville,MA,1,1,1,3,1,10,2,1,19,,1,1,,,,,,,,,,,,,,,,,0,0,0,,,,,0,,,,,,,,,,,,,,,,,,,,,,0,,,,,,,,,,,,,,,,,,,,,,,,,,
10/18/2017,20:08,Cherry St & Summer St,Somerville,MA,1,1,2,2,1,3,2,2,4,,1,1,,,,,,,,,,,,,,,,,0,0,0,,,,,0,,,,,,,,,,,,,,,,,,,,,,0,,,,,,,,,,,,,,,,,,,,,,,,,,
10/19/2017,8:35,252 Beacon St,Somerville,MA,1,1,1,1,1,1,1,1,97,,,,,,,,,,,,,,,,,,,,1,0,0,4,2,,3,1,,0,39,4,0,,,,,,,,,,,,,,,,,0,Vehicle 1 was an RMV M5 that doored a SB bicyclist,,,,,,,,,,,,,,,,,,,,,,,,,
10/19/2017,13:53,School St & Summer St,Somerville,MA,2,1,3,3,2,2,2,1,1,,8,1,,,,,,,,,,,,,,,,,0,0,0,,,,,1,2,1,51,4,0,1,48,4,0,,,,,,,,,,,,,1,,,,,,,,,,,,,,,,,,,,,,,,,,
10/24/2017,16:30,Broadway & Clarendon Ave,Somerville,MA,"2,3",2,1,3,1,3,2,2,1,,15,19,,,,,,,,,,,,,,,,,0,0,0,,,,,0,,,,,,,,,,,,,,,,,,,,,,0,,,,,,,,,,,,,,,,,,,,,,,,,,
10/25/2017,19:49,Endicott Ave & Broadway,Somerville,MA,3,2,1,3,1,6,2,2,1,,1,1,,,,,,,,,,,,,,,,,0,0,0,,,,,0,2,1,26,4,0,1,26,4,0,,,,,,,,,,,,,0,,,,,,,,,,,,,,,,,,,,,,,,,,
10/26/2017,20:21,702 Grand Union Blvd,Somerville,MA,"3,2",2,2,3,2,3,2,1,99,,1,99,,,,,,,,,,,,,,,,,0,0,0,,,,,0,,,,,,,,,,,,,,,,,,,,,,0,,,,,,,,,,,,,,,,,,,,,,,,,,
10/27/2017,9:20,452 Broadway,Somerville,MA,1,1,1,1,1,1,1,1,13,,,,,,,,,,,,,,,,,,,,1,0,0,4,2,,3,1,,1,36,3,0,,,,,,,,,,,,,,,,,0,,,,,,,,,,,,,,,,,,,,,,,,,,
10/28/2017,7:40,Pearl St & Walnut St,Somerville,MA,"1,97",97,3,3,99,6,2,1,1,,1,4,,,,,,,,,,,,,,,,,0,0,0,,,,,0,,,,,,,,,,,,,,,,,,,,,,0,,,,,,,,,,,,,,,,,,,,,,,,,,
10/28/2017,8:29,202 Powder House Blvd,Somerville,MA,1,1,1,1,1,4,2,13,6,,1,1,,,,,,,,,,,,,,,,,0,0,0,,,,,0,,,,,,,,,,,,,,,,,,,,,,0,,,,,,,,,,,,,,,,,,,,,,,,,,
10/30/2017,2:54,Union Sq & Stone Ave,Somerville,MA,"2,3",2,1,3,2,1,1,2,18,11,,,,,,,,,,,,,,,,,,,0,0,1,,,cement pillar,,0,,,,,,,,,,,,,,,,,,,,,,0,V1 (Union Sq WB) struck cement pillar at corner of Stone Ave and Union Sq,,,,,,,,,,,,,,,,,,,,,,,,,
10/30/2017,6:50,Highland Ave & Grove St,Somerville,MA,"3,2",2,1,2,4,3,2,2,99,,1,99,,,,,,,,,,,,,,,,,0,0,0,,,,,0,,,,,,,,,,,,,,,,,,,,,,0,,,,,,,,,,,,,,,,,,,,,,,,,,
10/31/2017,15:07,290 Somerville Ave,Somerville,MA,1,1,3,1,1,3,2,8,99,,2,99,,,,,,,,,,,,,,,,,0,0,0,,,,,0,,,,,,,,,,,,,,,,,,,,,,0,V1 pulled into traffic from parking spot in front of 290 Somerville Ave and V2 struck trailer of V1,,,,,,,,,,,,,,,,,,,,,,,,,
10/31/2017,21:53,Broadway & Hinckley St,Somerville,MA,1,1,1,3,3,2,2,2,99,,1,2,,,,,,,,,,,,,,,,,0,0,0,,,,,1,2,1,21,3,0,0,20,3,0,,,,,,,,,,,,,0,,,,,,,,,,,,,,,,,,,,,,,,,,
11/01/2017,9:25,Broadway & Burnham St,Somerville,MA,2,1,2,3,1,3,2,1,1,,1,4,,,,,,,,,,,,,,,,,0,0,0,,,,,0,,,,,,,,,,,,,,,,,,,,,,0,,,,,,,,,,,,,,,,,,,,,,,,,,
11/01/2017,11:45,Mystic Ave & Lombardi Way,Somerville,MA,1,1,3,1,4,4,2,1,99,,7,99,,,,,,,,,,,,,,,,,0,0,0,,,,,0,,,,,,,,,,,,,,,,,,,,,,0,,,,,,,,,,,,,,,,,,,,,,,,,,
11/01/2017,15:28,45 Beacon St,Somerville,MA,1,1,1,1,99,7,2,1,97,,1,1,,,,,,,,,,,,,,,,,0,0,0,,,,,1,,0,71,4,1,,,,,,,,,,,,,,,,,0,,,,,,,,,,,,,,,,,,,,,,,,,,
11/01/2017,18:13,101 Elm St,Somerville,MA,1,1,1,1,2,2,2,1,1,,1,1,,,,,,,,,,,,,,,,,0,0,0,,,,,0,,,,,,,,,,,,,,,,,,,,,,0,,,,,,,,,,,,,,,,,,,,,,,,,,
11/02/2017,18:24,Highland Ave & Central St,Somerville,MA,1,1,3,2,1,2,4,1,1,,1,1,,1,0,,1,1,,,,,,,,,,,0,0,0,,,,,0,,,,,,,,,,,,,,,,,,,,,,0,,,,,,,,,,,,,,,,,,,,,,,,,,
11/02/2017,19:09,Central St & Avon St,Somerville,MA,1,1,1,3,1,1,1,1,1,,,,,,,,,,,,,,,,,,,,1,0,0,4,2,,2,0,,,,,,,,,,,,,,,,,,,,,,0,,,,,,,,,,,,,,,,,,,,,,,,,,
11/03/2017,14:29,182 Washington St,Somerville,MA,1,1,1,1,2,2,2,1,99,,2,99,,,,,,,,,,,,,,,,,0,0,0,,,,,0,,,,,,,,,,,,,,,,,,,,,,1,"V2 stopped for a pedestrian, causing V1 to rear-end V2",,,,,,,,,,,,,,,,,,,,,,,,,
11/05/2017,5:25,Prospect St & Webster Ave,Somerville,MA,1,1,3,2,1,5,2,2,1,,2,4,,,,,,,,,,,,,,,,,0,0,0,,,,,0,,,,,,,,,,,,,,,,,,,,,,0,V2 (Prospect SB left) strikes V1 (Prospect NB thru) in intersection,,,,,,,,,,,,,,,,,,,,,,,,,
11/07/2017,7:26,Washington St & Myrtle St,Somerville,MA,"rain, night",wet,signal,T,two-way,1,1,1,1,,,,,,,,,,,,,,,,,,,,1,0,0,4,2,,4,1,,0,23,2,1,,,,,,,,,,,,,,,,,0,Bicyclist rear-ended/clipped by MV while preparing to take a left onto Myrtle. Cyclist cited for failing to signal and not using lights at night,,,,,,,,,,,,,,,,,,,,,,,,,
11/08/2017,12:00,Temple Rd & Governor Winthrop Rd,Somerville,MA,1,1,2,2,1,3,2,1,1,,1,1,,,,,,,,,,,,,,,,,0,0,0,,,,,0,,,,,,,,,,,,,,,,,,,,,,0,,,,,,,,,,,,,,,,,,,,,,,,,,
11/09/2017,12:50,Washington St & Florence St,Somerville,MA,1,1,1,1,2,2,2,1,1,,1,5,,,,,,,,,,,,,,,,,0,0,0,,,,,0,,,,,,,,,,,,,,,,,,,,,,0,,,,,,,,,,,,,,,,,,,,,,,,,,
11/09/2017,18:09,Broadway & Norwood Ave,Somerville,MA,1,1,2,3,2,3,2,1,4,,2,1,,,,,,,,,,,,,,,,,0,0,0,,,,,0,,,,,,,,,,,,,,,,,,,,,,0,,,,,,,,,,,,,,,,,,,,,,,,,,
11/15/2017,10:10,Elm St & Banks St,Somerville,MA,1,1,1,1,1,3,2,2,6,,1,1,,,,,,,,,,,,,,,,,0,0,0,,,,,0,,,,,,,,,,,,,,,,,,,,,,0,,,,,,,,,,,,,,,,,,,,,,,,,,
11/15/2017,18:01,Broadway & Hinckley St,Somerville,MA,"1,2",1,2,3,2,3,2,6,4,,2,1,,,,,,,,,,,,,,,,,0,0,0,,,,,1,,0,51,4,1,,,,,,,,,,,,,,,,,0,,,,,,,,,,,,,,,,,,,,,,,,,,
11/16/2017,18:27,Holland St & Cameron Ave,Somerville,MA,3,2,1,3,1,1,1,1,19,,,,,,,,,,,,,,,,,,,,0,1,0,1,1,,1,0,,,,,,,,,,,,,,,,,,,,,,0,,,,,,,,,,,,,,,,,,,,,,,,,,
11/21/2017,17:13,Summer St & Cherry St,Somerville,MA,1,1,2,2,1,3,2,2,1,,2,4,,,,,,,,,,,,,,,,,0,0,0,,,,,0,,,,,,,,,,,,,,,,,,,,,,0,,,,,,,,,,,,,,,,,,,,,,,,,,
11/26/2017,2:06,Cross St & Randolph Pl,Somerville,MA,1,1,2,3,1,3,2,1,1,,1,4,,,,,,,,,,,,,,,,,0,0,0,,,,,0,,,,,,,,,,,,,,,,,,,,,,0,,,,,,,,,,,,,,,,,,,,,,,,,,
11/28/2017,11:11,Prospect St (on RR bridge),Somerville,MA,1,1,1,1,1,4,2,2,1,,1,97,,,,,,,,,,,,,,,,,0,0,0,,,,,0,,,,,,,,,,,,,,,,,,,,,,1,V2 struck V1 on Prospect St as V1 was attempting to pull V2 over,,,,,,,,,,,,,,,,,,,,,,,,,
11/28/2017,17:32,Highland Ave & Vinal Ave,Somerville,MA,1,1,1,2,1,1,1,1,99,,,,,,,,,,,,,,,,,,,,0,1,0,99,1,,5,1,,1,32,2,1,,,,,,,,,,,,,,,,,0,,,,,,,,,,,,,,,,,,,,,,,,,,
11/28/2017,20:55,Broadway & Warner St,Somerville,MA,1,1,4,7,1,1,1,1,99,,,,,,,,,,,,,,,,,,,,0,0,1,,,median,,1,2,0,23,3,1,0,28,3,0,,,,,,,,,,,,,0,,,,,,,,,,,,,,,,,,,,,,,,,,
11/30/2017,11:56,Highland Ave & Willow Ave,Somerville,MA,2,1,3,2,2,2,2,1,4,,2,1,,,,,,,,,,,,,,,,,0,0,0,,,,,0,,,,,,,,,,,,,,,,,,,,,,0,,,,,,,,,,,,,,,,,,,,,,,,,,
12/01/2017,2:10,McGrath Hwy & Medford St,Somerville,MA,3,2,3,3,3,1,1,1,99,,,,,,,,,,,,,,,,,,,,0,0,1,,,median,,0,,,,,,,,,,,,,,,,,,,,,,0,,,,,,,,,,,,,,,,,,,,,,,,,,