Date,Time,Location,City,State,Weather (2&3),Road Surface (6),Traffic Control Device (4),Intersection Type (7),Traffic Way Desc (8),Collision Manner (11),# of Involved Vehicles,Vehicle1 Configuration (21),Driver1 Contrib Code1 (25),Driver1 Contrib Code2 (25),Vehicle2 Configuration (21),Driver2 Contrib Code1 (25),Driver2 Contrib Code2 (25),Vehicle3 Configuration (21),Driver3 Contrib Code1 (25),Driver3 Contrib Code2 (25),Vehicle4 Configuration (21),Driver4 Contrib Code1 (25),Driver4 Contrib Code2 (25),Vehicle5 Configuration (21),Driver5 Contrib Code1 (25),Driver5 Contrib Code2 (25),Vehicle6 Configuration (21),Driver6 Contrib Code1 (25),Driver6 Contrib Code2 (25),Vehicle7 Configuration (21),Driver7 Contrib Code1 (25),Driver7 Contrib Code2 (25),Bicycle,Pedestrian,Non-MV,Non-Motorist Location (16),Non-Motorist Action (15),Non-Motorist Type,Manner of Non-Motorist (Person) Collision,Injury,Multiple,Gender1,Age1,Severity1,Hospital1,Gender2,Age2,Severity2,Hospital2,Gender3,Age3,Severity3,Hospital3,Gender4,Age4,Severity4,Hospital4,Gender5,Age5,Severity5,Hospital5,City Vehicle?,Notes,column 65,column 66,column 67,column 68,column 69,column 70,column 71,column 72,column 73,column 74,column 75,column 76,column 77,column 78,column 79,column 80,column 81,column 82,column 83,column 84,column 85,column 86,column 87,column 88,column 89
12/02/2017,15:30,College Ave & Broadway,Somerville,MA,1,1,1,1,1,5,2,1,20,,1,1,,,,,,,,,,,,,,,,,0,0,0,,,,,0,,,,,,,,,,,,,,,,,,,,,,0,,,,,,,,,,,,,,,,,,,,,,,,,,
12/04/2017,17:50,Broadway & Indiana Ave,Somerville,MA,2,1,1,3,3,3,2,1,4,,2,1,,,,,,,,,,,,,,,,,0,0,1,,,street tree,,1,,1,61,4,0,,,,,,,,,,,,,,,,,0,,,,,,,,,,,,,,,,,,,,,,,,,,
12/05/2017,15:40,Temple St & Memorial Rd,Somerville,MA,3,2,1,3,1,3,2,1,1,,1,19,12,,,,,,,,,,,,,,,,0,0,0,,,,,0,,,,,,,,,,,,,,,,,,,,,,0,,,,,,,,,,,,,,,,,,,,,,,,,,
12/05/2017,7:45,313 Broadway,Somerville,MA,3,2,3,1,3,1,1,2,1,,,,,,,,,,,,,,,,,,,,0,1,0,4,2,,5,1,,1,19,4,1,,,,,,,,,,,,,,,,,0,,,,,,,,,,,,,,,,,,,,,,,,,,
12/05/2017,17:49,Lowell St & Summer St,Somerville,MA,"1,2",1,"2,4",2,2,3,2,1,1,,1,1,,,,,,,,,,,,,,,,,0,0,0,,,,,0,,,,,,,,,,,,,,,,,,,,,,0,,,,,,,,,,,,,,,,,,,,,,,,,,
12/07/2017,11:31,181 Washington St,Somerville,MA,1,1,1,1,2,5,2,1,99,,8,1,,,,,,,,,,,,,,,,,0,0,0,,,,,0,,,,,,,,,,,,,,,,,,,,,,1,Vehicle 2 was a fire truck,,,,,,,,,,,,,,,,,,,,,,,,,
12/08/2017,10:41,Prospect St (on RR bridge),Somerville,MA,1,1,1,1,1,2,2,1,20,,2,1,,,,,,,,,,,,,,,,,0,0,0,,,,,0,,,,,,,,,,,,,,,,,,,,,,0,V1 rear ends V2 while in traffic headed NB on Prospect,,,,,,,,,,,,,,,,,,,,,,,,,
12/08/2017,17:23,McGrath Hwy & Washington St,Somerville,MA,1,1,3,4,2,angle (3?),2,1,3,,1,1,,,,,,,,,,,,,,,,,0,0,0,,,,,0,,,,,,,,,,,,,,,,,,,,,,0,,,,,,,,,,,,,,,,,,,,,,,,,,
12/16/2017,22:57,Broadway & Thurston St,Somerville,MA,1,1,1,3,2,3,2,1,1,,2,99,,,,,,,,,,,,,,,,,0,0,0,,,,,0,,,,,,,,,,,,,,,,,,,,,,0,,,,,,,,,,,,,,,,,,,,,,,,,,
12/17/2017,unk,1366 Broadway,Somerville,MA,1,1,1,1,1,1,1,1,19,,,,,,,,,,,,,,,,,,,,0,1,0,1,1,,5,0,,,,,,,,,,,,,,,,,,,,,,0,,,,,,,,,,,,,,,,,,,,,,,,,,
12/21/2017,14:02,Summer St & Cherry St,Somerville,MA,1,1,2,3,1,3,2,1,99,,7,1,,,,,,,,,,,,,,,,,0,0,0,,,,,0,,,,,,,,,,,,,,,,,,,,,,0,,,,,,,,,,,,,,,,,,,,,,,,,,
12/22/2017,12:54,70 Perkins St,Somerville,MA,2,1,1,1,1,2,1,2,22,,,,,,,,,,,,,,,,,,,,0,0,1,,,wooden sign,,0,,,,,,,,,,,,,,,,,,,,,,0,,,,,,,,,,,,,,,,,,,,,,,,,,
12/23/2017,1:45,Pearl St & Delaware St,Somerville,MA,5,4,1,3,2,3,2,1,8,,1,1,,,,,,,,,,,,,,,,,0,0,1,,,"street pole, fence, bushes",,0,,,,,,,,,,,,,,,,,,,,,,0,,,,,,,,,,,,,,,,,,,,,,,,,,
12/23/2017,15:04,Joy St & Washington St,Somerville,MA,"2,5",4,1,3,2,3,2,1,1,,1,1,,,,,,,,,,,,,,,,,0,0,0,,,,,0,,,,,,,,,,,,,,,,,,,,,,0,,,,,,,,,,,,,,,,,,,,,,,,,,
12/24/2017,7:15,Broadway & Alewife Brook Pkwy,Somerville,MA,"3,5",4,3,4,1,2,2,1,1,,1,11,,,,,,,,,,,,,,,,,0,0,0,,,,,0,,,,,,,,,,,,,,,,,,,,,,0,,,,,,,,,,,,,,,,,,,,,,,,,,
12/25/2017,10:30,35 Memorial Rd,Somerville,MA,"4,8",3,1,1,1,2,2,2,11,,2,11,,,,,,,,,,,,,,,,,0,0,0,,,,,0,,,,,,,,,,,,,,,,,,,,,,0,,,,,,,,,,,,,,,,,,,,,,,,,,
12/26/2017,10:30,Highland Ave & Central St,Somerville,MA,1,1,3,2,1,2,2,1,99,,1,99,,,,,,,,,,,,,,,,,0,0,0,,,,,1,,0,37,4,0,,,,,,,,,,,,,,,,,0,,,,,,,,,,,,,,,,,,,,,,,,,,
12/27/2017,15:44,349 Broadway,Somerville,MA,1,2,1,3,2,3,2,1,4,,1,1,,,,,,,,,,,,,,,,,0,0,0,,,,,0,,,,,,,,,,,,,,,,,,,,,,0,,,,,,,,,,,,,,,,,,,,,,,,,,
12/28/2017,10:40,Union Sq & Webster Ave,Somerville,MA,1,1,3,2,2,6,2,1,99,,1,99,,,,,,,,,,,,,,,,,0,0,0,,,,,0,,,,,,,,,,,,,,,,,,,,,,0,V1 (Union Sq WB left) collides with V2 (Washington EB thru) in intersection,,,,,,,,,,,,,,,,,,,,,,,,,
12/28/2017,12:41,Hancock St & Summer St,Somerville,MA,1,1,1,2,1,3,2,1,8,,1,1,,,,,,,,,,,,,,,,,0,0,0,,,,,0,,,,,,,,,,,,,,,,,,,,,,0,V2 (Hancock St NB thru (wrong way)) strikes V1 (Summer St WB thru),,,,,,,,,,,,,,,,,,,,,,,,,
12/28/2017,17:56,Lombardi Way (at off-ramp),Somerville,MA,4,3,3,1,3,2,2,2,1,,1,1,,,,,,,,,,,,,,,,,0,0,0,,,,,1,,0,73,4,1,,,,,,,,,,,,,,,,,0,,,,,,,,,,,,,,,,,,,,,,,,,,
12/30/2017,12:40,Grand Union Blvd & Foley St,Somerville,MA,4,7,3,1,2,2,2,1,99,,1,1,,,,,,,,,,,,,,,,,0,0,0,,,,,0,,,,,,,,,,,,,,,,,,,,,,0,,,,,,,,,,,,,,,,,,,,,,,,,,
12/31/2017,18:50,Highland Ave & Sycamore St,Somerville,MA,1,1,1,3,2,1,1,1,1,,,,,,,,,,,,,,,,,,,,0,1,0,1,2,,5,1,,1,21,4,1,,,,,,,,,,,,,,,,,0,,,,,,,,,,,,,,,,,,,,,,,,,,
01/03/2018,13:31,Jaques St & Edgar St,Somerville,MA,1,1,1,3,1,3,2,1,1,,2,1,,,,,,,,,,,,,,,,,0,0,0,,,,,1,,0,25,4,1,,,,,,,,,,,,,,,,,0,,,,,,,,,,,,,,,,,,,,,,,,,,
01/03/2018,19:59,Broadway & Winchester St,Somerville,MA,1,2,1,6,2,2,2,2,1,,1,1,,,,,,,,,,,,,,,,,0,0,0,,,,,0,,,,,,,,,,,,,,,,,,,,,,0,,,,,,,,,,,,,,,,,,,,,,,,,,
01/05/2018,10:33,New Washington St & Inner Belt Rd,Somerville,MA,"1,8",3,1,3,1,6,2,2,1,,1,20,,,,,,,,,,,,,,,,,0,0,0,,,,,1,,1,27,3,0,,,,,,,,,,,,,,,,,0,,,,,,,,,,,,,,,,,,,,,,,,,,
01/05/2018,20:00,Medford St & Central St,Somerville,MA,1,4,3,2,2,2,2,1,99,,1,1,,,,,,,,,,,,,,,,,0,0,0,,,,,0,,,,,,,,,,,,,,,,,,,,,,0,,,,,,,,,,,,,,,,,,,,,,,,,,
01/07/2018,9:45,Temple St & Heath St,Somerville,MA,1,2,2,2,1,5,2,2,1,,1,99,,,,,,,,,,,,,,,,,0,0,0,,,,,0,,,,,,,,,,,,,,,,,,,,,,0,,,,,,,,,,,,,,,,,,,,,,,,,,
01/08/2018,17:36,120 Washington St,Somerville,MA,4,2,1,1,1,1,1,2,99,,,,,,,,,,,,,,,,,,,,0,1,0,3,1,,5,1,,1,51,3,1,,,,,,,,,,,,,,,,,0,,,,,,,,,,,,,,,,,,,,,,,,,,
01/12/2018,14:45,Washington St & Myrtle St,Somerville,MA,3,2,3,3,1,2,3,1,99,,1,99,,1,99,,,,,,,,,,,,,,0,0,0,,,,,0,,,,,,,,,,,,,,,,,,,,,,0,,,,,,,,,,,,,,,,,,,,,,,,,,
01/15/2018,11:07,75 Marshall St,Somerville,MA,1,1,1,1,4,1,1,1,2,,,,,,,,,,,,,,,,,,,,0,0,1,,,fence,,0,,,,,,,,,,,,,,,,,,,,,,0,,,,,,,,,,,,,,,,,,,,,,,,,,
01/18/2018,12:55,1114 Broadway,Somerville,MA,1,1,1,1,1,2,2,2,5,,2,1,,,,,,,,,,,,,,,,,0,1,0,1,1,,5,0,,,,,,,,,,,,,,,,,,,,,,0,,,,,,,,,,,,,,,,,,,,,,,,,,
01/24/2018,8:04,10 Sargent Ave,Somerville,MA,2,4,1,1,4,4,2,2,1,,2,1,,,,,,,,,,,,,,,,,0,0,0,,,,,0,,,,,,,,,,,,,,,,,,,,,,1,,,,,,,,,,,,,,,,,,,,,,,,,,
01/24/2018,12:53,154 Elm St,Somerville,MA,1,1,1,1,2,4,2,1,1,,1,6,,,,,,,,,,,,,,,,,0,0,0,,,,,0,,,,,,,,,,,,,,,,,,,,,,0,,,,,,,,,,,,,,,,,,,,,,,,,,
01/26/2018,9:31,406 Highland Ave,Somerville,MA,1,1,1,1,4,3,2,2,1,,1,99,,,,,,,,,,,,,,,,,0,0,0,,,,,0,,,,,,,,,,,,,,,,,,,,,,0,,,,,,,,,,,,,,,,,,,,,,,,,,
01/26/2018,17:38,Broadway & Walnut St,Somerville,MA,1,1,3,3,1,3,2,2,4,,2,1,,,,,,,,,,,,,,,,,0,0,0,,,,,0,,,,,,,,,,,,,,,,,,,,,,0,,,,,,,,,,,,,,,,,,,,,,,,,,
01/28/2018,17:43,Somerville Ave & Bow St,Somerville,MA,1,1,2,2,4,1,1,2,99,,,,,,,,,,,,,,,,,,,,0,0,1,,,street sign,,0,,,,,,,,,,,,,,,,,,,,,,0,,,,,,,,,,,,,,,,,,,,,,,,,,
02/01/2018,10:52,Elm St & Russell St,Somerville,MA,3,2,3,3,2,1,1,1,19,,,,,,,,,,,,,,,,,,,,0,0,1,,,traffic signal pole,,0,,,,,,,,,,,,,,,,,,,,,,0,,,,,,,,,,,,,,,,,,,,,,,,,,
02/02/2018,21:18,Summer St & Central St,Somerville,MA,1,4,3,3,1,3,2,1,1,,1,1,,,,,,,,,,,,,,,,,0,0,0,,,,,1,,1,30,3,0,,,,,,,,,,,,,,,,,0,,,,,,,,,,,,,,,,,,,,,,,,,,
02/03/2018,23:30,165 Middlesex Ave,Somerville,MA,1,1,1,1,1,1,1,1,10,,,,,,,,,,,,,,,,,,,,0,0,1,,,brick wall,,1,,1,29,3,1,,,,,,,,,,,,,,,,,0,,,,,,,,,,,,,,,,,,,,,,,,,,
02/04/2018,10:28,Central St & Oxford St,Somerville,MA,2,1,2,3,2,3,2,1,1,,1,1,,,,,,,,,,,,,,,,,0,0,0,,,,,0,,,,,,,,,,,,,,,,,,,,,,0,,,,,,,,,,,,,,,,,,,,,,,,,,
02/07/2018,11:07,Revolution Dr (at Home Depot Entrance),Somerville,MA,"1,4",2,1,2,2,4,2,2,19,,1,1,,,,,,,,,,,,,,,,,0,0,0,,,,,0,,,,,,,,,,,,,,,,,,,,,,0,,,,,,,,,,,,,,,,,,,,,,,,,,
02/07/2018,12:23,Chester St & Cottage Ave,Somerville,MA,"4,2",3,2,3,4,3,2,2,99,,1,1,,,,,,,,,,,,,,,,,0,0,0,,,,,0,,,,,,,,,,,,,,,,,,,,,,0,,,,,,,,,,,,,,,,,,,,,,,,,,
02/07/2018,17:13,Washington St & Myrtle St,Somerville,MA,"3,4",2,3,3,4,1,1,2,4,,,,,,,,,,,,,,,,,,,,0,1,0,1,1,,2,1,,0,60,4,1,,,,,,,,,,,,,,,,,0,,,,,,,,,,,,,,,,,,,,,,,,,,
02/07/2018,17:06,Grand Union Blvd & Great River Rd,Somerville,MA,3,2,1,7,1,3,2,1,4,,1,1,,,,,,,,,,,,,,,,,0,0,0,,,,,0,,,,,,,,,,,,,,,,,,,,,,0,,,,,,,,,,,,,,,,,,,,,,,,,,
02/07/2018,17:15,109 Highland Ave,Somerville,MA,"3,4",2,1,1,1,3,2,1,4,,2,99,,,,,,,,,,,,,,,,,0,0,0,,,,,0,,,,,,,,,,,,,,,,,,,,,,0,,,,,,,,,,,,,,,,,,,,,,,,,,
02/08/2018,15:40,Holland St & Simpson Ave,Somerville,MA,1,2,1,3,1,3,2,1,3,,1,99,,,,,,,,,,,,,,,,,0,0,0,,,,,0,,,,,,,,,,,,,,,,,,,,,,0,,,,,,,,,,,,,,,,,,,,,,,,,,
02/13/2018,8:17,Somerville Ave & Washington St,Somerville,MA,1,1,3,2,1,1,1,6,1,,,,,,,,,,,,,,,,,,,,0,1,0,1,1,,2,1,,0,46,2,1,,,,,,,,,,,,,,,,,0,,,,,,,,,,,,,,,,,,,,,,,,,,
02/18/2018,10:17,10 Franklin St,Somerville,MA,1,"1,3",1,1,4,1,1,2,1,,,,,,,,,,,,,,,,,,,,0,0,1,,,utility pole,,1,,0,51,4,1,,,,,,,,,,,,,,,,,0,,,,,,,,,,,,,,,,,,,,,,,,,,
02/20/2018,10:14,Elm St & Linden Ave,Somerville,MA,1,1,1,3,1,2,2,2,97,,1,1,,,,,,,,,,,,,,,,,0,0,0,,,,,0,,,,,,,,,,,,,,,,,,,,,,1,,,,,,,,,,,,,,,,,,,,,,,,,,
02/27/2018,15:24,Blakely Ave & McGrath Hwy,Somerville,MA,1,1,3,3,3,3,2,2,1,,2,1,,,,,,,,,,,,,,,,,0,0,0,,,,,1,,1,30,3,1,,,,,,,,,,,,,,,,,1,,,,,,,,,,,,,,,,,,,,,,,,,,
02/28/2018,4:30,48 Ash Ave,Somerville,MA,1,1,1,1,1,1,1,2,1,,,,,,,,,,,,,,,,,,,,0,0,1,,,rock wall,,0,,,,,,,,,,,,,,,,,,,,,,0,moving truck,,,,,,,,,,,,,,,,,,,,,,,,,
03/01/2018,12:30,Grant St & Jaques St,Somerville,MA,1,1,2,2,1,3,2,1,1,,2,1,,,,,,,,,,,,,,,,,0,0,0,,,,,0,,,,,,,,,,,,,,,,,,,,,,0,,,,,,,,,,,,,,,,,,,,,,,,,,
03/01/2018,17:30,North St & Osgood St,Somerville,MA,1,1,2,3,1,3,2,1,19,,1,1,,,,,,,,,,,,,,,,,0,0,0,,,,,0,,,,,,,,,,,,,,,,,,,,,,0,,,,,,,,,,,,,,,,,,,,,,,,,,
03/02/2018,18:29,Broadway & Bay State Ave,Somerville,MA,3,2,1,3,4,1,1,1,1,,,,,,,,,,,,,,,,,,,,0,1,0,1,2,,1,1,,1,29,2,1,,,,,,,,,,,,,,,,,0,,,,,,,,,,,,,,,,,,,,,,,,,,
03/04/2018,16:00,Blakely Ave & Garfield Ave,Somerville,MA,1,1,2,2,1,3,2,1,1,,2,1,,,,,,,,,,,,,,,,,0,0,0,,,,,0,,,,,,,,,,,,,,,,,,,,,,0,,,,,,,,,,,,,,,,,,,,,,,,,,
03/06/2018,8:12,Cherry St & Summer St,Somerville,MA,1,1,2,3,1,3,2,1,1,,1,1,,,,,,,,,,,,,,,,,0,0,0,,,,,1,,0,29,4,1,,,,,,,,,,,,,,,,,0,,,,,,,,,,,,,,,,,,,,,,,,,,
03/10/2018,15:16,Holland St & Irving St,Somerville,MA,1,1,1,2,1,3,2,1,4,,1,1,,,,,,,,,,,,,,,,,0,0,0,,,,,0,,,,,,,,,,,,,,,,,,,,,,0,,,,,,,,,,,,,,,,,,,,,,,,,,
03/14/2018,13:25,133 Middlesex Ave,Somerville,MA,2,2,1,1,1,3,2,1,4,,2,1,,,,,,,,,,,,,,,,,0,0,0,,,,,0,,,,,,,,,,,,,,,,,,,,,,0,,,,,,,,,,,,,,,,,,,,,,,,,,
03/14/2018,14:36,Beacon St & Park St,Somerville,MA,1,2,4,2,99,3,2,2,99,,1,99,,,,,,,,,,,,,,,,,0,0,0,,,,,0,,,,,,,,,,,,,,,,,,,,,,0,,,,,,,,,,,,,,,,,,,,,,,,,,
03/15/2018,21:29,Washington St & Mount Vernon St,Somerville,MA,1,1,2,3,1,3,2,1,4,,1,2,,,,,,,,,,,,,,,,,0,0,0,,,,,0,,,,,,,,,,,,,,,,,,,,,,0,,,,,,,,,,,,,,,,,,,,,,,,,,
03/16/2018,6:40,Highland Ave & School St,Somerville,MA,1,4,3,2,1,1,1,1,3,,,,,,,,,,,,,,,,,,,,0,1,0,1,2,,5,1,,1,50,4,0,,,,,,,,,,,,,,,,,0,,,,,,,,,,,,,,,,,,,,,,,,,,
03/16/2018,20:27,Broadway & Cedar St,Somerville,MA,1,1,3,3,1,2,2,1,1,,1,99,,,,,,,,,,,,,,,,,0,0,0,,,,,1,,1,35,4,1,,,,,,,,,,,,,,,,,0,,,,,,,,,,,,,,,,,,,,,,,,,,
03/17/2018,18:49,509 Broadway,Somerville,MA,1,1,1,1,3,2,2,1,99,,2,99,,,,,,,,,,,,,,,,,0,0,0,,,,,0,,,,,,,,,,,,,,,,,,,,,,0,,,,,,,,,,,,,,,,,,,,,,,,,,
03/20/2018,18:23,Broadway & Norwood Ave,Somerville,MA,1,1,2,3,1,3,2,1,99,,1,1,,,,,,,,,,,,,,,,,0,0,0,,,,,1,,0,34,3,1,,,,,,,,,,,,,,,,,0,,,,,,,,,,,,,,,,,,,,,,,,,,
03/22/2018,15:56,27 Highland Ave,Somerville,MA,"2,1",2,unk,9,2,3,2,1,1,,1,4,,,,,,,,,,,,,,,,,0,0,0,,,,,1,2,0,62,3,1,0,37,3,1,,,,,,,,,,,,,0,,,,,,,,,,,,,,,,,,,,,,,,,,
03/23/2018,9:05,120 Temple St,Somerville,MA,1,1,1,1,1,2,3,1,99,,1,99,,1,99,,,,,,,,,,,,,,0,0,0,,,,,0,,,,,,,,,,,,,,,,,,,,,,0,,,,,,,,,,,,,,,,,,,,,,,,,,
03/23/2018,9:24,Florence St & Pearl St,Somerville,MA,1,1,2,2,1,3,2,1,4,,2,1,,,,,,,,,,,,,,,,,0,0,0,,,,,0,,,,,,,,,,,,,,,,,,,,,,0,,,,,,,,,,,,,,,,,,,,,,,,,,
03/24/2018,13:22,328 Broadway,Somerville,MA,1,1,1,1,4,4,2,1,99,,1,99,,,,,,,,,,,,,,,,,0,0,0,,,,,1,2,0,33,4,0,0,75,4,0,,,,,,,,,,,,,0,,,,,,,,,,,,,,,,,,,,,,,,,,
03/26/2018,9:25,280 Elm St,Somerville,MA,1,1,1,1,4,4,2,2,4,,2,1,,,,,,,,,,,,,,,,,0,0,0,,,,,0,,,,,,,,,,,,,,,,,,,,,,0,,,,,,,,,,,,,,,,,,,,,,,,,,
03/26/2018,15:53,32 Powder House Blvd,Somerville,MA,1,1,1,1,1,3,2,1,1,,1,4,,,,,,,,,,,,,,,,,0,0,0,,,,,0,,,,,,,,,,,,,,,,,,,,,,0,,,,,,,,,,,,,,,,,,,,,,,,,,
03/28/2018,5:30,39 Medford St,Somerville,MA,1,1,1,1,2,2,2,1,20,,1,1,,,,,,,,,,,,,,,,,0,0,0,,,,,0,,,,,,,,,,,,,,,,,,,,,,0,,,,,,,,,,,,,,,,,,,,,,,,,,
03/29/2018,19:50,Holland St & Winter St,Somerville,MA,3,2,1,3,1,1,1,2,4,,,,,,,,,,,,,,,,,,,,0,1,0,1,1,,7,1,,0,38,3,1,,,,,,,,,,,,,,,,,0,,,,,,,,,,,,,,,,,,,,,,,,,,
03/31/2018,16:00,Broadway & Wallace St,Somerville,MA,1,1,5,3,1,2,2,2,1,,1,1,,,,,,,,,,,,,,,,,0,0,0,,,,,0,,,,,,,,,,,,,,,,,,,,,,0,,,,,,,,,,,,,,,,,,,,,,,,,,
04/02/2018,9:43,Medford St & South St,Somerville,MA,4,2,2,3,1,3,2,2,4,,2,1,,,,,,,,,,,,,,,,,0,0,0,,,,,0,,,,,,,,,,,,,,,,,,,,,,0,,,,,,,,,,,,,,,,,,,,,,,,,,
04/06/2018,17:10,175 Middlesex Ave,Somerville,MA,1,1,1,1,2,3,2,1,6,,2,1,,,,,,,,,,,,,,,,,0,0,0,,,,,0,,,,,,,,,,,,,,,,,,,,,,0,,,,,,,,,,,,,,,,,,,,,,,,,,
04/06/2018,unk,Broadway & Franklin St,Somerville,MA,5,2,3,3,4,1,1,1,99,,,,,,,,,,,,,,,,,,,,1,0,0,1,2,,5,0,,,,,,,,,,,,,,,,,,,,,,0,,,,,,,,,,,,,,,,,,,,,,,,,,
04/08/2018,20:45,Somerville Ave & Quincy St,Somerville,MA,1,1,1,3,2,1,1,1,1,,,,,,,,,,,,,,,,,,,,1,0,0,10,2,,2,1,,1,30,3,0,,,,,,,,,,,,,,,,,0,,,,,,,,,,,,,,,,,,,,,,,,,,
04/08/2018,20:42,Broadway & Boston Ave,Somerville,MA,1,1,3,2,1,2,2,1,5,,1,1,,,,,,,,,,,,,,,,,0,0,0,,,,,0,,,,,,,,,,,,,,,,,,,,,,0,,,,,,,,,,,,,,,,,,,,,,,,,,
04/09/2018,13:43,35 Prescott St,Somerville,MA,1,1,1,1,1,4,2,1,19,,1,1,,,,,,,,,,,,,,,,,0,0,0,,,,,0,,,,,,,,,,,,,,,,,,,,,,0,,,,,,,,,,,,,,,,,,,,,,,,,,
04/10/2018,17:51,265 Medford St,Somerville,MA,3,2,3,2,1,2,2,1,5,,2,1,,,,,,,,,,,,,,,,,0,0,0,,,,,0,,,,,,,,,,,,,,,,,,,,,,0,,,,,,,,,,,,,,,,,,,,,,,,,,
04/10/2018,20:54,129 Central St,Somerville,MA,1,1,1,1,1,6,2,2,8,,1,1,,,,,,,,,,,,,,,,,0,0,0,,,,,0,,,,,,,,,,,,,,,,,,,,,,0,,,,,,,,,,,,,,,,,,,,,,,,,,
04/11/2018,8:30,Temple St & Heath St,Somerville,MA,1,1,1,2,2,3,2,1,1,,1,1,,,,,,,,,,,,,,,,,0,0,0,,,,,0,,,,,,,,,,,,,,,,,,,,,,0,,,,,,,,,,,,,,,,,,,,,,,,,,
04/12/2018,19:15,Broadway & Norwood Ave,Somerville,MA,3,2,2,3,1,3,2,2,4,,1,1,,,,,,,,,,,,,,,,,0,0,0,,,,,1,,0,31,4,0,,,,,,,,,,,,,,,,,0,,,,,,,,,,,,,,,,,,,,,,,,,,
04/13/2018,2:35,117 Washington St,Somerville,MA,1,1,1,1,1,1,1,1,21,,,,,,,,,,,,,,,,,,,,0,0,1,,,"tree, street sign, utility pole",,0,,,,,,,,,,,,,,,,,,,,,,0,,,,,,,,,,,,,,,,,,,,,,,,,,
04/15/2018,11:11,Lowell St & Hudson St,Somerville,MA,5,2,2,2,1,3,2,1,99,,1,99,,,,,,,,,,,,,,,,,0,0,0,,,,,0,,,,,,,,,,,,,,,,,,,,,,0,,,,,,,,,,,,,,,,,,,,,,,,,,
04/15/2018,11:58,Beacon St & Sacramento St,Somerville,MA,3,2,2,3,1,3,2,1,4,,1,1,,,,,,,,,,,,,,,,,0,0,0,,,,,0,,,,,,,,,,,,,,,,,,,,,,0,,,,,,,,,,,,,,,,,,,,,,,,,,
04/17/2018,9:03,Grand Union Blvd,Somerville,MA,1,1,1,1,1,5,2,1,1,,1,6,,,,,,,,,,,,,,,,,0,0,0,,,,,0,,,,,,,,,,,,,,,,,,,,,,0,,,,,,,,,,,,,,,,,,,,,,,,,,
04/19/2018,10:04,Columbus Ave & Washington St,Somerville,MA,5,2,2,3,2,3,2,1,4,,1,1,,,,,,,,,,,,,,,,,0,0,0,,,,,0,,,,,,,,,,,,,,,,,,,,,,0,,,,,,,,,,,,,,,,,,,,,,,,,,
04/21/2018,23:12,Central St & Highland Ave,Somerville,MA,1,1,3,3,1,1,1,2,4,,,,,,,,,,,,,,,,,,,,1,0,0,2,2,,2,1,,1,30,99,0,,,,,,,,,,,,,,,,,0,,,,,,,,,,,,,,,,,,,,,,,,,,
04/22/2018,15:37,182 Central St,Somerville,MA,1,1,1,1,1,1,1,1,20,,,,,,,,,,,,,,,,,,,,0,0,1,,,tree,,1,,1,38,4,1,,,,,,,,,,,,,,,,,0,,,,,,,,,,,,,,,,,,,,,,,,,,
04/23/2018,12:36,Broadway & College Ave,Somerville,MA,1,1,1,7,1,1,1,1,9,10,,,,,,,,,,,,,,,,,,,0,0,1,,,utility pole,,1,,1,74,4,1,,,,,,,,,,,,,,,,,0,,,,,,,,,,,,,,,,,,,,,,,,,,
04/24/2018,14:44,854 Broadway,Somerville,MA,1,1,2,7,1,4,2,1,1,,1,4,,,,,,,,,,,,,,,,,0,0,0,,,,,0,,,,,,,,,,,,,,,,,,,,,,0,,,,,,,,,,,,,,,,,,,,,,,,,,
04/26/2018,23:19,Grand Union Blvd & Great River Rd,Somerville,MA,3,1,5,7,99,3,2,1,9,10,1,1,,,,,,,,,,,,,,,,,0,0,0,,,,,0,,,,,,,,,,,,,,,,,,,,,,0,,,,,,,,,,,,,,,,,,,,,,,,,,
04/28/2018,18:04,Highland Ave & Cutter Ave,Somerville,MA,1,1,3,3,4,4,2,2,1,,1,3,4,,,,,,,,,,,,,,,,0,0,0,,,,,0,,,,,,,,,,,,,,,,,,,,,,0,,,,,,,,,,,,,,,,,,,,,,,,,,
04/29/2018,13:16,515 Somerville Ave,Somerville,MA,1,1,1,1,1,1,1,1,99,,,,,,,,,,,,,,,,,,,,0,0,1,,,"fence, pole",,1,,1,80,99,1,,,,,,,,,,,,,,,,,0,,,,,,,,,,,,,,,,,,,,,,,,,,
04/29/2018,15:48,Fellsway & Middlesex Ave,Somerville,MA,"2,3",2,1,1,3,2,2,1,99,,1,99,,,,,,,,,,,,,,,,,0,0,0,,,,,0,,,,,,,,,,,,,,,,,,,,,,0,,,,,,,,,,,,,,,,,,,,,,,,,,
04/30/2018,7:32,Prescott St & Summer St,Somerville,MA,1,1,2,2,1,3,2,1,1,,2,1,,,,,,,,,,,,,,,,,0,0,0,,,,,0,,,,,,,,,,,,,,,,,,,,,,0,,,,,,,,,,,,,,,,,,,,,,,,,,